player_id,year,team,position,age
05acd04d-bff0-58aa-8ac8-843458f740f5,1958,England,Forward,24.0
a6cb677c-c3b8-5013-b20f-7b213b198f0e,2022,United States,Forward,22.0
f450d67c-2ad0-5052-9450-d559568dae61,1966,Bulgaria,Forward,32.0
cb2815a6-1881-5197-9b8f-fbf35d2a3c4c,2006,Togo,Defender,31.0
4ae54ba2-ab91-5924-8b8f-e1fbb43f8769,1998,Cameroon,Defender,20.0
56a50952-58c4-5bc5-a7a8-d63e1020080e,2014,Italy,Defender,28.0
21e66c80-88e4-53eb-9b55-7a23fb429589,1954,Uruguay,Forward,24.0
ad15a474-93b8-5743-8db2-32462232c711,1954,France,Goalkeeper,27.0
ad15a474-93b8-5743-8db2-32462232c711,1958,France,Goalkeeper,31.0
8023c745-a734-57b2-8e99-61e7471f083d,2002,Italy,Goalkeeper,25.0
7aba5e24-1921-5e98-ad4e-8b9ff9727bf5,2006,Argentina,Goalkeeper,34.0
b8f4b7a2-e7d7-5a1a-9bbb-dffd0a2758f4,1994,Saudi Arabia,Defender,32.0
80b4e62e-0ca6-5433-85c9-96e64b8abc3f,1990,Egypt,Forward,23.0
92194dee-ee36-559d-b4ce-2c2a93bc257b,2018,Egypt,Defender,33.0
3f5b7dcb-fe32-5173-8791-2e8762245688,1990,Egypt,Midfielder,33.0
0ed124e9-631a-54e0-ae02-d2b5ce3cf71c,1990,Egypt,Midfielder,31.0
24952f9c-2c90-5054-88d9-4cc2a214afb2,1994,Morocco,Defender,28.0
1b35888f-6295-5682-b587-767bd2fe701b,2022,Tunisia,Defender,29.0
5da12d6d-fd9d-5d51-8689-2d9009a46d16,1978,Iran,Defender,27.0
924fa004-bf0d-5236-9eac-b1728ff791bd,2010,Algeria,Midfielder,24.0
fc78058e-969a-59c6-a3a5-31ee552a26f9,2022,Ghana,Midfielder,22.0
d7fd4f06-59a3-5a05-a544-191a8a3cbb52,2002,Saudi Arabia,Defender,25.0
d7fd4f06-59a3-5a05-a544-191a8a3cbb52,2006,Saudi Arabia,Defender,29.0
452feaa5-63c2-5ab0-9e68-7b2a358eae66,1998,Saudi Arabia,Defender,21.0
7ea15d0a-c0d2-5486-a6fa-a0c87f70eaf4,2022,Saudi Arabia,Defender,23.0
7ad972d0-c041-5f91-8e3c-9dc10e3e6e85,1994,Saudi Arabia,Forward,35.0
450e641e-1222-581f-9314-6120a7157963,2018,Nigeria,Defender,25.0
03f113c1-caae-528a-abde-ad5075dc0e6f,1990,United Arab Emirates,Midfielder,28.0
cc936063-225e-5374-b356-065a76056442,2010,Japan,Midfielder,29.0
a5f1dbaa-e7e0-5166-ae38-634952e3ad3f,1998,Iran,Goalkeeper,32.0
b902f779-5d29-5c14-a6e0-5c3a294294b3,2018,Iran,Goalkeeper,25.0
b902f779-5d29-5c14-a6e0-5c3a294294b3,2022,Iran,Goalkeeper,29.0
bb0a5be4-97b3-5217-9484-3c55263af408,1982,Cameroon,Midfielder,28.0
c8a289ff-5138-53b2-af4a-22d0b6eee8e8,1938,Switzerland,Forward,29.0
c8a289ff-5138-53b2-af4a-22d0b6eee8e8,1934,Switzerland,Forward,25.0
47f0d850-5350-5a5a-be82-3dbf943696e0,1978,Brazil,Defender,26.0
e37ced18-4894-5beb-9c9b-a69bd014cd90,1994,Spain,Defender,24.0
e37ced18-4894-5beb-9c9b-a69bd014cd90,1998,Spain,Defender,28.0
6189b47b-1da0-557e-a7cf-29ff1b65f4d6,1962,Argentina,Midfielder,25.0
f20eda3a-cb93-5ad0-8813-562ab07c3904,1986,Iraq,Forward,31.0
e02454c5-6a2e-57e2-9483-751f6375e560,2010,France,Defender,31.0
e02454c5-6a2e-57e2-9483-751f6375e560,2006,France,Defender,27.0
8f0be337-ac81-50fa-8476-5f5f02b99b82,1990,Spain,Goalkeeper,27.0
8f0be337-ac81-50fa-8476-5f5f02b99b82,1986,Spain,Goalkeeper,23.0
184d19c7-0023-5a65-a5ed-24bb869879c3,1974,Australia,Forward,28.0
692d5444-9f9c-53f3-989c-916d00579df1,2014,Cameroon,Forward,22.0
692d5444-9f9c-53f3-989c-916d00579df1,2022,Cameroon,Forward,30.0
692d5444-9f9c-53f3-989c-916d00579df1,2010,Cameroon,Forward,18.0
478ea319-5e3d-5713-896e-52548e440ffb,2022,Morocco,Midfielder,22.0
cf438969-e2f4-5781-a9ff-bf3a452576ef,1990,Egypt,Midfielder,28.0
a74a8f1c-4b5e-59ea-b9ef-2792fe952fbb,1938,Sweden,Goalkeeper,29.0
e889d245-78d9-5729-97e3-cf7880af3e01,1978,West Germany,Forward,22.0
5da19b86-6733-567e-8f4b-6aaf23f01d48,1998,Morocco,Defender,29.0
5e254d81-a537-5fd2-b723-11722cabb810,2006,Angola,Defender,32.0
45aa1621-5ccc-50a0-ad8f-a2254eb239bf,2010,Uruguay,Forward,34.0
45aa1621-5ccc-50a0-ad8f-a2254eb239bf,2002,Uruguay,Forward,26.0
57206f81-0b24-5804-936a-a4032f01786b,1982,Peru,Goalkeeper,30.0
d200d0dd-02af-55ae-b1b6-01217ba4a4f1,1962,Colombia,Forward,24.0
db8a34f6-5776-5b80-b6de-816eed58c4eb,1998,Paraguay,Goalkeeper,23.0
87f24025-9958-5183-a8b2-ec9c4e3d909a,1958,Argentina,Defender,21.0
6b8f3d4d-65fa-505f-87e3-624305e0796b,1986,Uruguay,Defender,27.0
e1ba305a-fffa-5069-be1e-47c01370f60e,1970,El Salvador,Forward,24.0
980c0268-6f3e-56bc-97c9-dccbad63578b,2014,Ecuador,Defender,29.0
1a08d94f-295e-575c-87fc-380ce6d97262,1950,Bolivia,Defender,33.0
7ee4cf00-1b6e-52ff-a088-4e34a1201f10,1958,Paraguay,Defender,22.0
4b017f0c-a10f-5426-b597-845b1233d914,2018,Costa Rica,Defender,35.0
4b017f0c-a10f-5426-b597-845b1233d914,2014,Costa Rica,Defender,31.0
45d73c71-df34-5fb5-a151-c7dc2cb79e08,2022,United States,Midfielder,27.0
97f201e1-3406-58d0-951a-0d46f5821c4a,2014,Ghana,Midfielder,22.0
e745c01f-7751-51fa-9baf-8c49cde38a2c,1998,Chile,Midfielder,23.0
072c6054-c568-5fb9-ae7b-fdb3265f5a85,1950,Spain,Goalkeeper,27.0
58fc463f-7063-541e-b077-cbfb82d5aadf,2018,Argentina,Defender,27.0
58fc463f-7063-541e-b077-cbfb82d5aadf,2022,Argentina,Defender,31.0
3dc74b55-bf2d-5b83-8649-121a5dd716c7,2002,Paraguay,Midfielder,30.0
3dc74b55-bf2d-5b83-8649-121a5dd716c7,2006,Paraguay,Midfielder,34.0
3dc74b55-bf2d-5b83-8649-121a5dd716c7,1998,Paraguay,Midfielder,26.0
7f4a388c-e52b-5a37-8460-1a18de40c301,1990,Brazil,Goalkeeper,31.0
530db0fd-6145-5eca-acbb-14f8907ed2df,1982,New Zealand,Defender,23.0
4356cf40-0676-5542-afa3-0ff2c78c762c,1970,Romania,Goalkeeper,29.0
a411f294-e560-5295-b1b9-e21b75e78f06,1970,Czechoslovakia,Forward,28.0
a411f294-e560-5295-b1b9-e21b75e78f06,1962,Czechoslovakia,Forward,20.0
b153a5d7-1318-59fc-84be-2dd2a83f9b32,1930,Belgium,Forward,27.0
bc81da45-b079-54f4-b69a-bdb381d72db9,2014,Ghana,Goalkeeper,25.0
9be45e2e-782d-5877-96bc-9d9750deb612,1998,England,Defender,32.0
3d6cd9a3-7ca6-576a-a0de-1884f75b170a,2022,United States,Midfielder,23.0
5fdd088e-39ec-51be-9d90-464737ae89d2,1962,England,Midfielder,33.0
fdda705b-2ce0-540c-8f6d-4dfabbf51b5c,2006,Ghana,Defender,28.0
395d7c0b-ec76-5b6a-a8c4-81cf55e50051,2006,Ghana,Forward,31.0
29b82710-f591-506e-b466-bc56663284dc,2010,Ghana,Defender,25.0
52a7a937-9bbc-5fea-a88b-61395892fda0,2006,Togo,Forward,22.0
f2db908f-f62e-577f-9b90-ba28a7fbc754,2022,Canada,Defender,27.0
76bdc990-5ae1-5abc-bee8-c50074814c69,1966,Spain,Midfielder,27.0
76bdc990-5ae1-5abc-bee8-c50074814c69,1962,Spain,Midfielder,23.0
eed20e6c-aae9-5629-8444-b1704be05d33,2010,Nigeria,Defender,22.0
8b08b945-5e20-5acc-8c9c-966a53f587ab,1950,Brazil,Forward,28.0
de7bf951-df1a-5695-a527-e1d8ed10fb84,1994,Nigeria,Midfielder,24.0
de7bf951-df1a-5695-a527-e1d8ed10fb84,2002,Nigeria,Midfielder,32.0
de7bf951-df1a-5695-a527-e1d8ed10fb84,1998,Nigeria,Midfielder,28.0
cbf379af-07d5-581c-b563-69d1072ba02f,2022,Germany,Forward,20.0
a46d6ea8-7e1c-53c4-ad33-983b11931b2a,2010,Ghana,Forward,21.0
07df70fd-a249-5f26-9165-88fb8c150132,2006,Ghana,Goalkeeper,26.0
07ae2a05-93e0-521a-83ac-22a36b0208b4,1970,Brazil,Goalkeeper,24.0
c41dce96-d593-51fe-9366-4cb7f43cefb7,2014,Ghana,Midfielder,27.0
139bdcc1-19e5-5b3c-8d8f-2bd5246292f7,2006,Brazil,Forward,24.0
52429be9-022b-5ce0-95da-656f6280faf1,2018,Peru,Defender,28.0
054b6673-e100-5f3c-ade1-d06b011dfcd1,1950,Brazil,Forward,27.0
da85d3aa-ae52-5e2d-aafc-18ed5459b115,2022,Switzerland,Midfielder,25.0
9de1f173-f7fe-5998-b781-cb64b4246275,1938,Switzerland,Forward,28.0
586e46fb-49d7-5b96-9546-f62a7f0a00cf,1938,Switzerland,Forward,28.0
d8230e63-39a0-5de4-bffd-b21ef9c2c35f,2010,Netherlands,Midfielder,24.0
629651a6-3c42-56eb-bc4c-a908b08421a5,2014,Ghana,Defender,28.0
3c5ff5b3-5da7-57de-8582-3a1144df2603,2022,Qatar,Forward,26.0
1029942f-0cc2-5a3b-b103-bf268a6af765,2010,Nigeria,Defender,30.0
1029942f-0cc2-5a3b-b103-bf268a6af765,2002,Nigeria,Defender,22.0
3fc044ed-894b-5be3-b612-15e67aafbda9,1966,Soviet Union,Defender,27.0
3fc044ed-894b-5be3-b612-15e67aafbda9,1970,Soviet Union,Defender,31.0
df13a9fa-d304-5158-a5d9-0b22d3171f14,1938,Brazil,Midfielder,24.0
7f2d4b76-ed6d-528a-a5e9-372602a90484,2022,Ghana,Midfielder,21.0
526f655d-8f24-5780-9c1a-234fc5fa447e,2006,Togo,Goalkeeper,28.0
1f81e672-448c-59b8-a590-b229aa2c9ef9,2014,Nigeria,Goalkeeper,30.0
c0d56a83-4ae3-5738-9cd7-5dddbcfcf763,1994,Cameroon,Defender,27.0
a61f0073-804b-5b49-ad4d-b94febc6020d,2006,Togo,Midfielder,29.0
313d2748-4c45-55ca-9257-38146c6a7b68,1994,Nigeria,Goalkeeper,28.0
658da350-1005-52a9-929d-af5327f66d39,2010,Denmark,Defender,26.0
569d8610-74c9-5f2b-8338-69b12ea00556,2002,Nigeria,Forward,20.0
06ab6da5-e247-5139-8333-44e93cd3b4c7,2002,United States,Defender,34.0
06ab6da5-e247-5139-8333-44e93cd3b4c7,1998,United States,Defender,30.0
9bf28500-9450-5bf3-beb2-1402e518bd1f,1978,Tunisia,Midfielder,27.0
b4c0690b-6349-5c3a-92d9-63fd8f8a4045,1994,Nigeria,Goalkeeper,27.0
432b256a-fbcb-5af1-8243-17362f96fe06,2022,Morocco,Defender,26.0
a1cc8b80-3d74-5137-b43c-54db272fbbd8,2018,Colombia,Midfielder,33.0
a1cc8b80-3d74-5137-b43c-54db272fbbd8,2014,Colombia,Midfielder,29.0
42d1c649-637f-5f11-abfa-99398772b2cb,2014,Mexico,Defender,28.0
42d1c649-637f-5f11-abfa-99398772b2cb,2010,Mexico,Defender,24.0
b31f3a65-1bf7-5f10-9111-c5a030b07076,1958,Paraguay,Goalkeeper,25.0
1e5493b7-07e4-5eb0-9ff9-57e00313bf9e,2022,Costa Rica,Midfielder,19.0
7beeaa97-582d-58ca-8a20-1629a4604b8d,1990,Uruguay,Forward,26.0
7beeaa97-582d-58ca-8a20-1629a4604b8d,1986,Uruguay,Forward,22.0
5ef0b968-4604-5f0c-ab87-97d2b2689266,1998,Spain,Defender,29.0
09405042-cb73-592d-a58b-1cd675d02b76,1998,Paraguay,Defender,23.0
6e18ffbc-07cb-5a5d-aeaa-e09fd3339aa2,1930,Chile,Forward,27.0
794aa711-a7d9-5e48-a6f0-d649e21ed6bc,1958,Paraguay,Forward,23.0
21f5210d-72ed-5d97-aded-c3be95efca06,2002,Ecuador,Midfielder,34.0
31fc201d-b5ce-56ca-b626-c4f5cbaea4a9,1930,Paraguay,Midfielder,
c30e70de-be06-52ec-9cd2-a371be6443cd,1986,Mexico,Midfielder,28.0
e78bcd78-769c-5bc4-a733-160564824187,2010,Ghana,Goalkeeper,21.0
4c59a2a8-2d90-57ac-ba0e-66e805585b50,2014,Ghana,Midfielder,24.0
c413af2b-c109-57b4-b1e3-f487d3f725f8,1958,Paraguay,Forward,23.0
af46def5-ccd3-5925-91e3-a872c02fea51,2018,Argentina,Forward,30.0
af46def5-ccd3-5925-91e3-a872c02fea51,2014,Argentina,Forward,26.0
af46def5-ccd3-5925-91e3-a872c02fea51,2010,Argentina,Forward,22.0
914e999b-6b05-5552-861a-4c0fc01f9a6e,1974,Sweden,Midfielder,22.0
716c27c6-26e5-548f-9902-e4297dd6aff4,2014,Iran,Goalkeeper,34.0
b30ea944-e8f6-5ca7-8dc0-d4c80c1db486,2022,Qatar,Defender,23.0
28f42416-a4a8-51f8-9420-369caf1a7cdc,2006,Ghana,Defender,24.0
753f74c6-c30d-5526-9ec4-5387d19f315b,2010,South Korea,Forward,34.0
753f74c6-c30d-5526-9ec4-5387d19f315b,2002,South Korea,Forward,26.0
753f74c6-c30d-5526-9ec4-5387d19f315b,2006,South Korea,Forward,30.0
f5835a39-e6b8-5d1c-ae61-a4d645d491e8,2010,Ghana,Goalkeeper,22.0
49bd54d2-820e-5420-a7e6-2f0e2200c841,1974,Chile,Forward,26.0
248e2e27-c9ec-5cfc-bd90-97265f84c920,2022,Ghana,Defender,27.0
ceb4ab2d-f67e-5fe5-b20b-3d441682c9ad,1990,Austria,Defender,24.0
b486bb8a-aa18-57dc-b295-9ff677fad55c,2002,Argentina,Midfielder,23.0
b486bb8a-aa18-57dc-b295-9ff677fad55c,2006,Argentina,Midfielder,27.0
7f797f78-1726-5c17-ae27-de056954314c,1954,Scotland,Defender,28.0
0c5ae754-8b98-57d4-8e1e-529ee6583298,2006,Angola,Defender,22.0
0b4675b6-65da-50de-af98-eb186e809689,1990,Scotland,Defender,32.0
0b4675b6-65da-50de-af98-eb186e809689,1986,Scotland,Defender,28.0
8a36319d-a10b-570a-a991-a4db84176eb3,2010,Nigeria,Goalkeeper,27.0
82555b7d-39ba-5372-a6ce-c4ff77ce47b1,2006,Ivory Coast,Midfielder,25.0
5c961558-f213-5b5d-b3b5-3043ed4ab2ab,2018,Switzerland,Defender,23.0
5c961558-f213-5b5d-b3b5-3043ed4ab2ab,2022,Switzerland,Defender,27.0
c373d0d4-8afa-5f6b-a8e0-7e9c9202fd83,1954,Turkey,Defender,19.0
32f83e45-0a9f-5e94-a0b2-329784c57465,1978,Tunisia,Forward,29.0
b2162461-710f-5d87-a95f-231c7c04403d,2018,Russia,Goalkeeper,32.0
b2162461-710f-5d87-a95f-231c7c04403d,2014,Russia,Goalkeeper,28.0
6129a896-0f67-57a9-a935-ced13250558d,2002,Japan,Defender,32.0
6129a896-0f67-57a9-a935-ced13250558d,1998,Japan,Defender,28.0
ccf220ea-781a-56a7-8c36-54773e0c5c98,2006,Togo,Defender,26.0
457f6fc0-6593-534d-992a-cb46a83d4761,2014,Ivory Coast,Defender,22.0
b2754a39-20ff-5ebb-bc2b-03e784cbd13e,2018,Nigeria,Goalkeeper,32.0
1aded221-65a7-5b82-872b-3d5d71fb551d,2002,Nigeria,Forward,28.0
a18b646f-048d-5816-96ab-9603fa33c1bc,2006,Angola,Forward,29.0
d91f9e8e-5d47-5d8f-afab-59f4c40920dd,2002,Turkey,Defender,25.0
18317fc0-a252-5d7c-b2d9-34c3f0ccfc7d,2022,Netherlands,Defender,27.0
22765343-894e-5e88-88cc-b23180080cfd,2022,Saudi Arabia,Midfielder,32.0
0370a1fb-5c96-5cf7-98a3-278ff39c0022,2022,Saudi Arabia,Forward,27.0
10ada0b0-f8ac-5b72-aed2-a3023ca6c56b,2022,Saudi Arabia,Defender,25.0
d28a215e-4952-5f82-9248-899efb64bc3b,1994,Saudi Arabia,Defender,26.0
c539072f-cfe0-523c-a267-977e67c89658,1982,Kuwait,Forward,28.0
0d9e7ab3-95ea-5dc9-95ee-f92c4601f746,1998,Saudi Arabia,Goalkeeper,24.0
c126933e-1764-54f2-a43b-89c6583d464a,2022,Saudi Arabia,Goalkeeper,22.0
684cd8f1-270c-5f9a-b079-8d5c86b745ce,2006,Saudi Arabia,Defender,26.0
5a74fee6-05c9-590b-92da-a8f91f3b7a91,1994,Saudi Arabia,Midfielder,29.0
284b7b90-c5a6-5847-bf4f-a096816455e1,2006,Saudi Arabia,Defender,19.0
b03b91e9-38f0-54d7-b224-1669c07272fc,2018,Saudi Arabia,Defender,26.0
b03b91e9-38f0-54d7-b224-1669c07272fc,2022,Saudi Arabia,Defender,30.0
f0cf6168-dc54-56f6-8bf9-e3f9bc140b0e,2018,Saudi Arabia,Defender,29.0
f0cf6168-dc54-56f6-8bf9-e3f9bc140b0e,2022,Saudi Arabia,Defender,33.0
73fde2d9-62c2-5f6e-a835-060306b7d2a3,1982,Kuwait,Forward,20.0
948dfd9e-dbb2-5543-806b-e391d03da901,1982,Kuwait,Forward,22.0
7802afa5-d84a-59ec-bd0f-fa1cce6415a2,2022,Saudi Arabia,Forward,22.0
1a2ff9a7-a1dc-5b4a-87ad-8e3e0834532d,1982,Kuwait,Forward,25.0
1566f86a-e8c1-541b-9cfc-5ce8d0bcecf2,1994,Saudi Arabia,Defender,26.0
14958643-cc31-5955-983f-0d8ae446f7ad,2022,Saudi Arabia,Midfielder,24.0
887f45c6-eab1-55f1-b636-edde8636b893,2018,Saudi Arabia,Midfielder,27.0
887f45c6-eab1-55f1-b636-edde8636b893,2022,Saudi Arabia,Midfielder,31.0
de98a3a1-0382-5d96-99ae-4399d9ce6f97,1994,Saudi Arabia,Goalkeeper,22.0
de98a3a1-0382-5d96-99ae-4399d9ce6f97,2002,Saudi Arabia,Goalkeeper,30.0
de98a3a1-0382-5d96-99ae-4399d9ce6f97,2006,Saudi Arabia,Goalkeeper,34.0
de98a3a1-0382-5d96-99ae-4399d9ce6f97,1998,Saudi Arabia,Goalkeeper,26.0
025bf1ef-c20c-5839-9a19-49cb4bd19779,2002,Saudi Arabia,Defender,26.0
025bf1ef-c20c-5839-9a19-49cb4bd19779,2006,Saudi Arabia,Defender,30.0
025bf1ef-c20c-5839-9a19-49cb4bd19779,1998,Saudi Arabia,Defender,22.0
ba757a37-40c5-5d79-afc2-7e77a0574f98,1994,Saudi Arabia,Defender,25.0
7b1363fc-1a15-5c70-8b6b-ee7ddc32396b,2002,Saudi Arabia,Midfielder,29.0
7b1363fc-1a15-5c70-8b6b-ee7ddc32396b,1998,Saudi Arabia,Midfielder,25.0
c7bac3fa-35fe-5658-b85a-e7b75e2f69ac,2002,Saudi Arabia,Forward,27.0
c7bac3fa-35fe-5658-b85a-e7b75e2f69ac,1998,Saudi Arabia,Forward,23.0
1e8b620e-ee66-5c36-8537-ba346bf77abe,2018,Saudi Arabia,Midfielder,29.0
1e8b620e-ee66-5c36-8537-ba346bf77abe,2022,Saudi Arabia,Midfielder,33.0
9100edbf-32e3-5351-bcbd-74196cae6337,2002,Saudi Arabia,Midfielder,23.0
9100edbf-32e3-5351-bcbd-74196cae6337,2006,Saudi Arabia,Midfielder,27.0
7faae68d-95fd-542b-b740-9ca49052df6d,1982,Kuwait,Midfielder,21.0
d997cc47-e670-5fb2-a600-b3b7708264ab,2022,Saudi Arabia,Defender,28.0
e75dfaf0-85f7-58a6-b7b9-ad862f5a1467,1994,Saudi Arabia,Forward,21.0
f6fbe192-b250-5748-9634-5613293e6427,1990,United Arab Emirates,Defender,24.0
a7ae4fef-7686-5474-aa05-2a9d011a9e17,1982,Kuwait,Forward,22.0
f8915c85-2d6a-5a27-89b4-56fdca948274,2022,Qatar,Midfielder,21.0
fce273a7-2ad8-5d11-8151-d85d668e5e4b,2022,Qatar,Midfielder,26.0
7536c4db-bb20-5bf0-b368-d35721e20e1b,1998,Saudi Arabia,Midfielder,23.0
1d2f609e-1a2e-5e66-b4f4-ad48470d834a,2018,Saudi Arabia,Defender,31.0
00863d59-ac63-5869-afcb-ff36ca4afce7,2002,Saudi Arabia,Defender,26.0
7588d93e-d705-54e6-a02b-85c0deb8dfe5,2006,Saudi Arabia,Forward,22.0
0aa6bfee-7dff-554b-9017-c1e3c3a38674,1982,Kuwait,Defender,23.0
3d0616b0-a7d7-577b-9e69-f9455d95e6ec,2022,Saudi Arabia,Midfielder,25.0
afc71b03-a4b9-56f0-8b46-cf0e8c8aa256,2022,Qatar,Midfielder,32.0
e4d9ad38-ec14-543a-ae81-43bc44726039,1994,Saudi Arabia,Goalkeeper,22.0
9fbf9bd1-b43e-5c0a-98d5-55edf89376a9,1982,Kuwait,Midfielder,28.0
43429881-5514-5d84-8fc1-fbd002dcfcd9,1994,Saudi Arabia,Forward,22.0
43429881-5514-5d84-8fc1-fbd002dcfcd9,2002,Saudi Arabia,Forward,30.0
43429881-5514-5d84-8fc1-fbd002dcfcd9,2006,Saudi Arabia,Forward,34.0
43429881-5514-5d84-8fc1-fbd002dcfcd9,1998,Saudi Arabia,Forward,26.0
3719956b-26b5-5234-a103-9a864335e25e,2002,Saudi Arabia,Defender,28.0
3719956b-26b5-5234-a103-9a864335e25e,1998,Saudi Arabia,Defender,24.0
f0bedfb0-33ee-5685-b955-4b383911bf79,1998,Saudi Arabia,Defender,24.0
c5b640bb-5e48-5695-8bbf-419f94a76ab7,1982,Kuwait,Defender,23.0
ed85bcce-c83a-5c4f-a0de-217f1ce868d2,2018,Saudi Arabia,Midfielder,34.0
410aa51b-47d3-5e21-9a8b-6a09271d7ad9,2002,Saudi Arabia,Forward,25.0
1526a95c-7fbe-576e-b8ca-76880c4ab697,2018,Saudi Arabia,Midfielder,22.0
fdf133a4-5e69-5812-b209-70b569b18867,2018,Saudi Arabia,Midfielder,32.0
b4da91ea-c3b1-562e-af64-4002f288d1a6,2002,Saudi Arabia,Defender,29.0
b4da91ea-c3b1-562e-af64-4002f288d1a6,2006,Saudi Arabia,Defender,33.0
d331c601-4a86-596f-b3b9-a6ba76101227,1994,Saudi Arabia,Defender,23.0
d331c601-4a86-596f-b3b9-a6ba76101227,1998,Saudi Arabia,Defender,27.0
acb0fbb8-1192-5012-8333-936408732bc0,2002,Saudi Arabia,Goalkeeper,29.0
738693f9-6b6d-536e-afc7-3a48ad827973,2022,Saudi Arabia,Midfielder,28.0
ee60dc79-9976-5e34-ac16-9467904e5ee4,2018,Saudi Arabia,Goalkeeper,31.0
b6e3f9da-7097-58ba-983e-cb2d485485f5,1994,Saudi Arabia,Forward,24.0
b6e3f9da-7097-58ba-983e-cb2d485485f5,1998,Saudi Arabia,Forward,28.0
74f34ab7-c1f7-521e-81ce-2575c632e5fa,2018,Saudi Arabia,Midfielder,30.0
66a06945-2110-51df-9131-3efdf68fc8a4,2006,Saudi Arabia,Defender,24.0
aea0aa6c-3765-5504-b55d-bb4f2c93446a,2018,Saudi Arabia,Goalkeeper,34.0
038202cc-6c09-5527-8f74-d3d39e29083f,2018,Saudi Arabia,Forward,24.0
56ad3822-6cad-5d82-8c02-fa936c1bfe7a,1994,Saudi Arabia,Midfielder,23.0
56ad3822-6cad-5d82-8c02-fa936c1bfe7a,1998,Saudi Arabia,Midfielder,27.0
015783e3-28c2-5f4b-8eb6-bf1462af5531,2022,Saudi Arabia,Midfielder,25.0
7ed89c99-3f1f-53a6-a297-aa179b6ba1a1,1994,Saudi Arabia,Midfielder,27.0
7ed89c99-3f1f-53a6-a297-aa179b6ba1a1,1998,Saudi Arabia,Midfielder,31.0
799899d4-7547-5a6c-920f-1e88102ad69f,2018,Saudi Arabia,Goalkeeper,27.0
799899d4-7547-5a6c-920f-1e88102ad69f,2022,Saudi Arabia,Goalkeeper,31.0
7bb0eb59-123d-5a2d-897a-423da47fd65d,1982,Kuwait,Defender,23.0
18d2f76d-ed3f-5aff-a190-6c296ab99d12,2006,Saudi Arabia,Defender,27.0
9ec7a133-8dbe-59b9-adac-209b819f7e5a,2006,Saudi Arabia,Forward,24.0
26d8cc14-cfe4-5918-8aed-ddbc8ea96ac2,2022,Qatar,Defender,25.0
b026bcd4-cd73-5b87-b262-5d084b8d7cc1,2022,Saudi Arabia,Goalkeeper,25.0
58dbd762-0662-5461-a6f5-cfd772da4cd2,1994,Saudi Arabia,Goalkeeper,21.0
58dbd762-0662-5461-a6f5-cfd772da4cd2,1998,Saudi Arabia,Goalkeeper,25.0
112e2f1a-16ee-5222-ac99-734cec9ac217,2018,Saudi Arabia,Forward,31.0
5cfb4a3f-89a3-5e8b-b342-a2e89958b332,2002,Saudi Arabia,Midfielder,28.0
5cfb4a3f-89a3-5e8b-b342-a2e89958b332,1998,Saudi Arabia,Midfielder,24.0
fd2a89f8-d287-56f1-afdc-c2e65b773159,2018,Saudi Arabia,Defender,26.0
fd2a89f8-d287-56f1-afdc-c2e65b773159,2022,Saudi Arabia,Defender,30.0
adbe1895-d4e8-5446-a373-e2bc75876599,2002,Saudi Arabia,Midfielder,22.0
adbe1895-d4e8-5446-a373-e2bc75876599,2006,Saudi Arabia,Midfielder,26.0
d53b911f-03e6-52f0-a662-1b8adab4e96e,2022,Qatar,Goalkeeper,32.0
6f395a50-bd0d-52a3-86f7-93f5981b6b9f,2002,Saudi Arabia,Defender,22.0
84599a75-3b9e-5b38-b03b-e116a36265e0,2022,Saudi Arabia,Forward,29.0
9e07b12d-737c-5dfd-b07d-7617a3650a00,2018,Saudi Arabia,Midfielder,28.0
bec1b451-9a1c-5e92-ad28-ef7c03e955f7,1982,Kuwait,Defender,22.0
3b20ae17-17ac-5e31-bda5-b00769ec52e2,1982,Kuwait,Midfielder,24.0
f8df7100-969a-570b-a66a-be8925ffa908,1994,Saudi Arabia,Defender,23.0
ad5f418f-9dbf-5fa0-90c1-4acd70edaf41,1990,United Arab Emirates,Forward,26.0
1eb53d4b-8832-550d-a53e-b9f162bd27cc,2022,Saudi Arabia,Defender,23.0
ee33ceae-61ce-5360-9a27-6686c3892714,1982,Kuwait,Goalkeeper,35.0
b25dc950-7630-57ba-bfb8-d7eb2008fa40,2002,Saudi Arabia,Midfielder,26.0
b25dc950-7630-57ba-bfb8-d7eb2008fa40,2006,Saudi Arabia,Midfielder,30.0
b25dc950-7630-57ba-bfb8-d7eb2008fa40,1998,Saudi Arabia,Midfielder,22.0
eeb34aab-7df7-592d-8a0b-4ee3d6c9124d,2002,Saudi Arabia,Defender,23.0
4b27be9c-8346-54a2-82b8-4080d15eb061,1998,Saudi Arabia,Midfielder,35.0
487d5cb5-4e7e-5743-a50f-bbe770261d9a,2002,Saudi Arabia,Midfielder,27.0
21b6a86f-7540-5a5a-9e36-bb26202ccabc,2002,Saudi Arabia,Forward,30.0
2fceb342-d240-5e2d-bca4-7ae80b4fa4ed,2022,Qatar,Forward,29.0
7ef21185-2f31-5021-b709-b2372f0d32ab,1970,Bulgaria,Defender,23.0
7ef21185-2f31-5021-b709-b2372f0d32ab,1974,Bulgaria,Defender,27.0
73c84916-e017-5080-99c6-2a9a30c47ba5,1970,Morocco,Forward,21.0
52eb0793-775d-568f-b5b9-691a1de9fc3e,1994,Morocco,Goalkeeper,28.0
760fc5bb-bb79-596a-81e6-d700fdcd8421,2018,Spain,Defender,29.0
760fc5bb-bb79-596a-81e6-d700fdcd8421,2014,Spain,Defender,25.0
760fc5bb-bb79-596a-81e6-d700fdcd8421,2022,Spain,Defender,33.0
55685dea-e9a7-537e-a5f6-10c576eb845d,1934,Argentina,Midfielder,27.0
28427cda-7fe5-5ee9-8a65-0c06c12ab21d,2002,Spain,Midfielder,25.0
28427cda-7fe5-5ee9-8a65-0c06c12ab21d,2006,Spain,Midfielder,29.0
6a5f4065-ff5a-5daf-a30d-98fc2c0c760c,1966,Hungary,Midfielder,25.0
6a5f4065-ff5a-5daf-a30d-98fc2c0c760c,1962,Hungary,Midfielder,21.0
7341cb58-bc5c-57c1-b93d-ce8068d66951,1994,Belgium,Defender,27.0
7341cb58-bc5c-57c1-b93d-ce8068d66951,1990,Belgium,Defender,23.0
36f7ffaf-6c03-5aae-889a-575b39025d51,1994,Italy,Midfielder,23.0
36f7ffaf-6c03-5aae-889a-575b39025d51,1998,Italy,Midfielder,27.0
c2170b23-4c53-5fde-ab89-399a99036b26,1970,Brazil,Defender,26.0
0515afd4-7c3d-5e0d-a545-0d549af17645,1986,Spain,Defender,28.0
1d2da1c2-b256-5aa6-a6cd-03292d4908a0,1966,Italy,Goalkeeper,27.0
1d2da1c2-b256-5aa6-a6cd-03292d4908a0,1970,Italy,Goalkeeper,31.0
1d2da1c2-b256-5aa6-a6cd-03292d4908a0,1974,Italy,Goalkeeper,35.0
1d2da1c2-b256-5aa6-a6cd-03292d4908a0,1962,Italy,Goalkeeper,23.0
08084d06-2065-5016-8dc3-7096cd3f79a5,2014,Spain,Defender,29.0
08084d06-2065-5016-8dc3-7096cd3f79a5,2010,Spain,Defender,25.0
1ee936de-eda6-5609-9648-06c8b6a06932,1986,Scotland,Defender,29.0
c7e71daa-6691-561b-8105-c0c92ddd1bbd,2014,Chile,Defender,24.0
3d632ab6-3747-5051-a532-0bd844b11824,1930,Bolivia,Forward,20.0
1a0b585c-ef5f-5aa5-b7e4-ccabeed0ba66,1934,Germany,Midfielder,27.0
06f1f37f-634d-5e84-be68-60d8ffa8727b,1970,Czechoslovakia,Forward,20.0
c28a5464-9ae2-5fe3-bf02-fde40e445c02,1966,Argentina,Defender,25.0
c28a5464-9ae2-5fe3-bf02-fde40e445c02,1962,Argentina,Defender,21.0
cc4f7746-1ed9-5338-92aa-d01ff33b6e99,2006,United States,Defender,27.0
0c0bf29c-d67a-5807-82e7-520e1ab6bd48,1934,Romania,Defender,25.0
89a7ed00-6746-51d4-90a3-2c36bcf8687f,2010,Paraguay,Defender,28.0
ad8ec732-011d-5652-b8f0-f41af4c668e5,1986,Paraguay,Forward,26.0
7f97e65e-0fcc-534b-a64f-36dd40765d46,1934,France,Forward,23.0
47f24b13-4077-5c1b-8f67-881f972d1b8f,1966,Brazil,Forward,21.0
59c98852-f42b-57a3-819d-16cb0a93b5c2,1994,Brazil,Defender,29.0
59c98852-f42b-57a3-819d-16cb0a93b5c2,1990,Brazil,Defender,25.0
59c98852-f42b-57a3-819d-16cb0a93b5c2,1998,Brazil,Defender,33.0
af5f4eee-06d1-5aac-8ec7-8d7bc0c77e4f,2018,Belgium,Defender,29.0
af5f4eee-06d1-5aac-8ec7-8d7bc0c77e4f,2014,Belgium,Defender,25.0
af5f4eee-06d1-5aac-8ec7-8d7bc0c77e4f,2022,Belgium,Defender,33.0
0c4b8b2c-f480-5ded-b7dd-1aafe3e95a3a,1994,Republic of Ireland,Forward,36.0
0c4b8b2c-f480-5ded-b7dd-1aafe3e95a3a,1990,Republic of Ireland,Forward,32.0
b272faa9-cf08-5feb-ad4e-fc83f701e200,1990,Soviet Union,Midfielder,29.0
b272faa9-cf08-5feb-ad4e-fc83f701e200,1986,Soviet Union,Midfielder,25.0
2349ffcc-9dae-564b-a1fa-f3ac8b495a2d,1970,Mexico,Defender,26.0
a71c1f4b-5fd6-5f88-899a-2b8b7f807ca0,1994,Bulgaria,Forward,32.0
dc26e614-25e5-5df6-8668-a0e988e0f6ad,1990,Brazil,Midfielder,29.0
dc26e614-25e5-5df6-8668-a0e988e0f6ad,1986,Brazil,Midfielder,25.0
2a24c7df-186c-51dd-97be-d36fc38f91e1,2014,Iran,Defender,32.0
9acf4a7e-6fab-5b61-a952-e3b0216e307a,2002,Russia,Midfielder,30.0
cd1295ee-4508-54b9-9be4-c0f210c87540,2018,England,Defender,20.0
cd1295ee-4508-54b9-9be4-c0f210c87540,2022,England,Defender,24.0
7c25d824-17f0-5d7e-b387-a0f515e84053,2002,Sweden,Midfielder,31.0
7c25d824-17f0-5d7e-b387-a0f515e84053,2006,Sweden,Midfielder,35.0
3c00ca3b-7f2d-577b-b81d-73e5efb14c25,1994,Greece,Forward,26.0
bedbac93-2bc5-5cff-922a-f79c352e5e2e,1982,Spain,Defender,26.0
ac052614-8245-5af1-bd23-fe2487139511,1994,Greece,Defender,31.0
5b158f6d-d53a-5ce4-ab42-b7fb8912bb05,1994,Greece,Forward,22.0
aa56179b-7d16-552e-87dd-82c96726bc63,1982,El Salvador,Midfielder,26.0
89c08e03-ce3c-510f-838d-761a7705c65a,2006,Costa Rica,Goalkeeper,29.0
78aca29f-5a1d-5500-aad1-c497e82545ec,1998,Spain,Forward,26.0
1208ae00-2807-5a4f-bdb2-829ff4a27ea0,1950,Brazil,Forward,30.0
6461184d-caae-5e91-8c1a-4a137fbfadb3,1954,Brazil,Defender,30.0
deab1d1c-4598-5423-b4fa-53dcb53d1d97,1974,Brazil,Defender,28.0
c76a1201-21d7-5e0e-a3b9-19c5cebcd2d1,1950,Bolivia,Forward,24.0
bb6f067d-b5ba-5a84-ac82-3be5a2457628,2022,Qatar,Forward,26.0
fab331f1-dd7c-58ed-a791-52e3c4b7a855,1986,Iraq,Midfielder,30.0
e2f2043c-144c-507e-8f68-8ef7d48d7e6b,2018,Brazil,Goalkeeper,26.0
e2f2043c-144c-507e-8f68-8ef7d48d7e6b,2022,Brazil,Goalkeeper,30.0
e82edd33-ed16-5b38-b7ae-7bb222952d7c,1994,Spain,Defender,26.0
e82edd33-ed16-5b38-b7ae-7bb222952d7c,1990,Spain,Defender,22.0
e82edd33-ed16-5b38-b7ae-7bb222952d7c,1998,Spain,Defender,30.0
566d8da3-c2b0-565a-8749-335e096c59b7,1978,Iran,Defender,24.0
5b6f1a49-646c-5513-9a67-f1c7d039a0d3,1974,Scotland,Goalkeeper,28.0
820f68a8-3cd7-52a2-8e6b-31746b290491,1986,Iraq,Defender,26.0
a5f0dd4a-9170-58ad-b266-021bc15bbae6,1986,Iraq,Defender,28.0
f769d9ca-8004-59e2-8681-5f85315b90dd,2002,Sweden,Forward,29.0
f769d9ca-8004-59e2-8681-5f85315b90dd,2006,Sweden,Forward,33.0
0db683ef-07f8-5422-88e4-a170e770e65b,1958,Wales,Forward,29.0
5da4cfbe-3235-57c0-b08b-f7c153d43ba6,1958,Wales,Midfielder,25.0
c3cda777-9406-5cf2-bbf0-69f810e14a3f,1934,Italy,Defender,31.0
73c3799a-b418-5b4a-8396-3ff6cd40b203,1962,Switzerland,Midfielder,26.0
fc0ea1a2-5a70-5e2f-80de-4c33265f3da1,1966,Switzerland,Defender,24.0
091fb7c8-09d3-52fc-838b-c8b4e6b92f04,2022,Wales,Midfielder,32.0
9fd99126-36c0-5768-869f-2ec66a5e2887,1986,West Germany,Midfielder,29.0
9b3e025f-4743-587d-b29b-b20daf8b9b02,2018,England,Midfielder,22.0
51dc4b85-c975-5a39-8177-6d1afbe82d38,1986,West Germany,Forward,30.0
8509de87-c2c8-530e-998c-ec5e0bdbdbe3,1982,West Germany,Forward,23.0
fffe5ea3-55f1-5400-811a-419320b7163c,2022,Argentina,Midfielder,21.0
9d7cc851-4974-5e30-97a0-a52812b0dc58,2014,Portugal,Defender,24.0
d55853e7-3f98-5761-81ba-c31f8ad8ecb6,2014,Portugal,Forward,30.0
d55853e7-3f98-5761-81ba-c31f8ad8ecb6,2010,Portugal,Forward,26.0
c537b213-36d3-525e-a439-66ba711ada49,1934,Brazil,Forward,24.0
721bd94a-6fa6-55ab-a9bd-606f3b7c2538,2002,Argentina,Midfielder,29.0
721bd94a-6fa6-55ab-a9bd-606f3b7c2538,1998,Argentina,Midfielder,25.0
9b57c888-9542-50cf-aa0c-075d78b9850b,1938,Sweden,Midfielder,30.0
35131d76-67b5-551c-9c34-3977e188e8ed,1986,Argentina,Forward,28.0
4a801c26-1330-5bf2-ae98-9fa629d4b1ef,1982,New Zealand,Defender,31.0
c5cec9a3-5451-51af-838b-0b1c4275249c,2002,Cameroon,Midfielder,23.0
f17e8d52-144c-5e7f-953e-2c1d2f8d6277,2006,Australia,Forward,30.0
a923e269-1b03-5a4f-99d1-1911b28e76d0,1986,Paraguay,Forward,25.0
0b8c3315-12ce-5984-b7d1-ccb004e5931e,1950,Spain,Defender,27.0
e9f8d00d-8f8d-5714-9cd4-8dcb02aa8c21,1978,Argentina,Midfielder,25.0
64a4fd2b-903b-5c12-a3ad-8048c51a3a62,1982,Spain,Midfielder,29.0
465ffb3a-2db2-588a-a47a-a138a23ea7a2,2014,Spain,Midfielder,33.0
465ffb3a-2db2-588a-a47a-a138a23ea7a2,2010,Spain,Midfielder,29.0
465ffb3a-2db2-588a-a47a-a138a23ea7a2,2006,Spain,Midfielder,25.0
e387849a-a4b7-52bc-9d24-0dab3dbaeed5,1938,Cuba,Forward,27.0
5e3800ec-b6f2-5094-bfd2-dec521dc9d49,1974,Australia,Forward,25.0
3667e488-ab8f-5f44-8671-b46a9dcf9167,1962,Italy,Forward,24.0
4b8709de-cca2-5625-9164-1931743cdd34,1958,Brazil,Forward,20.0
347981bb-fd38-5e41-972b-d485bf6be00b,1966,Brazil,Defender,28.0
347981bb-fd38-5e41-972b-d485bf6be00b,1962,Brazil,Defender,24.0
7c0afd01-decf-54f0-9e8e-0b01b2b5bf42,2014,United States,Forward,25.0
7c0afd01-decf-54f0-9e8e-0b01b2b5bf42,2010,United States,Forward,21.0
a6a97d0d-7059-5b81-bce1-28d6029bdf52,1986,Italy,Forward,31.0
a6a97d0d-7059-5b81-bce1-28d6029bdf52,1982,Italy,Forward,27.0
4e3f3506-52fe-5bf6-b801-606a8ea672e5,2022,Costa Rica,Goalkeeper,33.0
2029a5c8-dd6e-536e-a887-759f249be24c,2022,Mexico,Forward,24.0
a02b8c76-1c22-5fc5-a9d7-31a5e9b500e3,2002,Paraguay,Midfielder,32.0
36a89b52-8661-554c-8bd2-959a095a8174,2006,Sweden,Goalkeeper,24.0
4926b0dd-c36e-5ad1-88d2-4a0f9e8a4789,2018,Portugal,Defender,37.0
4926b0dd-c36e-5ad1-88d2-4a0f9e8a4789,2014,Portugal,Defender,33.0
4926b0dd-c36e-5ad1-88d2-4a0f9e8a4789,2010,Portugal,Defender,29.0
206a78f9-3ad3-5f08-9ddb-f32c2041c8a4,2014,Brazil,Defender,31.0
206a78f9-3ad3-5f08-9ddb-f32c2041c8a4,2022,Brazil,Defender,39.0
206a78f9-3ad3-5f08-9ddb-f32c2041c8a4,2010,Brazil,Defender,27.0
cb6a3270-6580-5c26-9a6e-53cfc7af8ccb,1990,Uruguay,Forward,34.0
cb6a3270-6580-5c26-9a6e-53cfc7af8ccb,1986,Uruguay,Forward,30.0
d87fb516-a569-57eb-a49e-0020e2c821fb,1962,Colombia,Defender,29.0
862b0187-e34a-5960-8e33-8af8674615c2,1950,Italy,Forward,29.0
fb087eb4-d93b-5607-a0bd-d007defe5ec3,1986,Mexico,Defender,27.0
c894e6ef-645f-5f45-ab5e-be922157ea91,1938,Switzerland,Forward,26.0
760c335a-7271-515b-b2c6-28e4094f8278,2022,Morocco,Midfielder,26.0
b6adb3cf-dc7e-5b37-bee0-e4e420cb0c8e,1986,Morocco,Midfielder,30.0
7235e5ea-7844-5a56-bb4f-366c8d980f7a,1966,Spain,Forward,27.0
e60eaa59-9a64-5f0a-b015-c1d233bbc51a,1986,Algeria,Goalkeeper,27.0
e60eaa59-9a64-5f0a-b015-c1d233bbc51a,1982,Algeria,Goalkeeper,23.0
b8c77db9-aa6e-53e4-8deb-41e45b1efdb5,1978,Brazil,Defender,24.0
d8c38054-29e0-5b4e-b4e1-c34a6b4992b7,1962,Brazil,Forward,23.0
54ea862a-4030-5ab7-a00d-8801ab5eb65a,1958,Paraguay,Forward,23.0
c5e52739-4bf0-52ad-9d47-a6d3b3b8036d,2022,Ghana,Defender,28.0
cced91cb-475d-58f0-8c2d-99c4823122dc,1954,Uruguay,Forward,22.0
5fbe3234-2541-5414-b53a-40f09e58f6a4,2014,Nigeria,Defender,26.0
27f7770a-c7db-54e9-8bbc-6ad88e469596,2006,Ecuador,Defender,26.0
35ec4ef3-021d-5c45-8f21-6f6612e15a85,1994,Mexico,Defender,29.0
1c7d0ece-0107-5d6c-be99-7245e701a444,2006,Saudi Arabia,Midfielder,26.0
758e7a1a-8a89-5f65-860a-6ccf875c3762,2006,Italy,Goalkeeper,24.0
42bc66fc-d223-5ec8-88ce-04a28788dc19,2014,Nigeria,Forward,33.0
6a321c36-4d89-5227-a510-efa6deee8f4a,1998,Austria,Midfielder,24.0
c814f6bc-f74a-5e15-9359-21fb036a1f59,2018,Iran,Midfielder,30.0
c814f6bc-f74a-5e15-9359-21fb036a1f59,2022,Iran,Midfielder,34.0
9bafafc2-ecc2-595f-9c58-be3720b08fd3,2010,Ghana,Forward,30.0
9bafafc2-ecc2-595f-9c58-be3720b08fd3,2006,Ghana,Forward,26.0
3122b91a-59c8-53f3-949c-445510437cdc,1994,Nigeria,Forward,22.0
3122b91a-59c8-53f3-949c-445510437cdc,1998,Nigeria,Forward,26.0
ada13374-1572-52b2-aece-4831dd6615ce,1998,Spain,Midfielder,31.0
3720a5b8-1f90-5eeb-bd76-716bae631792,2014,Portugal,Midfielder,29.0
3720a5b8-1f90-5eeb-bd76-716bae631792,2010,Portugal,Midfielder,25.0
e531705f-0eb8-5312-ad77-b499fe636568,1986,France,Defender,24.0
e531705f-0eb8-5312-ad77-b499fe636568,1982,France,Defender,20.0
981ef7db-81d1-5b42-9050-0cbb76a57947,2022,Wales,Defender,22.0
0643ddc2-c6f9-5285-b2b1-9d6047021415,2018,Morocco,Midfielder,31.0
c29e9f2d-c653-523b-b189-1cc0d7b7f120,2018,Morocco,Midfielder,22.0
c29e9f2d-c653-523b-b189-1cc0d7b7f120,2022,Morocco,Midfielder,26.0
982019db-83e9-59b5-b374-b1548ded03b3,1934,United States,Midfielder,
42cf4d43-2f88-58b9-b042-21337040b356,1938,Norway,Defender,25.0
16feead4-5d70-562a-9844-df28241a4b3b,1994,Nigeria,Midfielder,24.0
94b79bc7-0834-5596-bff1-541d2406687e,1998,Morocco,Midfielder,25.0
87ad48f9-3c75-55e2-8fa8-4a837b9d394c,1966,Portugal,Goalkeeper,33.0
f6ea01be-da01-5943-aa4e-b55443677463,1930,Mexico,Midfielder,23.0
25d2796a-0bdc-56d7-8e05-db361dcd1fdc,2010,North Korea,Forward,23.0
fbf74d05-68ad-5c82-b36a-32436f4501d0,1994,South Korea,Defender,29.0
ae03db84-d8a0-568c-be3b-3616e13477b7,2002,China,Goalkeeper,21.0
9c22eae0-9e2c-5607-a3f4-49f040ecea9c,1966,North Korea,Midfielder,20.0
7c6ffd71-49af-505d-9323-805939f8db01,2010,North Korea,Midfielder,32.0
b07283e3-7103-544e-872a-810b142a01e3,1974,Italy,Forward,26.0
54bc49b6-0c0a-54d1-8149-c9e743a4ac49,1990,Italy,Midfielder,31.0
54bc49b6-0c0a-54d1-8149-c9e743a4ac49,1986,Italy,Midfielder,27.0
79b102c0-7b0b-51eb-a6bf-d00de63b3eae,1970,Uruguay,Defender,22.0
a514d6c6-0a19-5959-9f98-708fb6a43bf0,1998,Cameroon,Goalkeeper,30.0
165f2307-6371-5975-ad76-1eba0c2c5c55,1938,Netherlands,Midfielder,35.0
165f2307-6371-5975-ad76-1eba0c2c5c55,1934,Netherlands,Midfielder,31.0
384b0258-838d-5b29-9298-303e69fd033a,1986,Denmark,Defender,21.0
2cf7262e-f3f0-53db-996a-8d3b36d6f940,2022,Denmark,Defender,26.0
4e0bd5d5-031a-59ff-8674-fa8b158cfbcf,1938,Norway,Defender,23.0
2c8e5c07-316b-52ea-8e7b-6bb60f7fd1ce,2010,Denmark,Goalkeeper,29.0
a8aafee7-5467-5656-8807-52e7f45bc006,1954,Scotland,Goalkeeper,25.0
a6de7699-e4e9-5ff1-9fe0-6b52219d29c0,1962,England,Midfielder,29.0
4f7a65fc-9138-50cf-90e8-7ad8d6f9f776,1986,England,Defender,30.0
4f7a65fc-9138-50cf-90e8-7ad8d6f9f776,1982,England,Defender,26.0
f607cd74-b57f-5f55-8922-40f1eb84b52d,2002,Sweden,Forward,28.0
d247bb6c-d91d-5976-9dc9-3648f5eed179,1974,Sweden,Defender,23.0
339796f7-8d1e-5e7a-ba21-9481d38a5269,2002,Sweden,Midfielder,25.0
339796f7-8d1e-5e7a-ba21-9481d38a5269,2006,Sweden,Midfielder,29.0
63ecce59-e8e2-525f-a115-b4dc7511db89,1934,Sweden,Midfielder,25.0
e19c8219-daf2-5be9-b1a2-19e7c0090316,1938,Sweden,Forward,25.0
f6804938-78a2-5570-827f-457accc951ec,1994,Sweden,Forward,27.0
8d3b757b-2d1a-54dc-b4d9-b03b4169a485,1978,Sweden,Defender,20.0
ea829d51-bd19-50f7-820c-3b5816665eb6,1934,Sweden,Defender,24.0
28c8da2d-aa99-5916-9d62-36f7f834444c,1994,Sweden,Defender,23.0
28c8da2d-aa99-5916-9d62-36f7f834444c,2002,Sweden,Defender,31.0
96f185a2-d78b-5606-9e16-92374a938b81,1978,Sweden,Defender,28.0
ba9a9989-e2f1-5e09-82a3-055c4f3d7726,1978,Sweden,Defender,29.0
b6645db9-3e26-534b-84c3-1a7609ac9d4a,1950,Sweden,Midfielder,29.0
8fecf7a6-bce2-5fe6-9ea9-eebe62da514b,1934,Sweden,Defender,27.0
d054644e-e221-5fc2-ba50-70fe1388d61b,1990,Sweden,Goalkeeper,27.0
b27eca75-ca69-583a-9da9-c690a6b3b02c,1938,Sweden,Forward,21.0
442a7b27-419c-586d-8006-a9faf373e1d8,1998,England,Midfielder,26.0
3760d5a0-26f7-5b9c-b974-e61980c22f58,1930,France,Defender,22.0
96afc49f-78de-5035-984a-5e58c7ee6751,1990,Romania,Defender,30.0
5f9c4940-a007-5224-a4e4-fe4c5b239a9d,1994,Bulgaria,Forward,27.0
16243a28-b772-52e4-946b-1b44e2acf636,2002,Portugal,Defender,24.0
43794bd7-1498-5ed8-8f5c-3b35220d3deb,1930,Uruguay,Midfielder,29.0
850367d7-c5e2-5740-9d30-21e310e96c78,1938,Norway,Midfielder,25.0
d3a7b16a-a5de-5e0e-882a-a72cfa75d1e9,1938,Italy,Midfielder,26.0
7423ce85-8739-5a62-8603-0d836eb3c87a,1938,Norway,Forward,24.0
cd22b7c4-b2b1-514c-8fab-252fe1bdc577,2006,Trinidad and Tobago,Defender,31.0
665701bf-66f1-5bde-9cee-c6ecd6c079b5,1982,Soviet Union,Forward,26.0
d572f5e2-faaa-54c9-a4c7-1cd51eb3b5dd,1990,Spain,Defender,26.0
c60e8328-56a8-531e-a55c-30db12401352,1986,Hungary,Goalkeeper,30.0
6da980ad-8987-56dd-8d59-f437d5ae668a,1986,Portugal,Midfielder,29.0
e0af7009-001e-5bd0-a684-500f99e02f2b,1974,Haiti,Defender,28.0
7ee49181-61ea-598d-b98c-c6c61fcd1044,2014,Argentina,Goalkeeper,31.0
7ee49181-61ea-598d-b98c-c6c61fcd1044,2010,Argentina,Goalkeeper,27.0
277268b0-1e61-50d5-b269-b9fbaa4b1a21,2010,France,Forward,31.0
3d3798e4-e278-5cd0-b6f9-541406f30314,1998,Cameroon,Midfielder,24.0
5a341aa6-a66a-5b7e-a1bd-c0d767cac6af,2010,Ivory Coast,Defender,24.0
75246612-450a-54bc-accc-cad457211805,1962,Yugoslavia,Forward,25.0
6a6e2c37-9dae-5050-93a0-d1a58490db2d,2010,Ghana,Midfielder,24.0
c2b2cbe1-907e-52ca-b5e1-7682e57b802b,1950,United States,Defender,22.0
5c68306c-be04-554f-85c5-ff5df1cbcad5,1950,Italy,Defender,25.0
c20a574e-b144-5286-8ab3-19b9a000eaea,1954,Belgium,Forward,32.0
f46f4390-54f5-5d92-aae4-abcd6bbe0acc,2018,Argentina,Defender,32.0
7d7c4b8c-2667-54bb-9b64-4619a391eba5,2018,Iran,Forward,28.0
7d7c4b8c-2667-54bb-9b64-4619a391eba5,2014,Iran,Forward,24.0
7d7c4b8c-2667-54bb-9b64-4619a391eba5,2022,Iran,Forward,32.0
05da9d24-94c9-5045-9d7a-f7e3b43baaa5,1930,Uruguay,Forward,28.0
5c440467-31fc-594b-b3b5-28e651690f0c,1954,Switzerland,Forward,25.0
5c440467-31fc-594b-b3b5-28e651690f0c,1950,Switzerland,Forward,21.0
5c440467-31fc-594b-b3b5-28e651690f0c,1962,Switzerland,Forward,33.0
60f22ebd-b7ea-5c77-9d63-aeba8f2d6915,1978,Italy,Midfielder,24.0
60f22ebd-b7ea-5c77-9d63-aeba8f2d6915,1982,Italy,Midfielder,28.0
15d21786-d4dc-5c95-8d82-5bc8a8efdbd5,1974,Haiti,Midfielder,25.0
27cc7c3d-2ddd-5845-8093-ba53d46f363e,2002,Sweden,Defender,29.0
d9a7f1c6-ce92-58fe-a788-8182a7a668da,2022,Brazil,Forward,22.0
959b8d6a-025a-5389-b254-36de00333c05,2022,Mexico,Forward,25.0
6908389b-4619-5a92-9f9e-c5ed4b17b5c1,1986,Portugal,Defender,29.0
a0bb4b53-090f-5a33-a0be-e4a22299c6a5,1970,Brazil,Defender,19.0
a0bb4b53-090f-5a33-a0be-e4a22299c6a5,1974,Brazil,Defender,23.0
938096a2-dd58-5564-b335-53a1637a3994,1950,Spain,Defender,28.0
af0452eb-8083-5be9-b56c-0b826d15d98c,1994,Saudi Arabia,Midfielder,22.0
af0452eb-8083-5be9-b56c-0b826d15d98c,1998,Saudi Arabia,Midfielder,26.0
f2bc2e25-82ed-5855-935a-f35690d7bcfa,1938,Dutch East Indies,Midfielder,24.0
3709f778-6350-586c-ad4e-52e4446a4c9c,1966,Italy,Goalkeeper,28.0
b46a6387-927b-5b15-8767-7a81fa65eecd,2010,Germany,Defender,23.0
601732a0-719b-5b30-b064-454feb62378d,1982,Cameroon,Defender,27.0
2adfb6df-ad01-5cd9-98aa-95e21a17b3f1,2014,Japan,Midfielder,28.0
db6cf6ea-df72-574f-bc1c-b7fdf63ead99,1950,Bolivia,Midfielder,27.0
23f47234-60a1-5d7d-86aa-86e938898a00,1970,El Salvador,Forward,22.0
beda1185-09eb-5075-979d-6d65b2f702ab,1994,Italy,Defender,27.0
482203d9-d543-58b7-a208-2e46b92c4ad2,1962,Colombia,Defender,23.0
201e663d-46b1-5520-a944-e07f02e04ff6,1994,Greece,Defender,30.0
3067b4a6-c529-5a63-b04e-ac1d3732f5e1,1966,Bulgaria,Defender,25.0
4a4ee20a-09a1-532a-a8d0-110c4fc1b9ec,2010,Ghana,Midfielder,30.0
4a4ee20a-09a1-532a-a8d0-110c4fc1b9ec,2006,Ghana,Midfielder,26.0
1db76de7-fb0d-5698-84f8-a9075eccbc60,1958,Soviet Union,Forward,22.0
b84b101a-b8c0-5c28-a270-e5f07c5c2944,2014,Italy,Midfielder,30.0
0f3fdaa5-b668-5d4a-a0b4-e76030a2aa27,2018,Mexico,Midfielder,28.0
0f3fdaa5-b668-5d4a-a0b4-e76030a2aa27,2014,Mexico,Midfielder,24.0
d7451e29-bcca-53b7-9768-446412ce799e,2018,Peru,Midfielder,23.0
529b9436-d48f-5d9e-af85-cabcc420d47b,1982,El Salvador,Midfielder,33.0
e0532365-2dba-5f00-80cb-7cc8e39dda5f,1986,Bulgaria,Defender,33.0
48eef133-4652-5480-ad10-948f70bbc3ce,1930,Brazil,Forward,25.0
565bb2ec-c1d8-5207-8dc5-68aaf0614788,1998,Spain,Defender,25.0
74b28fe8-9ea9-5033-89a8-733e77c73ab9,1962,Spain,Goalkeeper,25.0
36cab8f3-38b9-5bfa-a250-19a61d5c96d2,2018,Peru,Defender,24.0
969c43cf-ab6e-50ea-aa8a-4f26621283ec,2022,Mexico,Defender,31.0
fe7afdd6-2fd9-5a0f-8bd8-3e324d52009e,1966,Chile,Forward,24.0
5f0f9169-a082-5cc4-b573-2b5d41a65a3d,2022,Uruguay,Defender,23.0
b1f5c7e5-50fa-5eba-94df-9f92b9ac971a,2010,Spain,Defender,27.0
9bf9de96-3eeb-56da-9508-97b3d9a797a3,2022,Ecuador,Defender,31.0
6c2ae927-3dff-5cf8-8720-4ddbecc3554a,1934,Italy,Forward,25.0
0fdf2771-1295-56e7-ad48-40c04ba1370c,2002,Paraguay,Defender,31.0
0fdf2771-1295-56e7-ad48-40c04ba1370c,1998,Paraguay,Defender,27.0
592a5c21-6ce6-5375-a1d4-539f23534154,1986,Scotland,Forward,30.0
592a5c21-6ce6-5375-a1d4-539f23534154,1982,Scotland,Forward,26.0
58c5d2aa-a765-53f1-b3d3-e8992a1fe349,1978,Spain,Goalkeeper,24.0
58c5d2aa-a765-53f1-b3d3-e8992a1fe349,1982,Spain,Goalkeeper,28.0
162f6ed7-9b54-5f41-a190-0eb268496a35,1978,Argentina,Midfielder,26.0
162f6ed7-9b54-5f41-a190-0eb268496a35,1982,Argentina,Midfielder,30.0
2b239df9-ea45-5956-8ae6-30960ab94132,1930,Chile,Forward,22.0
73c420d5-9591-5b5d-829d-0b350bd9cc5b,2002,Mexico,Midfielder,29.0
73c420d5-9591-5b5d-829d-0b350bd9cc5b,2006,Mexico,Midfielder,33.0
73c420d5-9591-5b5d-829d-0b350bd9cc5b,1998,Mexico,Midfielder,25.0
0b50d20d-04cc-5816-a323-6a505f784cd5,1954,Mexico,Forward,19.0
e343417e-5bcd-5bc9-a110-b212ef8b5c29,2002,South Africa,Goalkeeper,35.0
f326cdc3-a144-50bd-9ba1-73e498e1d4fe,2018,France,Goalkeeper,25.0
f326cdc3-a144-50bd-9ba1-73e498e1d4fe,2022,France,Goalkeeper,29.0
1192ba4e-05ab-5568-9857-896c98aff474,1938,Brazil,Midfielder,23.0
9b97ea30-38ad-5c3c-9cf4-35a26d446fec,1930,Bolivia,Midfielder,24.0
e95842cb-176f-58d9-a2c9-2b1a23ed5138,1974,Chile,Defender,30.0
d3d386f8-8483-53ff-b09c-fe336604bec2,1962,Colombia,Forward,24.0
bb2b005b-06e6-5548-b2f7-cd1e477f417e,1938,Cuba,Midfielder,24.0
814e23dc-419b-5d03-a728-7f4bded3eaf7,2018,Colombia,Defender,26.0
814e23dc-419b-5d03-a728-7f4bded3eaf7,2014,Colombia,Defender,22.0
1c06b183-e602-5d1b-b9ce-7cf50a90e51f,1934,Brazil,Midfielder,24.0
831cdeb1-aab0-5ad8-a511-0f587599c800,1994,Colombia,Forward,23.0
831cdeb1-aab0-5ad8-a511-0f587599c800,1998,Colombia,Forward,27.0
15eae874-5baf-501e-bd27-7c3185b2a21b,1982,Peru,Midfielder,25.0
72a67dc9-d531-5232-a70c-0d1cdccc6005,1934,Brazil,Forward,23.0
6d60bb57-22f8-5029-b7bd-88952678a8ed,2018,Argentina,Goalkeeper,32.0
6d60bb57-22f8-5029-b7bd-88952678a8ed,2022,Argentina,Goalkeeper,36.0
47eaa8a6-caf0-5aae-8132-c660abd12bdb,1966,Switzerland,Defender,32.0
d72b18a1-d25f-5b90-bffe-cc77fd1cb370,2014,Colombia,Defender,28.0
df447049-b974-5f8c-9c75-100111e04bf9,1966,England,Defender,31.0
df447049-b974-5f8c-9c75-100111e04bf9,1962,England,Defender,27.0
b4e8984e-73f7-51a3-a68a-6c02a4502a1c,1990,United States,Defender,26.0
0e2e9aff-7a3a-5af9-bed3-da349106d8c2,1986,Northern Ireland,Forward,32.0
0e2e9aff-7a3a-5af9-bed3-da349106d8c2,1982,Northern Ireland,Forward,28.0
c2202c59-d6f1-514f-a901-9db35b392a13,1954,England,Midfielder,30.0
16eea371-f4ab-5e3e-a340-ea7cb17c1eda,1986,Denmark,Midfielder,30.0
270a74de-c4b6-5091-83fb-14183d9a06bb,1998,Chile,Defender,22.0
5ce9f1c9-4e29-52c8-a467-ba63f2e94551,1950,Bolivia,Goalkeeper,29.0
61578386-1af8-56ee-8bba-16fea8ebfc56,2022,Ecuador,Defender,28.0
270f1190-c1e8-58bf-b8bd-4c0aa4e3ec8f,1950,Bolivia,Midfielder,27.0
e4b03716-41d8-563d-ae4a-276a0213ded2,2018,Spain,Goalkeeper,24.0
8aea69db-b8ed-5118-bf15-0d9b8f6d4ebd,2018,Panama,Forward,25.0
51adcc55-6a4b-57c9-b2b4-f2da5f0b5220,2014,Ecuador,Midfielder,27.0
22038275-1447-55dd-b3d3-d2ee7f229d81,1930,Yugoslavia,Midfielder,24.0
d6f3d538-986f-5507-83e6-d69abd351831,2022,Mexico,Defender,24.0
58dab620-db4a-5255-8ae5-d6a67fb600e8,1966,France,Defender,28.0
bf6e828b-817d-5c56-a291-5d51af485b6b,1966,Argentina,Forward,28.0
b9ec403b-edc9-5fb9-9883-50cbc0873a5f,1990,Austria,Defender,24.0
d1ef74d4-2345-5dcf-9f02-8ca49d60d1d8,2018,Australia,Forward,19.0
69af5380-c822-5dc0-8920-f582eb3fcb3f,1982,Honduras,Goalkeeper,28.0
08af9efc-484e-5096-8fc1-520d3c7f8a76,2014,Chile,Midfielder,25.0
f74db480-dfaf-5911-b1c9-0376448ee90e,1950,Bolivia,Midfielder,30.0
1081553c-7e38-5335-914c-c98fedcee7e1,1958,Paraguay,Defender,29.0
b29e85fa-4f86-5c04-bc76-39bf0b6fad23,2014,Uruguay,Midfielder,32.0
b29e85fa-4f86-5c04-bc76-39bf0b6fad23,2010,Uruguay,Midfielder,28.0
085318a5-210c-50dd-8ac3-4ab21dcceeb2,2002,Germany,Forward,24.0
085318a5-210c-50dd-8ac3-4ab21dcceeb2,2006,Germany,Forward,28.0
8d54436a-ca3f-57c0-8831-d9dabe46cf0b,2014,Ghana,Midfielder,26.0
8d54436a-ca3f-57c0-8831-d9dabe46cf0b,2010,Ghana,Midfielder,22.0
787ddc22-6c4a-5bc5-875b-0f2ee9fb593d,2022,Japan,Forward,28.0
8764bef4-8ee7-518c-b4a1-7d3ced69659f,1998,Croatia,Midfielder,33.0
8c11d3c4-37a1-5865-9d32-1e90196525b4,1970,Soviet Union,Midfielder,23.0
eb1f031b-7223-574c-82b3-2308fc7b2311,2002,Ecuador,Forward,27.0
2316f185-06ec-5e34-bf68-920e0706beae,1978,Spain,Midfielder,29.0
27861a6e-d307-55fa-b3dc-c830952da327,1950,Spain,Defender,31.0
661ab73d-0178-5a1b-ab04-4902acde1301,2018,Spain,Midfielder,22.0
661ab73d-0178-5a1b-ab04-4902acde1301,2022,Spain,Midfielder,26.0
a9ab1f9f-8cec-5911-b8fc-d34820cacd98,2018,Egypt,Defender,27.0
5555b6c5-480a-587b-84cb-daa3381ed8df,2022,Saudi Arabia,Forward,21.0
35488ba6-647e-5e3b-a63a-44b2502a2e4d,1966,Bulgaria,Midfielder,23.0
35488ba6-647e-5e3b-a63a-44b2502a2e4d,1970,Bulgaria,Midfielder,27.0
35488ba6-647e-5e3b-a63a-44b2502a2e4d,1962,Bulgaria,Midfielder,19.0
2a29f3f8-c03d-533b-9c57-d7d0f4bd29fa,2018,Spain,Forward,31.0
a940fb31-a6e2-556a-9419-ac6fab31a972,1994,Colombia,Forward,25.0
a940fb31-a6e2-556a-9419-ac6fab31a972,1998,Colombia,Forward,29.0
ce7dcea7-58d8-5367-8869-77f6279e00c6,1986,Algeria,Forward,28.0
ce7dcea7-58d8-5367-8869-77f6279e00c6,1982,Algeria,Forward,24.0
61fd490c-5d69-59c4-af87-07bbc9cd870b,2022,Qatar,Midfielder,29.0
20f3c886-d8ca-5ed6-a282-45e0c9e8df10,2006,Togo,Defender,26.0
8b50ba50-ce41-59e2-ba6d-4f59fdbf8194,2018,Saudi Arabia,Forward,32.0
0deddd8e-b7fe-5749-8f97-1c9c5d331073,2014,Cameroon,Defender,30.0
0deddd8e-b7fe-5749-8f97-1c9c5d331073,2010,Cameroon,Defender,26.0
ea35587e-952d-5380-bbed-3eba700cc344,1930,Peru,Midfielder,25.0
c758b4f6-4e5f-5bcb-8372-8aec3fe64031,1970,England,Forward,28.0
a9a17cbf-ced5-5d5b-b9c7-53c734eaca60,1938,France,Forward,26.0
a9a17cbf-ced5-5d5b-b9c7-53c734eaca60,1934,France,Forward,22.0
63d8e8d1-6b14-52d6-b2d0-2c7ca8140fba,1950,England,Defender,29.0
8599d3d2-2583-5714-94ff-eab0af2d622e,1962,Chile,Goalkeeper,25.0
df1de741-2616-5d04-b130-46b41c2e749d,1998,Argentina,Midfielder,28.0
c2a4169a-890f-54fc-bcec-3677a9b2ecc3,1934,Argentina,Defender,
f9837d70-3742-5e77-8ebe-cababc26b9eb,1950,Yugoslavia,Midfielder,30.0
43526336-5f5e-5c9a-95e4-a4980e46f985,2022,Ghana,Goalkeeper,26.0
c5b45333-e627-59df-b070-10c63b75fe47,2022,Australia,Defender,23.0
bf3e0398-b0eb-5b5a-add2-2f52c267ef9f,1994,Greece,Goalkeeper,25.0
e5d080c8-5a2c-5f8b-a293-a9c5d20bb8a9,2006,Togo,Midfielder,28.0
97efb2cb-8f53-5c27-837e-7769b30b5850,2014,Ghana,Midfielder,22.0
6d5ad2bf-7fd4-5869-96ab-c4c23caad51c,2022,Morocco,Defender,27.0
9c855dfe-d2f7-5c75-b347-5b1e1224ed62,1966,France,Goalkeeper,26.0
b794b350-ebc8-5a1f-96e2-85ffbc04bc7e,1990,West Germany,Defender,33.0
b794b350-ebc8-5a1f-96e2-85ffbc04bc7e,1986,West Germany,Defender,29.0
21c7b25d-ce47-5aa2-9d92-86b7ecd7fb65,1974,Haiti,Defender,23.0
fe7e722a-c9e5-52e5-84b8-c8688d56a521,1998,South Africa,Forward,27.0
884fe1f1-b8f9-5cec-8fbe-7a0485cdad94,2018,Sweden,Defender,24.0
abf8678a-9cc5-541b-bc46-3af52cae59b8,1966,Portugal,Midfielder,29.0
221675fd-3f3c-5daf-a695-a51e4df9ade8,2018,Brazil,Midfielder,30.0
f7cfdc08-7e24-513b-a561-9c67c10a2ed4,1950,Brazil,Defender,30.0
68bff678-c81e-558f-97ec-b31a1b6f357f,1974,Sweden,Defender,22.0
09afe08e-146c-5e74-816e-74c5979ae4bb,1930,United States,Midfielder,30.0
e3aebea0-0b1d-5c89-a3d8-8d7eb0936d77,1990,West Germany,Goalkeeper,27.0
e6536414-a4db-524c-b834-345bc8a778dd,2014,Ivory Coast,Defender,22.0
4b6b28c6-77c5-54da-a043-9d0037735e4e,1954,Belgium,Goalkeeper,26.0
1b7f048c-ed3f-513d-b10d-9b6c580da7bf,1974,Haiti,Defender,24.0
906afba3-645c-500f-bb4e-b2526b5c7bc4,1950,Paraguay,Forward,
cfccc954-40f4-539f-a874-adcb87c29719,1950,Paraguay,Forward,29.0
370e8ce3-5d76-519d-b251-3fa36f9f51de,1934,Hungary,Forward,29.0
7d51f751-cda8-5d56-9f7a-d94e3023371d,2014,Bosnia and Herzegovina,Goalkeeper,33.0
fbcab740-4367-5b9a-8e3d-4c68136fe519,1958,Paraguay,Forward,22.0
dcee2987-df34-5d4d-aa97-bf1567ef65f3,1958,Argentina,Forward,26.0
d009b007-6fab-56d6-ab67-878e953867a3,2018,Nigeria,Defender,21.0
8a73d0ed-7194-54cb-9ebd-7d9c455bbf58,1958,Sweden,Defender,32.0
86add710-5622-5db3-84fe-30631e11dbfa,1970,Sweden,Defender,29.0
01ab44a6-07b2-5a26-b3d6-acc2825020e3,1934,Sweden,Defender,28.0
84dcffdf-7ed4-5a2a-b77e-346eb3768a38,1986,France,Defender,25.0
92674967-1287-5d80-81c9-50efda8d80e2,2002,Paraguay,Defender,32.0
92674967-1287-5d80-81c9-50efda8d80e2,1998,Paraguay,Defender,28.0
80af7219-6a3a-5e14-8544-bc3a47a2e009,2018,Mexico,Defender,31.0
4f2efeac-f718-5db1-80bf-3555454aa047,2002,Argentina,Defender,29.0
4f2efeac-f718-5db1-80bf-3555454aa047,2006,Argentina,Defender,33.0
4f2efeac-f718-5db1-80bf-3555454aa047,1998,Argentina,Defender,25.0
02825be2-4d93-5f62-9772-b0de720ea266,1974,Argentina,Forward,24.0
3b19a6a8-e5c1-57bb-ab1d-01767d05aeb2,2006,Tunisia,Defender,24.0
bcb11254-d4ff-5040-bf3e-7c12ef61f447,2014,Ghana,Midfielder,25.0
bcb11254-d4ff-5040-bf3e-7c12ef61f447,2022,Ghana,Midfielder,33.0
bcb11254-d4ff-5040-bf3e-7c12ef61f447,2010,Ghana,Midfielder,21.0
707a6530-e215-5507-9525-d1f70399ca25,2010,Ghana,Defender,22.0
da35b66a-4f31-527e-8e22-a9001af9999b,2014,Ghana,Forward,23.0
da35b66a-4f31-527e-8e22-a9001af9999b,2022,Ghana,Forward,31.0
9a9bb973-e43e-5767-90d4-c9911b57a361,2014,Ecuador,Forward,26.0
856e8c3a-6952-5b39-9bdc-88e2fbccc158,2002,Ecuador,Defender,31.0
856e8c3a-6952-5b39-9bdc-88e2fbccc158,2006,Ecuador,Defender,35.0
cf344b1e-f814-597f-802a-412d31d35f5d,2014,Ecuador,Defender,35.0
cf344b1e-f814-597f-802a-412d31d35f5d,2002,Ecuador,Defender,23.0
1c5fc770-6e40-5760-8ac4-826e5fba0e55,1938,Cuba,Goalkeeper,27.0
17a8b35f-4cb8-5ef1-990e-2f09bb55623d,1954,Turkey,Forward,23.0
af2a6a20-e469-5326-9ec5-52d09e330c99,2014,Nigeria,Midfielder,22.0
bbc5fa4f-8f4e-5903-9767-c0307979231b,2006,Togo,Midfielder,27.0
d6dc5248-2da8-5a91-a40d-c9f1ddbad109,2006,Saudi Arabia,Midfielder,25.0
e61ab417-6277-5467-915c-c9598518add6,1998,Iran,Forward,27.0
26199154-da06-53e4-955c-49db907ab82d,1994,Morocco,Goalkeeper,30.0
b9f8b151-8188-5e75-a355-7a7aedbe8791,2018,Iran,Forward,23.0
b9f8b151-8188-5e75-a355-7a7aedbe8791,2022,Iran,Forward,27.0
4db0bda9-8a2a-53ce-a652-e6253d619393,2018,Costa Rica,Midfielder,34.0
4db0bda9-8a2a-53ce-a652-e6253d619393,2006,Costa Rica,Midfielder,22.0
aefb7cf7-0683-503f-b661-5b86b7cd3b1f,2018,Spain,Defender,29.0
aefb7cf7-0683-503f-b661-5b86b7cd3b1f,2014,Spain,Defender,25.0
aefb7cf7-0683-503f-b661-5b86b7cd3b1f,2022,Spain,Defender,33.0
fca08907-2279-5d0f-bab8-7d9efc36b492,1994,Morocco,Midfielder,23.0
fca08907-2279-5d0f-bab8-7d9efc36b492,1998,Morocco,Midfielder,27.0
fe9721e4-962b-5ace-9525-4e98c37ef2fa,2018,Morocco,Midfielder,22.0
abbf7a2e-d6e0-5929-b4ba-a02899cf2c89,1974,Yugoslavia,Midfielder,26.0
174ec968-dc2f-564a-82fb-c0bf32c90046,2002,Slovenia,Forward,25.0
6fddeac3-8b25-58c2-9671-90f8bafed568,2002,Turkey,Defender,29.0
9af5407b-0a24-5389-9776-c8094b9edf07,1998,Norway,Goalkeeper,21.0
80036367-c86c-51d6-a7dd-851dd7bae220,1998,Nigeria,Midfielder,25.0
9a56ee5c-c963-5434-8138-2884c194ccf2,2014,Nigeria,Midfielder,22.0
033f20b4-f7e7-5d40-89eb-2c4a395fac89,2002,Nigeria,Defender,24.0
033f20b4-f7e7-5d40-89eb-2c4a395fac89,1998,Nigeria,Defender,20.0
85df252d-c6dd-5946-bd0d-e46a2d6d1a9f,1994,Republic of Ireland,Defender,24.0
dc07df51-2f99-57c7-a5fa-d538e21e84a3,1998,Germany,Defender,26.0
7628aebe-3922-5757-a6b9-cacf4f274943,2010,Netherlands,Forward,24.0
7628aebe-3922-5757-a6b9-cacf4f274943,2006,Netherlands,Forward,20.0
3ab06eff-d940-55b9-a078-3e395e0e90a0,1974,Argentina,Midfielder,25.0
5129e42d-ce71-5bd4-be71-909683bbbd88,2006,Croatia,Midfielder,25.0
78a2718f-b66f-58ec-87b2-3c98a6fe6aca,2022,Serbia,Defender,26.0
3064ca87-e663-5cd9-8009-4d0edb95ff46,1974,Zaire,Defender,24.0
ecd725b4-3f8a-5089-b8df-191dce8430e4,2018,Colombia,Forward,32.0
ecd725b4-3f8a-5089-b8df-191dce8430e4,2014,Colombia,Forward,28.0
f4a69f75-07fe-5294-bb0d-6848ae5c4699,2022,Australia,Midfielder,24.0
51012982-bd70-5467-8c7f-f3c66acb2ec5,1998,Bulgaria,Forward,21.0
b8acc9ff-4d65-5639-a704-82d9efa0823e,1954,Belgium,Midfielder,33.0
f203b762-9fd1-5487-b489-754affc5925a,2018,Croatia,Midfielder,29.0
f203b762-9fd1-5487-b489-754affc5925a,2014,Croatia,Midfielder,25.0
eb0eaab1-0610-5573-8312-f799a64f3234,1950,Switzerland,Forward,28.0
b5615ba2-fb53-5b23-b429-8563164bb6b3,2006,Costa Rica,Defender,22.0
593c86aa-10af-5e63-87c2-6678b962523b,1930,Belgium,Goalkeeper,21.0
593c86aa-10af-5e63-87c2-6678b962523b,1938,Belgium,Goalkeeper,29.0
593c86aa-10af-5e63-87c2-6678b962523b,1934,Belgium,Goalkeeper,25.0
101a7ef5-7148-5797-9e02-49df936b9fdf,2002,Tunisia,Defender,29.0
101a7ef5-7148-5797-9e02-49df936b9fdf,1998,Tunisia,Defender,25.0
9a5bb3a5-df1a-528b-8b6a-6d7e3fd84e26,2018,Tunisia,Midfielder,28.0
4558740d-0f68-5a26-a680-6cef7b392e46,2010,Germany,Defender,21.0
a4d466fb-3c32-5600-b6f2-d96937dad513,1982,Belgium,Defender,26.0
f937161d-1649-5299-beb9-1ff74017d10d,2006,South Korea,Midfielder,21.0
8ddf911c-2602-5d97-8eb6-e1092213584f,1950,Paraguay,Midfielder,
1e34ad6b-3ca0-5545-99e0-bbf363deee30,1962,Mexico,Forward,24.0
8f0fa7c8-436b-58e5-bacd-e9aadab1e543,1994,Italy,Midfielder,23.0
8f0fa7c8-436b-58e5-bacd-e9aadab1e543,1998,Italy,Midfielder,27.0
cf05a9b9-1ccf-5c78-b51e-a685a5a6a6b9,1994,Italy,Forward,27.0
cf05a9b9-1ccf-5c78-b51e-a685a5a6a6b9,1990,Italy,Forward,23.0
cf05a9b9-1ccf-5c78-b51e-a685a5a6a6b9,1998,Italy,Forward,31.0
cb19a054-04f1-51c8-ae0f-b14ce5160ee4,1998,Iran,Midfielder,24.0
526e810a-f956-505b-b262-1268cf3f04a5,1986,Italy,Midfielder,30.0
39a153a7-ec0f-542c-8fa8-0f078e55f496,2014,Ecuador,Defender,32.0
99f4dcb1-fe54-5af7-9e7b-5893e1fbc801,2022,Denmark,Defender,25.0
0d425806-7e57-535c-8fad-a0bb5fd8cfa9,2018,Saudi Arabia,Midfielder,26.0
0d425806-7e57-535c-8fad-a0bb5fd8cfa9,2022,Saudi Arabia,Midfielder,30.0
974e8929-e6cd-5ded-9c70-fbd87316372c,1994,Morocco,Forward,24.0
d8c5cfa7-1145-5fa2-bfc2-3019c13f3980,1982,Kuwait,Goalkeeper,24.0
4072c05f-b13d-5305-a281-04cd428cb6ce,1982,Cameroon,Forward,27.0
43c96fb6-6667-592d-8ce2-855df4070763,1950,United States,Midfielder,23.0
4f6cbc11-54c3-52ee-90cf-5d63bcf6b6a3,1998,Brazil,Defender,28.0
1ec55f31-bed7-5b5a-9c77-a0dfda66ffba,1986,England,Goalkeeper,28.0
439eb951-e899-5ddb-86e3-81f4053fa233,1982,Honduras,Forward,30.0
a3704af0-1a59-54c3-a279-276182652626,1950,England,Forward,25.0
624c48fe-70a6-50c4-869a-ca4ec3712d21,2014,England,Defender,30.0
b95690a7-dd1d-504b-851a-87413b0d53a9,1958,Scotland,Forward,28.0
77896d96-4d27-53b3-8711-2291ae78e3d1,1974,Yugoslavia,Forward,26.0
3f021140-0082-58db-8355-391143c26283,1958,Wales,Defender,24.0
5834f866-98df-5113-8270-8be716717abf,1958,Wales,Midfielder,22.0
eae4bdfa-7c6d-5f68-9721-69eadc1f6544,1994,Spain,Midfielder,31.0
eae4bdfa-7c6d-5f68-9721-69eadc1f6544,1990,Spain,Midfielder,27.0
23b1c364-7d1b-523d-abd9-9290c9025ae6,1934,Egypt,Midfielder,
8a6df46e-d94d-5d04-bb58-436c4f8e3384,1990,United Arab Emirates,Forward,23.0
ec514551-80f7-59cf-bd87-3afb7d02b42c,2006,Iran,Defender,33.0
86685dae-dbf1-5dc0-8a5a-6711952fde26,1934,Netherlands,Forward,25.0
f7bbb773-61ed-5ecd-a149-a046ec002ac4,1986,Soviet Union,Midfielder,28.0
f7bbb773-61ed-5ecd-a149-a046ec002ac4,1982,Soviet Union,Midfielder,24.0
3c1d7eff-a209-56b9-8f1f-01888e12c4c7,2002,Croatia,Forward,24.0
3c1d7eff-a209-56b9-8f1f-01888e12c4c7,2006,Croatia,Forward,28.0
18ff5d4c-f812-5985-85d8-f053503e2d58,1994,Bulgaria,Midfielder,28.0
18ff5d4c-f812-5985-85d8-f053503e2d58,1998,Bulgaria,Midfielder,32.0
0754829a-6432-5966-ba3a-0df818351626,1994,Argentina,Forward,28.0
0754829a-6432-5966-ba3a-0df818351626,1990,Argentina,Forward,24.0
0754829a-6432-5966-ba3a-0df818351626,1998,Argentina,Forward,32.0
5c1d8bb1-7219-52a7-9ad4-8c6c8763ab2e,1994,United States,Defender,27.0
5c1d8bb1-7219-52a7-9ad4-8c6c8763ab2e,1990,United States,Defender,23.0
5c1d8bb1-7219-52a7-9ad4-8c6c8763ab2e,1998,United States,Defender,31.0
b4d758be-5755-5a84-964a-39c2e023d916,1974,Argentina,Forward,29.0
d092b336-d8d5-537c-b5f1-aa3506b68ff6,1954,Mexico,Forward,23.0
0fb8f1b5-b618-54ef-a7fe-32af89b51539,2022,Spain,Defender,19.0
7aa5b12a-13d9-5e6c-b365-18b33710dc0d,1994,Bolivia,Midfielder,23.0
d11a1f1d-3957-5d5f-9bb1-16516544c42a,1970,Brazil,Defender,24.0
7caf29fe-4d05-5d79-bfa2-24a15946e12b,2018,Senegal,Forward,23.0
7e87362e-cffb-5f52-8a90-a5566ed66d90,2022,Wales,Forward,33.0
c2623126-5064-5922-a092-6db48e14429b,1978,Argentina,Goalkeeper,28.0
c2623126-5064-5922-a092-6db48e14429b,1982,Argentina,Goalkeeper,32.0
ed75d11a-c272-5afe-9793-407f0e99e95a,1990,Romania,Forward,27.0
1071b209-4d3e-51df-9018-3332bcff6444,1990,Yugoslavia,Defender,28.0
7a681120-efcd-5ecb-bbf1-28b409fbc9fd,1966,England,Midfielder,21.0
7a681120-efcd-5ecb-bbf1-28b409fbc9fd,1970,England,Midfielder,25.0
a1de1d92-6923-5ba1-8762-7992c62c3456,1938,Switzerland,Goalkeeper,20.0
ced238d5-92c7-5107-8d27-5dc8867d98cc,2002,Germany,Midfielder,26.0
ced238d5-92c7-5107-8d27-5dc8867d98cc,2006,Germany,Midfielder,30.0
012d44a1-c0e9-55ed-ab59-8f82fc400319,1954,Switzerland,Forward,28.0
7efe4e96-f75c-5e59-acc9-c8ab685f83ae,1930,Uruguay,Goalkeeper,25.0
5d2e6343-03e4-5040-9c2c-a83146c83577,2022,Senegal,Defender,25.0
872f676e-ca82-56db-ad63-0169ae0faf40,1938,Hungary,Midfielder,26.0
04ca1d12-5d40-5b46-be25-a02eb9716f2b,2018,Nigeria,Defender,30.0
f936d86c-a1f2-5c21-b8ab-c38d4539a604,2014,Italy,Forward,24.0
8277e064-f65c-552d-b390-8a1a339d96df,2018,Panama,Defender,37.0
98e90e4d-5e5f-58a1-83d2-bf678b65771c,1998,South Africa,Goalkeeper,24.0
9b71c635-6795-557d-8057-4bf4066120c5,1982,Soviet Union,Defender,24.0
0248e62c-267f-5353-b4c7-18d380fab596,1954,Brazil,Forward,28.0
0248e62c-267f-5353-b4c7-18d380fab596,1950,Brazil,Forward,24.0
eba03876-a0c7-579b-87b8-4c7c2d3a5d56,2014,Ivory Coast,Defender,29.0
eba03876-a0c7-579b-87b8-4c7c2d3a5d56,2010,Ivory Coast,Defender,25.0
ccd37558-149e-5bee-8ac3-fe44a884b9c7,1970,Morocco,Midfielder,28.0
fb608be7-01e2-54d0-bd8c-bd85e87fbe9a,1986,Portugal,Defender,24.0
afe54345-705b-5d8f-9297-159816711a31,2018,Argentina,Midfielder,30.0
e115b542-d9bf-54e2-9d25-8af692565311,2014,Ecuador,Goalkeeper,29.0
a6bd5ef7-35e9-5d45-917b-62dc59ac6f86,1966,Soviet Union,Forward,20.0
23f01413-0de9-5d6e-87f3-07ead0f29a04,1966,England,Goalkeeper,29.0
23f01413-0de9-5d6e-87f3-07ead0f29a04,1970,England,Goalkeeper,33.0
667834fa-c3c3-5a5a-970e-0798d69904fd,1990,United States,Defender,26.0
1a0666cc-741b-530c-9881-bbdc28271deb,1958,England,Defender,29.0
f861536a-e624-5287-9262-aecaf20f79ec,2010,New Zealand,Goalkeeper,35.0
6ea925b8-4f12-5e8a-9c68-b3ae37d3050f,1966,Soviet Union,Goalkeeper,28.0
d1cf6122-125e-5ebc-9734-963c8d96c86e,1986,Scotland,Midfielder,28.0
584224c5-e1ea-5dce-89fa-bd04d643ec47,1966,Portugal,Defender,25.0
f268250c-d983-527a-922b-5f4f77ce6c32,2010,Brazil,Midfielder,29.0
b882cf7d-36cc-5b80-993c-da8af04626e7,1970,Israel,Defender,22.0
ae45a099-4505-577c-8912-1af5534e6e77,1966,France,Forward,24.0
2698f690-d2b4-5a9e-988d-bb6ad7c7adb2,2002,Spain,Midfielder,27.0
1be49b65-3015-5932-b9b7-a4b6350c2f59,1938,Poland,Forward,18.0
c1e080cc-7e5a-5b67-9816-0f9fb954aa7c,1978,France,Goalkeeper,31.0
c1e080cc-7e5a-5b67-9816-0f9fb954aa7c,1982,France,Goalkeeper,35.0
694258a6-6dd1-5e87-ba1f-e51261caa106,1938,Romania,Forward,28.0
694258a6-6dd1-5e87-ba1f-e51261caa106,1934,Romania,Forward,24.0
dea9ea53-078e-563b-8593-0218621be518,1982,Peru,Forward,30.0
49219a11-26dc-53dc-982b-a5b3b541c28e,1982,Argentina,Midfielder,23.0
8455ce6d-a4ed-5043-ac5b-55557f29c009,2002,Portugal,Midfielder,32.0
749ba7fc-8263-56cd-a41d-6e1737cd9938,1950,Brazil,Goalkeeper,29.0
31396191-b4dc-54f7-81b2-25e1d2e936b8,1930,Romania,Forward,22.0
36afbbb5-5bb8-562b-9b88-9cb22da5540f,1994,Italy,Defender,34.0
36afbbb5-5bb8-562b-9b88-9cb22da5540f,1990,Italy,Defender,30.0
36afbbb5-5bb8-562b-9b88-9cb22da5540f,1982,Italy,Defender,22.0
ae0ad201-d655-5a44-bf17-fd0f9274d755,1986,Italy,Midfielder,28.0
88c8d051-285b-5e9b-9bf8-c3d9bf53209d,1970,Uruguay,Forward,26.0
def72020-435b-57bf-b871-480c2bedebd6,1974,Argentina,Defender,28.0
8a06e3ca-b51f-586d-becc-aae6f40cda6a,1966,Italy,Midfielder,30.0
bca04c85-96e4-559f-9fb1-b8de341d829e,2022,Croatia,Defender,30.0
adf030fc-6de3-5a82-b568-1bc531dfae59,2014,England,Midfielder,21.0
7be34034-ee75-5cd6-a1fd-e16e3359163c,1982,Czechoslovakia,Defender,28.0
be3577e1-8802-5e24-82aa-6ca353f0f15b,1990,England,Midfielder,27.0
be3577e1-8802-5e24-82aa-6ca353f0f15b,1986,England,Midfielder,23.0
cf270e35-58d6-5455-8a79-9115166875e6,2014,Switzerland,Midfielder,29.0
cf270e35-58d6-5455-8a79-9115166875e6,2010,Switzerland,Midfielder,25.0
cf270e35-58d6-5455-8a79-9115166875e6,2006,Switzerland,Midfielder,21.0
5115357c-6734-598b-8192-537d4ef3314e,2006,Italy,Midfielder,28.0
a2ac98f1-c901-535a-bff3-e88ea28b16d6,2006,Czech Republic,Forward,25.0
62719b1d-c9bc-562c-90d7-813e86523da0,1938,Cuba,Defender,23.0
42bc8d8d-8508-5b77-abb9-2c8c277b7805,1990,Costa Rica,Goalkeeper,26.0
6a80ec21-e009-5489-a866-842fc4461ee2,2014,Costa Rica,Midfielder,31.0
3b8e2db2-8240-5e8d-8543-7b23efeff8ce,2010,Mexico,Midfielder,23.0
b4395435-d726-5c01-8f24-dc998abc6e47,1998,Chile,Forward,28.0
0a5e8053-3bdd-52e6-a76d-55d1be9abadf,2010,Paraguay,Goalkeeper,29.0
fb2f19c3-7daa-538e-9273-121338cb6885,2010,Paraguay,Midfielder,26.0
fb2f19c3-7daa-538e-9273-121338cb6885,2006,Paraguay,Midfielder,22.0
5ac80240-8587-5d1d-b92b-3bdb25340d56,1998,Jamaica,Goalkeeper,28.0
0705055b-f349-52db-94e2-7d01e870d49b,1986,Uruguay,Midfielder,25.0
81255c5b-05cf-5455-90c9-acf63464424e,2010,Paraguay,Forward,26.0
6338480a-6527-5ed6-ac19-de665f519504,2018,Colombia,Midfielder,25.0
fdc97151-4a51-553e-9754-f187759ef652,2010,New Zealand,Midfielder,30.0
57c148af-519a-586d-ac59-a5c529697e40,2014,Ivory Coast,Goalkeeper,35.0
57c148af-519a-586d-ac59-a5c529697e40,2010,Ivory Coast,Goalkeeper,31.0
57c148af-519a-586d-ac59-a5c529697e40,2006,Ivory Coast,Goalkeeper,27.0
3af0c01b-6b5f-5da1-ac28-fae0c34122fb,2010,England,Midfielder,29.0
b8d6b348-9deb-5907-875f-958c59193f00,1954,Austria,Defender,29.0
b8d6b348-9deb-5907-875f-958c59193f00,1958,Austria,Defender,33.0
9998d6d7-48ec-5fb5-894c-fce6f4c521c8,2022,Qatar,Goalkeeper,24.0
35b6b6f2-77fc-586e-bef6-f57e9830b334,2002,France,Goalkeeper,31.0
35b6b6f2-77fc-586e-bef6-f57e9830b334,2006,France,Goalkeeper,35.0
35b6b6f2-77fc-586e-bef6-f57e9830b334,1998,France,Goalkeeper,27.0
f7b5c77d-18b8-5bdb-acbb-1340d23cf90c,1974,Haiti,Forward,29.0
0381f1aa-d19a-599e-b920-100832361329,1998,South Africa,Forward,26.0
a3dc29f3-6327-5e86-a796-fa1d11039e8e,1986,Denmark,Midfielder,24.0
649f09a9-68d3-55c0-9b23-c84a5af37d53,1998,Nigeria,Goalkeeper,24.0
f901838a-070c-5260-8ad4-6de5060c5508,2014,Italy,Defender,33.0
f901838a-070c-5260-8ad4-6de5060c5508,2006,Italy,Defender,25.0
4f6ed1aa-9b0a-58b5-a460-5f57f086b932,1970,Mexico,Midfielder,26.0
e6e2c0c3-c3a6-5821-9796-fac72a429bf8,2014,Argentina,Defender,30.0
b66de679-1377-5834-b6f7-7e5032ce798c,1994,Germany,Midfielder,26.0
8729b71b-db46-58a6-816d-f1f16bf9b2fe,1950,Spain,Forward,24.0
098de436-668a-5344-b95a-a5fea6d43a03,1998,Morocco,Forward,26.0
69c46ba7-7a4d-51c9-8ca7-42ff0422809f,2022,Cameroon,Forward,27.0
e1eb2856-889a-5ea9-8de4-28bddd5fc3c8,2010,Cameroon,Defender,24.0
efe72a64-ae69-5e2e-8fef-a4f53784acff,2006,Serbia and Montenegro,Defender,22.0
1d710942-22e0-504e-b248-01fc095ef742,1938,France,Midfielder,23.0
454b8b73-1ecf-5d13-aed8-7ea541de3ad8,2010,Brazil,Defender,27.0
1bdfe2f1-88dc-58cc-b259-1cf0bcd36ef1,1994,Argentina,Midfielder,31.0
1bdfe2f1-88dc-58cc-b259-1cf0bcd36ef1,1990,Argentina,Midfielder,27.0
4d5c99b8-50cd-5d0f-aafa-be8963048e01,2006,Poland,Defender,29.0
38095bc2-2ca9-5615-b685-e960ec7217f3,1938,Brazil,Goalkeeper,28.0
670a619c-9903-53bc-b64f-2e4a5c0ec6db,1978,France,Midfielder,24.0
44bb106e-2a83-5094-9b2d-d0b459e7c8ac,1986,Uruguay,Defender,24.0
310a92e3-feb9-5b08-a369-4ef9a2c9c48d,1990,Argentina,Midfielder,28.0
310a92e3-feb9-5b08-a369-4ef9a2c9c48d,1986,Argentina,Midfielder,24.0
2fca850a-d589-5090-9b9d-048eed1e1249,1978,Brazil,Midfielder,23.0
2fca850a-d589-5090-9b9d-048eed1e1249,1982,Brazil,Midfielder,27.0
b9ee0af3-0bc4-5d1d-aa2a-0ede858b5147,1994,Argentina,Forward,25.0
b9ee0af3-0bc4-5d1d-aa2a-0ede858b5147,2002,Argentina,Forward,33.0
b9ee0af3-0bc4-5d1d-aa2a-0ede858b5147,1998,Argentina,Forward,29.0
c378ef44-7345-5c26-b6b4-213efdefdecd,1986,France,Goalkeeper,29.0
37859ac3-e93d-5fc2-b273-f1f3c6436883,2018,Belgium,Forward,25.0
37859ac3-e93d-5fc2-b273-f1f3c6436883,2022,Belgium,Forward,29.0
5111b830-ec22-59ac-88d3-bd09df352a6e,1986,Paraguay,Goalkeeper,26.0
823266a9-7396-5ce0-a485-124f1c5e50d3,1978,France,Defender,21.0
823266a9-7396-5ce0-a485-124f1c5e50d3,1986,France,Defender,29.0
823266a9-7396-5ce0-a485-124f1c5e50d3,1982,France,Defender,25.0
9c6dfdeb-7cd1-5fd0-822f-4a311fca6c6d,1998,England,Midfielder,30.0
7b8be7ba-b3d8-51f1-b7d1-1a44300649ca,1954,West Germany,Defender,27.0
2cb9eb3a-8eca-582c-a3f4-30d95f5ed7ce,1954,Brazil,Midfielder,29.0
2cb9eb3a-8eca-582c-a3f4-30d95f5ed7ce,1950,Brazil,Midfielder,25.0
85ae3de2-5641-54f4-837e-6d9644065d11,2002,Germany,Defender,27.0
b93470f2-a2d4-56b2-b8bd-30c43620ecd0,1978,Austria,Midfielder,21.0
b93470f2-a2d4-56b2-b8bd-30c43620ecd0,1982,Austria,Midfielder,25.0
6e5229c4-8020-5653-9445-3e7435e72d45,1978,Austria,Goalkeeper,23.0
f15bbaee-6a76-5eb2-ae64-f2283c6fcc96,1990,Austria,Midfielder,21.0
528ade8f-7055-5699-bd16-17dc27786112,2010,Mexico,Forward,31.0
fdd825c7-94e3-5155-ae16-3eff02aa494a,1990,Argentina,Defender,32.0
56fc8fa8-babe-51d5-9659-8a293c7bd5d3,2002,Tunisia,Midfielder,31.0
56fc8fa8-babe-51d5-9659-8a293c7bd5d3,1998,Tunisia,Midfielder,27.0
6dfeb61c-e23e-568c-87af-1b7c2710beba,1970,Peru,Midfielder,23.0
e4693d09-d5e0-56db-9fc5-188c9d17e2ea,1974,Haiti,Defender,25.0
47dc6eb5-f1be-5f8b-ac9f-2414dcb6cdbc,2002,Portugal,Goalkeeper,33.0
f8d3483d-693c-54f4-a7de-037548087928,2002,Turkey,Midfielder,24.0
945ba2a1-d76e-5eaa-a932-39a0da814a58,1954,Yugoslavia,Goalkeeper,26.0
945ba2a1-d76e-5eaa-a932-39a0da814a58,1950,Yugoslavia,Goalkeeper,22.0
945ba2a1-d76e-5eaa-a932-39a0da814a58,1958,Yugoslavia,Goalkeeper,30.0
0e3b68be-68f7-54eb-a5bb-d56ce5a93737,1990,England,Forward,29.0
0e3b68be-68f7-54eb-a5bb-d56ce5a93737,1986,England,Forward,25.0
888ee356-1cec-5ecd-ba40-675dfae1bbe4,2014,United States,Defender,32.0
888ee356-1cec-5ecd-ba40-675dfae1bbe4,2010,United States,Defender,28.0
888ee356-1cec-5ecd-ba40-675dfae1bbe4,2002,United States,Defender,20.0
888ee356-1cec-5ecd-ba40-675dfae1bbe4,2006,United States,Defender,24.0
5317008a-7742-5f50-9e03-ac0680e60bef,2010,Australia,Defender,29.0
5317008a-7742-5f50-9e03-ac0680e60bef,2006,Australia,Defender,25.0
90dd7542-a2b9-5e9e-8ea2-1b8c9654cd90,1934,France,Midfielder,22.0
7cbda251-89de-5319-8f5b-64ee681eade6,2014,Chile,Midfielder,30.0
7cbda251-89de-5319-8f5b-64ee681eade6,2010,Chile,Midfielder,26.0
e7c94ebc-d230-5886-98a9-63258c360dd8,1994,Brazil,Forward,30.0
e7c94ebc-d230-5886-98a9-63258c360dd8,1990,Brazil,Forward,26.0
e7c94ebc-d230-5886-98a9-63258c360dd8,1998,Brazil,Forward,34.0
834d2010-1e80-52d0-88a0-85b6ab7f6fa6,2014,Honduras,Defender,29.0
a6d6171a-3cc0-5622-91c6-70d890978566,1966,West Germany,Defender,21.0
a6d6171a-3cc0-5622-91c6-70d890978566,1970,West Germany,Defender,25.0
a6d6171a-3cc0-5622-91c6-70d890978566,1974,West Germany,Defender,29.0
31275811-521d-5ea3-ba5a-e02154593b56,2014,United States,Midfielder,32.0
7e2d304a-b785-50b0-8d73-29e7ee367cee,2002,England,Midfielder,27.0
7e2d304a-b785-50b0-8d73-29e7ee367cee,2006,England,Midfielder,31.0
7e2d304a-b785-50b0-8d73-29e7ee367cee,1998,England,Midfielder,23.0
b29b374c-d29f-5622-b402-1442353480c5,2010,Denmark,Midfielder,27.0
aa8cce97-2727-5fc9-a90a-34f87bc17bd1,2014,Cameroon,Defender,30.0
a3ab0841-a458-5b79-9720-f08577301309,2018,Poland,Defender,22.0
a3ab0841-a458-5b79-9720-f08577301309,2022,Poland,Defender,26.0
3175c9ae-5b49-5782-bf5f-5b665a05f71e,2018,Tunisia,Defender,28.0
7a6fc4e5-615b-5f95-990e-caa5f28761f0,2014,United States,Midfielder,27.0
69ef2d72-8da6-5e31-a228-0bcb6f065c57,1938,Netherlands,Defender,29.0
0c9b5596-6f91-5d71-8e7e-1619bbf9c98b,1978,West Germany,Midfielder,32.0
a7beebec-3002-5045-870c-b132ed1b2a51,1950,Switzerland,Forward,22.0
88624fad-c1ab-5d0c-929d-85e6b02ca2c5,1994,Spain,Forward,30.0
aead6f43-8267-50bc-9fd1-0447fe3e7d1d,2014,Bosnia and Herzegovina,Goalkeeper,27.0
c64609e8-ca96-55c2-be74-cb038ff2a4dd,2018,Australia,Defender,28.0
c64609e8-ca96-55c2-be74-cb038ff2a4dd,2022,Australia,Defender,32.0
109ffca4-e23b-51d1-80c0-0a245085aa4e,2018,Switzerland,Midfielder,33.0
109ffca4-e23b-51d1-80c0-0a245085aa4e,2014,Switzerland,Midfielder,29.0
109ffca4-e23b-51d1-80c0-0a245085aa4e,2010,Switzerland,Midfielder,25.0
109ffca4-e23b-51d1-80c0-0a245085aa4e,2006,Switzerland,Midfielder,21.0
6745e923-3467-518b-b4c8-2f0946c968ca,2014,Iran,Defender,30.0
8148c9a5-9991-5392-baa1-5546be47ff98,1990,West Germany,Midfielder,30.0
68746b19-3735-5e37-b6c6-bb796645283a,2018,Iran,Goalkeeper,26.0
68746b19-3735-5e37-b6c6-bb796645283a,2022,Iran,Goalkeeper,30.0
c7f6eaf5-44c7-56fc-ba2d-962cb9a74f37,2014,Iran,Defender,27.0
74068baa-f700-5a3f-96db-a5b3d00b5c93,2002,Tunisia,Goalkeeper,26.0
dbf4c902-2354-5123-898d-eb62ba965bc3,1930,Yugoslavia,Forward,21.0
295d6669-7a95-5554-ac71-56081ddf5c20,1986,Soviet Union,Midfielder,26.0
fa1cc5b1-8473-5740-b155-d6e5fcfdc2cb,2010,Algeria,Defender,28.0
fccbff48-c6e3-5792-8932-afb3a72bbd85,2018,Morocco,Midfielder,28.0
b9c78327-238b-5be9-9a92-e6ddae64d2ef,1954,Yugoslavia,Defender,25.0
679190c3-cff5-5ddc-a1d9-6d78889285fd,1934,Argentina,Defender,25.0
44750da8-e24c-52c6-88a4-c49bee1121f6,2014,Algeria,Defender,25.0
545c5726-7566-5152-af76-c31a680d087e,1970,England,Midfielder,24.0
927ae9ca-e8f7-518b-9a61-e0cf15836f69,1994,Cameroon,Goalkeeper,40.0
927ae9ca-e8f7-518b-9a61-e0cf15836f69,1990,Cameroon,Goalkeeper,36.0
927ae9ca-e8f7-518b-9a61-e0cf15836f69,1982,Cameroon,Goalkeeper,28.0
4daf242c-6968-5e9c-84ae-08f0013d2096,2022,Germany,Defender,21.0
d462f534-d152-5329-af31-9868013a004a,2010,Algeria,Defender,24.0
fa4acb47-cc48-52bd-a976-94c15055b213,2002,Brazil,Defender,26.0
8da08281-6c9c-5332-b4a5-50748b63a978,2022,England,Midfielder,19.0
0ac6aa71-429a-5803-90a0-49feb19f4f8e,1966,Brazil,Defender,36.0
0ac6aa71-429a-5803-90a0-49feb19f4f8e,1958,Brazil,Defender,28.0
0ac6aa71-429a-5803-90a0-49feb19f4f8e,1962,Brazil,Defender,32.0
6f990e7e-8eae-5d42-acd1-d7e4a3edf39d,1970,Israel,Defender,23.0
fba79cc8-264c-566b-aa1e-1012ca81204a,1986,France,Forward,24.0
fba79cc8-264c-566b-aa1e-1012ca81204a,1982,France,Forward,20.0
20cc70d6-f2c4-57d8-a5c9-533f2ba73be3,1958,France,Midfielder,29.0
8bff4a1d-536e-5bbc-8ab9-c82a210753cd,1986,Algeria,Midfielder,28.0
8bff4a1d-536e-5bbc-8ab9-c82a210753cd,1982,Algeria,Midfielder,24.0
c3177a37-0aec-5362-a439-e750be50f8e9,1978,Italy,Defender,28.0
c3177a37-0aec-5362-a439-e750be50f8e9,1974,Italy,Defender,24.0
1382b9ee-bab0-5019-b2fb-b502b6d5c0d6,1958,Mexico,Defender,24.0
d8405597-0fed-53cc-bcc1-660a3d7758e7,1994,Romania,Defender,30.0
2b641951-a245-563b-85af-1265019cb664,1958,Soviet Union,Goalkeeper,25.0
644ffd17-6464-53a4-bb99-1025b7a96c08,1962,Argentina,Forward,31.0
b59ed14f-1715-5532-a717-7a6d71cc7ec0,2002,Turkey,Midfielder,22.0
0e3eb0b5-1672-5c29-ac7b-39bcbca290f8,1998,Tunisia,Midfielder,25.0
f3930da5-2ce3-5684-bd66-d952df07db6a,2018,Tunisia,Midfielder,26.0
42585909-f4c7-5381-a132-9be967847c61,1978,Tunisia,Forward,25.0
d78c519b-e347-5cbd-9905-e0156251aa48,1978,Tunisia,Goalkeeper,26.0
84a77b51-94ec-59a5-bb16-4937c75b3675,1938,France,Defender,26.0
1efcef28-4796-544f-8454-b8bbfb0ddea1,1970,Morocco,Goalkeeper,29.0
a7733b7c-ca6a-52c9-9282-709dd1e343be,1978,Tunisia,Forward,24.0
a331cd49-38fb-594e-a7f2-afe00c3e50d9,2018,Tunisia,Goalkeeper,29.0
7d52f229-09aa-5749-812d-36670f585a25,1970,Israel,Forward,26.0
3aeec735-9743-5cad-9610-54247042bc7a,2022,Tunisia,Midfielder,23.0
477b1450-f063-5c98-abb2-e9bb32086614,2006,Tunisia,Forward,22.0
14521580-3712-50aa-affc-caaa4eb957f5,2022,Tunisia,Goalkeeper,30.0
fbe41fea-24fb-5a29-8c11-ae21869dfce4,2022,Tunisia,Forward,21.0
6ac635ef-1d6d-5bab-b92a-468dc61b9bf6,1998,Tunisia,Forward,24.0
a6d119a7-70f2-5d3c-822e-132551d4bfc3,1954,France,Forward,27.0
6d858ecf-fe37-561a-b50b-ee1940461be7,1998,Tunisia,Forward,24.0
c07e021f-8b67-5907-b2a7-c346b2b7dd1a,2018,Tunisia,Forward,27.0
d56f9abd-dcdf-5636-9d46-786b47197e85,2018,Tunisia,Defender,29.0
3540b28a-58bb-5bfd-963e-559616b69916,2002,Tunisia,Midfielder,21.0
eb7455d0-51ad-58b3-8a1c-7c2907c2e665,2014,Switzerland,Goalkeeper,31.0
eb7455d0-51ad-58b3-8a1c-7c2907c2e665,2010,Switzerland,Goalkeeper,27.0
eb7455d0-51ad-58b3-8a1c-7c2907c2e665,2006,Switzerland,Goalkeeper,23.0
931c1920-6293-54d1-b6bc-af4daf65f4dc,2018,Tunisia,Defender,31.0
c81a8904-07ab-5b12-8c90-2c7527349163,1994,Italy,Defender,26.0
353f19c6-6a73-5701-8ede-f3aca2835ab4,2018,Morocco,Defender,31.0
d93c4c42-ab36-5a09-8d3c-a8e9077fdf0e,1982,Algeria,Forward,27.0
38310708-dd42-529d-bd7a-f8f13514a0ee,1958,Hungary,Forward,25.0
10e4cd03-32ba-5941-93fa-546d73951559,1934,Germany,Midfielder,24.0
e440e5d8-bb6d-50dd-a56c-2ca92ed8450f,2010,Denmark,Forward,22.0
cea57e46-1607-5b3c-a29b-d88941bc8392,1966,Hungary,Forward,22.0
bbea398e-cd5c-5f65-b95e-c4d54c060b9c,1930,Brazil,Forward,24.0
0dc5fa3a-262c-5d0b-acb5-49b4089014bd,1954,Czechoslovakia,Midfielder,31.0
4774433f-c0e7-5995-a410-f9b7e432057f,1978,Italy,Midfielder,33.0
4774433f-c0e7-5995-a410-f9b7e432057f,1974,Italy,Midfielder,29.0
e2c7a8e1-b67c-56ec-badf-1eae8c8b050e,1990,Uruguay,Midfielder,25.0
e412a872-8246-557e-856b-3eb8847022e3,2014,Honduras,Forward,27.0
5897d3f0-1941-518c-a675-14b223ed32cf,1986,Algeria,Midfielder,23.0
e32a18ea-9c19-5a78-8f1f-b270cbe590e2,1970,Morocco,Defender,23.0
741ff6f5-2f7b-5127-a616-c4953a9ac3da,1986,Algeria,Midfielder,26.0
c5fcd703-2752-5e8b-bbbf-36815f50f85f,2022,Costa Rica,Midfielder,18.0
c411bf59-b6fb-515f-9ca1-8c1bf02076ad,2022,Morocco,Defender,29.0
ba0dd7e3-edef-58b7-b8e5-0b77d5114b3c,1986,Algeria,Forward,32.0
ba0dd7e3-edef-58b7-b8e5-0b77d5114b3c,1982,Algeria,Forward,28.0
beed84ac-d27f-51be-b006-9ee9a2acf1f8,1982,Algeria,Goalkeeper,27.0
79beb811-8545-503f-bc6b-4377bb707a35,2014,Algeria,Midfielder,20.0
8bbb7a40-64f3-5bfe-9ac8-f642c7eaa6ba,2018,Uruguay,Midfielder,21.0
8bbb7a40-64f3-5bfe-9ac8-f642c7eaa6ba,2022,Uruguay,Midfielder,25.0
27876c20-6873-55b9-84ad-0087414bfa4b,1950,England,Forward,26.0
b30995ad-816b-5f70-a024-2f0db7206a04,1986,Portugal,Goalkeeper,38.0
48aadcf2-b0b9-53c4-9c1d-21757511ac0b,2002,Portugal,Midfielder,33.0
3b16d57d-9d8b-5817-9b37-562949a3f76b,1930,Brazil,Midfielder,27.0
e81d466a-cb73-5013-922b-0c0cb26264d7,1998,Morocco,Goalkeeper,28.0
d4f93089-1216-57e1-952b-83114c736a95,2014,France,Forward,27.0
d4f93089-1216-57e1-952b-83114c736a95,2022,France,Forward,35.0
faab7d30-7834-5ff3-8410-ed00aa1e3db6,2006,Ecuador,Forward,20.0
3cac80d8-6b15-5402-ab9d-98126ab216ec,1998,Paraguay,Forward,28.0
aba9e0b0-99bc-58ba-8f5a-070e4b34c61e,1930,Paraguay,Goalkeeper,29.0
53c28fa6-738e-5541-ba8e-ca2d45662d0d,1930,Paraguay,Midfielder,
19661efe-15d9-5f72-a0dc-759cb417e7e5,2010,Paraguay,Forward,23.0
532bad01-d802-5cfd-ae1c-02103ed881d6,1930,Paraguay,Forward,20.0
e460ffce-a48a-580b-8f62-a89b85160cd6,1954,Turkey,Defender,23.0
77d64f62-c235-53a2-8e37-3e5bb9146b97,1978,France,Forward,25.0
e7b1c5d7-419f-56b6-897c-289166e1b6fb,1958,Hungary,Midfielder,26.0
27c7bfa2-f164-5f3b-8eb0-cd9a987c43c1,2018,Poland,Defender,26.0
27c7bfa2-f164-5f3b-8eb0-cd9a987c43c1,2022,Poland,Defender,30.0
3757f372-dd8a-5621-b950-5e78e63d5131,2014,Russia,Defender,32.0
4521c0fd-9b21-5b5f-a487-42895452f405,1994,Norway,Defender,25.0
4521c0fd-9b21-5b5f-a487-42895452f405,1998,Norway,Defender,29.0
9a1f3bac-a6d5-5c5a-ae61-2c111c7a008f,2018,Sweden,Forward,32.0
db813fb1-26be-5136-9511-dc7abff2c975,1962,Uruguay,Forward,25.0
1f0c7939-2261-5992-9701-0de69cf13d5d,1982,Czechoslovakia,Midfielder,27.0
c5902e22-abf5-57ae-848a-885131451dac,1986,France,Goalkeeper,32.0
b26ef6fd-a35f-5973-8d91-aa5b15ddcda5,1986,Denmark,Midfielder,28.0
3937fd2c-a1af-5ffa-b2a0-e94f557cb4b4,2022,Netherlands,Midfielder,31.0
0d3e14b3-7fa2-5e1c-b09e-06c467689d11,1994,Netherlands,Forward,25.0
0d3e14b3-7fa2-5e1c-b09e-06c467689d11,1998,Netherlands,Forward,29.0
f4937abb-1f6d-563e-a195-7393b376c67f,1938,Norway,Midfielder,28.0
f56c68a0-18e8-5127-b25f-ddb89834a371,1958,Sweden,Defender,28.0
2b883bc6-07f4-5e31-9484-bc62422686d3,1990,Italy,Defender,27.0
2b883bc6-07f4-5e31-9484-bc62422686d3,1986,Italy,Defender,23.0
2b883bc6-07f4-5e31-9484-bc62422686d3,1982,Italy,Defender,19.0
2b883bc6-07f4-5e31-9484-bc62422686d3,1998,Italy,Defender,35.0
9c74dc6f-b839-511e-8e0b-96bcfd71c21f,1938,Sweden,Forward,23.0
5e6d1f44-9881-5686-aea8-227dab77cf9e,2022,Netherlands,Forward,25.0
6aa99d5c-2607-52f0-b68a-c013dd549774,1938,Cuba,Midfielder,
7f6a9b4d-b49f-5a95-9f61-2d333f8fff1e,2002,United States,Defender,29.0
7f6a9b4d-b49f-5a95-9f61-2d333f8fff1e,2006,United States,Defender,33.0
180f5292-a44d-5055-b604-8a0c8e71edfa,1966,Chile,Defender,25.0
75ff2d68-85fd-5fcc-a7b1-d1b71f30e023,1954,Turkey,Defender,22.0
7f142ee1-523b-5a62-9e6b-8b6a6d276110,1930,Bolivia,Goalkeeper,28.0
8714f515-0e11-555a-8889-0b7766962448,1998,Colombia,Defender,27.0
cf8d7294-703c-5a94-a7cd-e4e648e261cc,1994,Mexico,Midfielder,32.0
cf8d7294-703c-5a94-a7cd-e4e648e261cc,1998,Mexico,Midfielder,36.0
12cf902f-cc0d-5878-b45f-54c1a160ba29,1966,West Germany,Goalkeeper,27.0
138a28a3-aecb-50ee-8634-19373fab5d89,2006,Costa Rica,Forward,29.0
f2292f10-a83c-5343-8a66-bb5ead611a6b,2014,Brazil,Forward,22.0
02374e78-4512-5ccd-ae2a-5aab57e159e5,1958,Sweden,Midfielder,25.0
00ee6b37-700c-516f-ad18-e737728ebb37,1950,Paraguay,Forward,19.0
73aaf790-e15b-5bb8-a10a-08ca3af06cc4,2014,Honduras,Defender,32.0
73aaf790-e15b-5bb8-a10a-08ca3af06cc4,2010,Honduras,Defender,28.0
ddedc0b0-f178-5207-8762-42b73d1e4b69,1986,Denmark,Midfielder,34.0
7e120415-f1f9-582f-a270-75705ca49e9a,1994,Germany,Defender,30.0
d8d12d96-055a-5083-866c-fa5409bf7d32,1990,West Germany,Defender,26.0
d8d12d96-055a-5083-866c-fa5409bf7d32,1986,West Germany,Defender,22.0
93e63c15-8d8a-5733-b165-2b79fc7063b2,1994,Italy,Midfielder,27.0
93e63c15-8d8a-5733-b165-2b79fc7063b2,1990,Italy,Midfielder,23.0
aa60ead6-b662-5c66-a9ba-8b6b5424e963,1998,Argentina,Midfielder,29.0
38295bdc-53b6-532c-bcd9-06b5d109408e,1970,Italy,Midfielder,26.0
4c740019-8dda-53b7-ab78-c0accd8bef09,1934,Italy,Midfielder,30.0
d8926f3f-6e73-584d-90e9-656d7400d30f,1978,Argentina,Forward,23.0
d8926f3f-6e73-584d-90e9-656d7400d30f,1982,Argentina,Forward,27.0
32915efc-fb7b-55ca-848f-4fd97fc50019,1938,Italy,Forward,23.0
7f42eaf2-1a48-58b3-a19e-ac4d5f7cf725,2010,New Zealand,Midfielder,29.0
047ab99b-3c88-57ce-91e7-e14cef565be7,1978,France,Goalkeeper,26.0
f8f60f74-0051-57be-9715-4897a8ebda6e,1994,Russia,Forward,20.0
f8f60f74-0051-57be-9715-4897a8ebda6e,2002,Russia,Forward,28.0
7518c38e-ff79-53c4-ac05-2f5d5f90a5e2,2014,United States,Defender,27.0
ebd10b05-093a-555b-8faf-d580b7bbee5e,1966,Spain,Goalkeeper,28.0
7d42371f-71eb-54a2-ad0b-cdb70e3078f5,1982,Honduras,Forward,25.0
82b4142f-2dd3-566a-b6d0-11e338681305,2002,Portugal,Defender,26.0
96232a19-28c3-52ed-86ca-b1545fcbfe25,2018,Portugal,Goalkeeper,36.0
96232a19-28c3-52ed-86ca-b1545fcbfe25,2014,Portugal,Goalkeeper,32.0
96232a19-28c3-52ed-86ca-b1545fcbfe25,2010,Portugal,Goalkeeper,28.0
1d608091-cf4c-5f63-a0a5-ef61b9be2c66,1990,Scotland,Midfielder,31.0
1d608091-cf4c-5f63-a0a5-ef61b9be2c66,1986,Scotland,Midfielder,27.0
0e35214f-2a61-569a-8a38-201c1491ad5e,1978,Italy,Forward,28.0
87ec0317-0588-51c3-a23a-e94438fd8d6d,1970,Belgium,Defender,26.0
a2f7e331-30a2-5646-93a1-b1631f7dc401,2002,Senegal,Defender,25.0
e1b5990b-b31c-5dfb-ba6b-35cfbfd58b14,1990,Soviet Union,Defender,32.0
e1b5990b-b31c-5dfb-ba6b-35cfbfd58b14,1986,Soviet Union,Defender,28.0
e1b5990b-b31c-5dfb-ba6b-35cfbfd58b14,1982,Soviet Union,Defender,24.0
985a5da5-864a-5959-b53d-7d125dcd71f3,2014,Bosnia and Herzegovina,Defender,22.0
d1603e63-4950-55e6-8058-add0466ae847,1938,Italy,Forward,23.0
308c0bea-6318-51ca-9238-be32aed041e6,2018,Poland,Goalkeeper,31.0
a7e6346c-d005-5ba2-8f8e-5fff27178a88,1986,France,Defender,28.0
4cb1f84c-017f-5776-8717-55355383e4be,1934,Austria,Forward,21.0
0c2743a5-66ea-50c3-ad21-de113b11faae,1938,Switzerland,Forward,20.0
0c2743a5-66ea-50c3-ad21-de113b11faae,1950,Switzerland,Forward,32.0
31cfc8cc-a822-5b94-9377-430d58045847,1994,Switzerland,Midfielder,31.0
3b8da2f7-6c70-57f3-b9bd-27c95889f906,1986,Morocco,Defender,21.0
2a6af592-c454-5b72-bfdc-aeaff36a2e7a,1954,France,Midfielder,22.0
a0609348-2680-5e2d-89f3-31470714b125,1990,Czechoslovakia,Defender,28.0
44f592a3-afc8-5586-9a2b-79be8c1e0df7,2022,Poland,Midfielder,24.0
d29f35c2-b771-5cf7-a2cf-9a91d485213f,2002,Germany,Forward,34.0
d29f35c2-b771-5cf7-a2cf-9a91d485213f,1998,Germany,Forward,30.0
77694036-f623-565b-a77c-9645f03bbc44,1954,West Germany,Forward,21.0
6c37f7f6-b42b-5a3f-920d-faf3cae9e46b,1954,Switzerland,Midfielder,29.0
d721a1e8-5ca6-594b-826a-0f6b2d8eb385,2018,Argentina,Midfielder,32.0
d721a1e8-5ca6-594b-826a-0f6b2d8eb385,2014,Argentina,Midfielder,28.0
1487beba-5053-5eaa-9099-82b2a9f8de89,1950,Brazil,Midfielder,28.0
09c74ff1-b8de-5f13-b06a-2b14a7f54f7f,1982,Chile,Defender,28.0
a20becad-380c-5eca-89d5-bfc9b6ef985d,2022,Netherlands,Goalkeeper,24.0
d4d123e2-79c1-5c46-8fd7-7ca39c54ad9c,1998,Croatia,Defender,30.0
23bbc677-2627-5e8c-b41b-11ee29d64ff2,1938,Romania,Forward,26.0
23bbc677-2627-5e8c-b41b-11ee29d64ff2,1934,Romania,Forward,22.0
d0d9dc1e-6b0f-5900-9f08-523d2793f226,1958,Northern Ireland,Forward,27.0
6c623df5-9975-5ca5-bcc7-93b25709f6b8,1954,Scotland,Forward,27.0
d4e534b7-5e18-5811-a3cb-28f20d4e0158,1978,Spain,Defender,30.0
1f71368a-cd73-52fd-97e7-9050d5a8dfff,2006,Trinidad and Tobago,Midfielder,22.0
94f624ef-a449-5c4a-8160-98b7f3f78c58,2010,Slovenia,Forward,24.0
51c51b02-d59e-5317-8220-0a6690706ebc,1978,Iran,Forward,22.0
136bceb2-2295-5cd2-9740-34d79dd0747d,1990,Brazil,Midfielder,21.0
78bac97f-66bd-5d74-a031-64e73e6c2889,2002,Uruguay,Defender,22.0
b7ee141d-cd66-5d1b-9020-7db51cc207b6,1938,Switzerland,Goalkeeper,26.0
b7ee141d-cd66-5d1b-9020-7db51cc207b6,1934,Switzerland,Goalkeeper,22.0
a9b5833a-34df-5f17-9d41-d46f305c8d1f,2014,Bosnia and Herzegovina,Defender,24.0
35be3036-fa59-5b8c-8c50-679141fbe9f2,1982,Czechoslovakia,Midfielder,32.0
c741143f-703a-557d-8fb4-6d380d515ca6,2018,Iceland,Midfielder,30.0
78ad358d-75f1-5418-a493-530cbd02246a,1994,Sweden,Defender,23.0
ae04751b-e01f-5e47-9677-4a36422e6b0d,1994,Norway,Defender,25.0
ae04751b-e01f-5e47-9677-4a36422e6b0d,1998,Norway,Defender,29.0
416015cd-e5b2-50dc-ad6b-e6bdfcfbfcee,1974,Scotland,Defender,26.0
90962755-c15f-54e7-8da3-b26e187dc6bb,1998,France,Defender,33.0
bcb59cfb-05bd-52b9-b497-8b9cfade6688,1958,Northern Ireland,Midfielder,32.0
bc64bc60-c70a-5626-9f03-2b6d7e539590,1954,Mexico,Forward,27.0
bc64bc60-c70a-5626-9f03-2b6d7e539590,1958,Mexico,Forward,31.0
ca13d28f-f126-5f62-82d7-d9a37687f6e4,2010,Mexico,Forward,37.0
ca13d28f-f126-5f62-82d7-d9a37687f6e4,2002,Mexico,Forward,29.0
ca13d28f-f126-5f62-82d7-d9a37687f6e4,1998,Mexico,Forward,25.0
e44c4582-8fd3-5386-bf5c-2214a2e854ad,1950,Italy,Defender,27.0
4268abff-26d2-5dfc-92a8-57845889546c,2006,Czech Republic,Goalkeeper,34.0
debbf902-6fba-5e0c-9d60-db80b5666e91,2014,Netherlands,Defender,24.0
debbf902-6fba-5e0c-9d60-db80b5666e91,2022,Netherlands,Defender,32.0
369a6f00-e11a-558b-9648-34d704482cf3,1994,Netherlands,Defender,33.0
369a6f00-e11a-558b-9648-34d704482cf3,1990,Netherlands,Defender,29.0
e3b63a7f-1d97-560e-9578-e60d403eab94,1990,United States,Defender,25.0
0a473c6f-77ee-592e-a218-b3cf40470ceb,1974,East Germany,Goalkeeper,33.0
139de5fb-297a-5ff0-8427-400185517fbf,1986,Soviet Union,Forward,34.0
139de5fb-297a-5ff0-8427-400185517fbf,1982,Soviet Union,Forward,30.0
b27bfbf9-dcb6-540c-a329-3ef3abd75a42,1994,Sweden,Midfielder,20.0
9da844e2-2be7-5ca5-9d31-2ec264cd8214,1978,Scotland,Goalkeeper,23.0
e75c402e-2582-5bb8-92c0-474cd28e3151,2006,Portugal,Forward,29.0
9ed6a3d1-d1d7-56f9-8a45-f3a5a9467e26,2010,Ghana,Midfielder,27.0
9ed6a3d1-d1d7-56f9-8a45-f3a5a9467e26,2006,Ghana,Midfielder,23.0
3f880e06-3149-506f-a14f-d56b457d54ee,2018,Germany,Defender,30.0
3f880e06-3149-506f-a14f-d56b457d54ee,2014,Germany,Defender,26.0
3f880e06-3149-506f-a14f-d56b457d54ee,2010,Germany,Defender,22.0
e4a74717-5f99-56e5-bea2-2163f3775062,2014,Ghana,Midfielder,27.0
e4a74717-5f99-56e5-bea2-2163f3775062,2010,Ghana,Midfielder,23.0
f9aebf25-368d-59fc-bcb8-f844d773d2e7,1982,New Zealand,Midfielder,24.0
153833cd-3484-58b8-9e68-2846527dd325,1974,Zaire,Defender,24.0
50b3821b-fcd8-50dd-bc4f-828f3f6344c2,2010,Paraguay,Goalkeeper,34.0
50b3821b-fcd8-50dd-bc4f-828f3f6344c2,2006,Paraguay,Goalkeeper,30.0
63143909-b772-5548-be78-77799ff2b4ae,1998,Croatia,Midfielder,30.0
2802869a-c179-5db5-8ff3-c6d2517d6c2e,1954,Yugoslavia,Midfielder,31.0
2802869a-c179-5db5-8ff3-c6d2517d6c2e,1950,Yugoslavia,Midfielder,27.0
943f5921-7840-5e3a-bc29-ee122a292dcc,2010,United States,Defender,31.0
943f5921-7840-5e3a-bc29-ee122a292dcc,2006,United States,Defender,27.0
c87f9105-efbc-58a6-acd7-f2720c135ba5,2010,Italy,Defender,24.0
d533eefd-9004-5256-ae47-1e40b34c21d9,1986,Argentina,Midfielder,32.0
2d451995-b681-51ff-8553-6bf81948f203,1954,Switzerland,Defender,33.0
2d451995-b681-51ff-8553-6bf81948f203,1950,Switzerland,Defender,29.0
1d2140ab-541b-5c2b-acdc-53b492d684e8,1990,Belgium,Goalkeeper,28.0
1d2140ab-541b-5c2b-acdc-53b492d684e8,1986,Belgium,Goalkeeper,24.0
70709313-b1d6-54b8-b226-dbe72186a5a6,2002,Germany,Midfielder,33.0
8e765da9-86f0-56cc-b0eb-30b49cc82645,1938,Romania,Forward,26.0
8e765da9-86f0-56cc-b0eb-30b49cc82645,1934,Romania,Forward,22.0
b13cbafb-174c-5a3b-a43b-47b9175d4ad9,1982,Hungary,Forward,26.0
9c753c50-0c7b-5490-8ee1-9a09941fe5c1,1994,Belgium,Midfielder,29.0
9c753c50-0c7b-5490-8ee1-9a09941fe5c1,2002,Belgium,Midfielder,37.0
9c753c50-0c7b-5490-8ee1-9a09941fe5c1,1998,Belgium,Midfielder,33.0
fb7299ef-84c8-5913-879d-99aa5cfcadc4,1998,Netherlands,Defender,28.0
ef9857aa-cee0-5cc0-960a-0320adb47d39,1938,Romania,Forward,23.0
60be1001-6671-5d48-be3e-f48d400a8b62,1958,Argentina,Forward,27.0
30f4edac-de38-579b-9ae5-f873909577ba,2002,France,Midfielder,32.0
30f4edac-de38-579b-9ae5-f873909577ba,1998,France,Midfielder,28.0
f9246b14-ef5d-59b5-a170-3dd9eacd8f31,1974,Yugoslavia,Midfielder,24.0
1a86ad9b-0dd7-5821-afaf-b57a95e5194c,1986,Hungary,Midfielder,25.0
e3d33e23-81f8-551d-bbd1-ff4b86e96871,1994,Norway,Midfielder,25.0
8135d6ce-3e7a-5437-a319-aaf6a99d4545,2014,Ivory Coast,Defender,31.0
8135d6ce-3e7a-5437-a319-aaf6a99d4545,2010,Ivory Coast,Defender,27.0
8135d6ce-3e7a-5437-a319-aaf6a99d4545,2006,Ivory Coast,Defender,23.0
0c7f6866-9577-573f-b9e0-b726c339d736,2002,Croatia,Forward,32.0
96225457-20b5-5790-8563-d1ee62a479b7,1990,Yugoslavia,Forward,20.0
6437e988-2ee6-50da-8fba-c337fe985be9,1954,Turkey,Defender,26.0
b279a815-0ef6-5a55-95bb-5fdcef92711c,2010,Argentina,Midfielder,25.0
d9c0d55d-5883-5143-8b59-f34ee9d43156,1998,Colombia,Midfielder,21.0
d8c639c5-29d1-53b6-a9dc-aa353cf21a05,2018,Costa Rica,Midfielder,34.0
d8c639c5-29d1-53b6-a9dc-aa353cf21a05,2014,Costa Rica,Midfielder,30.0
d8c639c5-29d1-53b6-a9dc-aa353cf21a05,2006,Costa Rica,Midfielder,22.0
a486975f-bdaa-5a0e-bc85-aaa71d1a8235,2014,Ivory Coast,Forward,24.0
7448e227-fc08-5d7b-8d61-bec42f36b518,1962,Czechoslovakia,Defender,23.0
a876bbb3-7ffd-5491-bb91-d7c7becf0897,2002,Argentina,Goalkeeper,32.0
13a95aea-7498-5cd4-a3ca-7e47247b83d0,2014,Ecuador,Goalkeeper,26.0
4e7a86e3-f816-57af-8e80-4eac17ff9f36,2010,Paraguay,Defender,33.0
4e7a86e3-f816-57af-8e80-4eac17ff9f36,2002,Paraguay,Defender,25.0
4e7a86e3-f816-57af-8e80-4eac17ff9f36,2006,Paraguay,Defender,29.0
710d8c5c-ac5f-5ab9-ba16-02352653b5f2,1966,England,Goalkeeper,25.0
710d8c5c-ac5f-5ab9-ba16-02352653b5f2,1970,England,Goalkeeper,29.0
de24f892-15e7-5b5a-a28e-ba0e8e24f65e,1970,Bulgaria,Forward,23.0
de24f892-15e7-5b5a-a28e-ba0e8e24f65e,1974,Bulgaria,Forward,27.0
2ba0facb-0d41-54b4-8581-0ff37e51d7b4,1930,Mexico,Goalkeeper,25.0
31f1b68d-7932-548b-9a21-99bc8b1e9b3a,2010,Cameroon,Defender,22.0
9f4f8985-8644-5e0c-b49f-113e9d7ecdbf,1978,West Germany,Midfielder,26.0
9f4f8985-8644-5e0c-b49f-113e9d7ecdbf,1974,West Germany,Midfielder,22.0
32d47330-a4da-51a8-ada9-d0fa53bcb6c4,1978,Poland,Midfielder,22.0
32d47330-a4da-51a8-ada9-d0fa53bcb6c4,1986,Poland,Midfielder,30.0
32d47330-a4da-51a8-ada9-d0fa53bcb6c4,1982,Poland,Midfielder,26.0
b9bea45b-2e2d-5807-b8ba-7b4626238a0f,1970,Italy,Forward,27.0
b9bea45b-2e2d-5807-b8ba-7b4626238a0f,1974,Italy,Forward,31.0
9041eccc-6528-5279-9c5f-d04867e88dcd,1954,Italy,Forward,26.0
9041eccc-6528-5279-9c5f-d04867e88dcd,1950,Italy,Forward,22.0
a526d7e7-ce3c-5d7d-8698-43c060b9d286,1966,France,Midfielder,27.0
65d64359-1757-5c94-a1fb-a7a602f795b8,1994,Republic of Ireland,Goalkeeper,34.0
65d64359-1757-5c94-a1fb-a7a602f795b8,1990,Republic of Ireland,Goalkeeper,30.0
fe51cc7a-e713-5c94-99c6-2ac9e76f410a,2014,Italy,Defender,27.0
fe51cc7a-e713-5c94-99c6-2ac9e76f410a,2010,Italy,Defender,23.0
0e00d664-0090-5bcb-b729-50d69d5caee8,1982,Chile,Midfielder,27.0
ec3ceb2f-834d-5ef5-961b-a734a53e9aa0,2014,Ivory Coast,Forward,26.0
7cbe4b82-69b8-5c13-860c-2834cf80eff2,1930,United States,Forward,26.0
e239a478-8826-58dc-8c25-06378049a82e,2010,South Africa,Defender,33.0
3c77f248-50e0-53c5-822f-ecf4b0cd044a,1998,Scotland,Forward,27.0
1798dff6-71dd-5f2b-a45b-b821e4a08d67,1970,Israel,Midfielder,26.0
0b5d824c-7e1c-50a9-ae5b-f529328a680a,1950,Mexico,Forward,30.0
225fbe88-41c2-53f7-b03a-5d612912bb31,1978,Italy,Goalkeeper,27.0
225fbe88-41c2-53f7-b03a-5d612912bb31,1982,Italy,Goalkeeper,31.0
b5255a84-de38-5253-92cb-fe8306b4ac3b,1934,Italy,Forward,20.0
f4fa734a-9e86-513b-b0ab-6e13c9675eef,1994,Argentina,Defender,30.0
b59722ea-88ea-537b-a500-a80899b025d6,1978,Sweden,Defender,25.0
bf12886e-066a-5247-9fb8-f67ec864f26f,1954,Uruguay,Forward,22.0
655689ca-f69a-54f6-87f9-223ec01f6680,2018,Costa Rica,Midfielder,30.0
655689ca-f69a-54f6-87f9-223ec01f6680,2014,Costa Rica,Midfielder,26.0
655689ca-f69a-54f6-87f9-223ec01f6680,2022,Costa Rica,Midfielder,34.0
d7d8be4c-3701-503e-8c2f-6a581e779e63,2002,Mexico,Forward,29.0
d7d8be4c-3701-503e-8c2f-6a581e779e63,2006,Mexico,Forward,33.0
93d07fcd-4693-59e3-abed-28f897c0a696,1986,Argentina,Midfielder,22.0
618d023d-94db-54e3-96df-2004583c4ae3,1950,United States,Goalkeeper,25.0
8b0f4523-ee66-57e4-b15f-b9acf206ae36,2006,Iran,Forward,23.0
a4b1e69a-ced7-58b4-86f4-bf9e0d4ad6ce,1994,Bulgaria,Midfielder,24.0
a4b1e69a-ced7-58b4-86f4-bf9e0d4ad6ce,1998,Bulgaria,Midfielder,28.0
8b5d9d8e-41a4-5bf7-ac92-84367d2f6934,1974,Bulgaria,Forward,24.0
47fecb0e-87af-5383-92d5-7314c7c085a6,1994,Bolivia,Midfielder,38.0
6680a514-3c45-5f85-8ce8-f9c2ce449d0b,1966,Mexico,Forward,21.0
6680a514-3c45-5f85-8ce8-f9c2ce449d0b,1970,Mexico,Forward,25.0
efefa416-577b-5321-a3e2-94611f3b8289,2006,Ecuador,Forward,23.0
c237dd14-e629-5bb3-9374-d0c765d402a6,2018,Colombia,Forward,25.0
3a787c7c-2c91-59fa-8dc7-7c8c042d7cec,2022,Canada,Goalkeeper,35.0
2c656f1e-5307-5594-ad2f-5efbab3dcefa,1994,Belgium,Defender,31.0
2c656f1e-5307-5594-ad2f-5efbab3dcefa,1998,Belgium,Defender,35.0
63fd0eba-07e8-58f5-b565-da16fb5808b3,2010,United States,Defender,26.0
5c896a73-27ef-5d6f-970d-da98ea09d081,1994,Russia,Midfielder,32.0
a2ff1ba8-27da-5cf5-b0ee-145d681166e0,1990,Soviet Union,Midfielder,28.0
24e5fe27-85b3-5c79-91da-e7113cb99c75,1998,Iran,Goalkeeper,26.0
9f1bd041-dab6-5ad6-b2ac-e78a082c8c3e,1958,Czechoslovakia,Forward,27.0
9f1bd041-dab6-5ad6-b2ac-e78a082c8c3e,1962,Czechoslovakia,Forward,31.0
cd450ee2-8153-5bb0-a786-a4f78f437afc,1982,Soviet Union,Defender,26.0
81d55ddb-5084-5882-a0e7-f2acbda2f601,2006,Germany,Midfielder,26.0
81ea534b-4263-5c21-8f4b-c4be615fd538,2006,Poland,Goalkeeper,26.0
d0d99ea1-797e-5ed4-bc15-e666ebeb2d51,2006,Poland,Defender,31.0
8363e262-fd81-5456-aaa6-d2d33d3763ee,1934,Spain,Midfielder,27.0
7cf82916-1f0b-5048-b875-852c69f847fb,2010,Netherlands,Goalkeeper,40.0
fe85bc1e-61fb-501c-b259-8f9267df2059,1978,Netherlands,Midfielder,30.0
71111a1a-4700-5b11-8d6e-edee50089113,1994,Netherlands,Forward,29.0
7c12f886-6dfc-5e2c-8f60-16c192f740df,1966,France,Defender,24.0
8de34019-64b8-5bab-b9dc-6896b028b9af,1934,Switzerland,Forward,23.0
fd5b7f9b-240f-579c-8566-cf1341a266db,1986,Uruguay,Midfielder,26.0
0b2e6d30-6fa9-585f-9806-518b0dd2a8e0,1930,Argentina,Goalkeeper,25.0
809c3782-8f17-5f56-ae18-cf8266e4a767,1978,France,Defender,23.0
809c3782-8f17-5f56-ae18-cf8266e4a767,1986,France,Defender,31.0
809c3782-8f17-5f56-ae18-cf8266e4a767,1982,France,Defender,27.0
fd3ea5a2-4887-5bee-9878-94a790a7a52f,2014,Belgium,Goalkeeper,29.0
333ac593-d4fc-54c8-bd65-b692187ea222,1930,Argentina,Goalkeeper,22.0
8d83f456-7579-5341-91a2-e8dc61025069,2002,Tunisia,Midfielder,29.0
8d83f456-7579-5341-91a2-e8dc61025069,2006,Tunisia,Midfielder,33.0
8d83f456-7579-5341-91a2-e8dc61025069,1998,Tunisia,Midfielder,25.0
87e7c2bc-f5be-5d59-88b3-ee391c464cfc,2010,Algeria,Midfielder,20.0
293ee6d7-75a7-57cf-9c08-149d057f8d2d,1986,Morocco,Midfielder,26.0
9ff985c8-777a-59ff-a018-d228399901e3,2022,Qatar,Midfielder,32.0
96300110-2618-5e5d-99e3-dba9e6785254,2022,Morocco,Midfielder,29.0
d9f1c6c0-b786-5839-bb68-da3aaa33027b,2014,Algeria,Defender,32.0
d9f1c6c0-b786-5839-bb68-da3aaa33027b,2010,Algeria,Defender,28.0
beb17e6d-1a23-50dd-a111-9aa4130553ed,2018,Morocco,Forward,31.0
bdf5278d-8621-5e9d-b903-cd563fa0e32e,1998,Tunisia,Defender,31.0
3781cb89-728c-5442-8371-54cc145dff1d,2002,Cameroon,Goalkeeper,30.0
3781cb89-728c-5442-8371-54cc145dff1d,1998,Cameroon,Goalkeeper,26.0
290d7bb7-2f5a-55f6-b841-cd001f41895a,2010,Netherlands,Defender,29.0
290d7bb7-2f5a-55f6-b841-cd001f41895a,2006,Netherlands,Defender,25.0
b4c04ef3-4324-5eb2-8b42-8fdb10d20218,2002,Tunisia,Goalkeeper,36.0
b4c04ef3-4324-5eb2-8b42-8fdb10d20218,2006,Tunisia,Goalkeeper,40.0
b4c04ef3-4324-5eb2-8b42-8fdb10d20218,1998,Tunisia,Goalkeeper,32.0
9b3862b9-6959-58b0-8b94-d1d8ecf24683,2006,France,Defender,27.0
9357cd42-9f53-526a-90e8-bad57d9e569e,2018,Morocco,Goalkeeper,27.0
9357cd42-9f53-526a-90e8-bad57d9e569e,2022,Morocco,Goalkeeper,31.0
9893f15a-1a1c-53b6-b48d-0e219b560d53,1938,France,Midfielder,25.0
cb9b8d7b-f2ef-5fd6-9ca8-1cf1264e50aa,1982,Algeria,Forward,31.0
13784fae-2005-540e-83c3-eb9aec5e6e06,1934,Belgium,Midfielder,26.0
d8cbf3a7-fdfc-50c8-85ba-ffd9e71608b9,2018,Morocco,Midfielder,34.0
f39733e6-9483-5f33-841b-1be809b91904,2018,Morocco,Forward,31.0
43a10686-790a-5098-ae19-40a7fa8ce16e,1986,Morocco,Defender,31.0
334f570d-3b89-555b-947c-0a66f62eb882,1994,Morocco,Forward,28.0
ddd3be63-37a8-5fa2-b6c2-5366bfd9f81e,2002,Tunisia,Defender,32.0
ecd8b7be-2039-5a6a-abda-70f3774e86cd,1938,Czechoslovakia,Midfielder,26.0
ecd8b7be-2039-5a6a-abda-70f3774e86cd,1934,Czechoslovakia,Midfielder,22.0
b94846bd-10cc-5f81-b79b-0b08efc9c118,1958,Wales,Midfielder,30.0
bcfcf7b5-c7de-53f0-ac67-f6d393c9b572,1986,Mexico,Midfielder,35.0
50ccea8b-729e-5041-b108-aeeb2227ac5b,2018,Belgium,Defender,28.0
7aaf001d-2c99-5492-b619-eca2fb2df9dd,1998,Scotland,Defender,33.0
478173f5-f8e5-5783-b80a-bf23837908d5,1998,Jamaica,Forward,26.0
6afd5cef-7a80-5ce7-b328-6463de250fc8,2014,Ghana,Defender,27.0
5c15bf11-f8f9-58d5-82bb-bf2f84539786,2010,New Zealand,Defender,27.0
3f9997e8-f670-56bb-b299-29ac38d67f33,2014,Australia,Midfielder,25.0
9e8953f0-6381-5ffd-ba6e-c4bfb162b1a6,1954,Hungary,Defender,29.0
9e8953f0-6381-5ffd-ba6e-c4bfb162b1a6,1958,Hungary,Defender,33.0
8deb5570-e3d8-58ee-8725-52b7a74b9c36,1954,Yugoslavia,Defender,23.0
8deb5570-e3d8-58ee-8725-52b7a74b9c36,1958,Yugoslavia,Defender,27.0
f0a343f2-d27c-503a-8db1-76d7c5052c0f,2006,Croatia,Forward,27.0
592c7266-c961-5e78-b636-f6abf8e4f6cb,2010,Netherlands,Defender,27.0
e1403b29-a335-5efe-9fa5-9894c4f9da65,1958,England,Forward,21.0
efbe7fa5-510e-5a32-8ac8-23c5eb0e648e,1978,France,Defender,27.0
76b9a719-a07a-55cc-a9d7-9c30c23542d5,2018,Croatia,Midfielder,26.0
62ecd162-91e9-519a-9112-8d06145bffdc,2014,United States,Midfielder,27.0
62ecd162-91e9-519a-9112-8d06145bffdc,2010,United States,Midfielder,23.0
63935df1-189d-5c41-b600-5ffdea2769d0,1938,Czechoslovakia,Forward,25.0
5ddbb8ee-928b-5c14-8a67-4280f3c8cd5b,1938,Belgium,Goalkeeper,26.0
cf3852fd-f01b-5b5d-ad0d-4f206582da24,2014,Algeria,Midfielder,24.0
98d5448e-414e-5907-8dc0-6db964c389db,1930,Belgium,Midfielder,30.0
46e4109a-dfd5-54f9-8393-4e6051e6081c,1938,Belgium,Forward,31.0
37d719f0-a5c9-5ec2-ac04-836e76f08a94,2018,Denmark,Forward,27.0
37d719f0-a5c9-5ec2-ac04-836e76f08a94,2022,Denmark,Forward,31.0
d1498f08-7f3e-57ec-bb93-a44e6e31ebfc,1994,Brazil,Defender,30.0
d1498f08-7f3e-57ec-bb93-a44e6e31ebfc,1990,Brazil,Defender,26.0
d1498f08-7f3e-57ec-bb93-a44e6e31ebfc,1986,Brazil,Defender,22.0
8bdec9fb-303e-5eb6-b3b0-d15b2d85ccac,1938,Romania,Midfielder,25.0
c48bda6e-d6f5-5549-bcfe-d6abefa20b8f,2018,Germany,Midfielder,22.0
c48bda6e-d6f5-5549-bcfe-d6abefa20b8f,2022,Germany,Midfielder,26.0
3fb7e63a-f370-5da3-9631-b64c5d626247,1978,Netherlands,Defender,22.0
1cb7372d-c466-55cb-8589-1f1808ef6917,1938,Brazil,Midfielder,27.0
ef5c649d-f62a-52ab-b1fd-5c438438a9b7,1954,Brazil,Defender,29.0
92917b71-112d-5d7d-b3ae-b64db2d9afcd,1974,East Germany,Defender,30.0
9f117740-7b7f-5633-9487-ff2985390ea5,1994,Norway,Defender,33.0
23aaacdf-6dd1-5cc3-a300-5e0b47b96b9f,1934,Austria,Forward,27.0
554e9336-e4bc-5dfd-b4d5-fa82186c21ad,1938,Romania,Forward,33.0
d1c3fe09-b5ca-5d00-9ccb-03bbaf650fba,2014,Chile,Goalkeeper,31.0
d1c3fe09-b5ca-5d00-9ccb-03bbaf650fba,2010,Chile,Goalkeeper,27.0
9f7f6b34-e3b5-5ad0-86ea-6b8111c06923,2006,Mexico,Forward,26.0
4eaafe6e-711a-5f29-9e63-f25fc04bfb6a,1954,Mexico,Defender,27.0
f578364d-1d19-5dd2-8575-c81dccb3b3c3,1982,Scotland,Forward,23.0
6d9baa84-2335-52dd-bb9e-7a33f10e239d,2002,Republic of Ireland,Defender,29.0
9350a84e-d19f-50ba-b51e-1aeec1b637eb,1994,Switzerland,Midfielder,36.0
704afd5b-1504-575d-8218-b69e1bc1fca8,1990,West Germany,Defender,30.0
704afd5b-1504-575d-8218-b69e1bc1fca8,1986,West Germany,Defender,26.0
748dafc3-c034-5547-a761-ac4af2c34edf,1994,Germany,Defender,34.0
6859e720-b04a-59cc-86d6-62b50d01c93c,1978,Austria,Defender,24.0
674fbf19-d950-58b9-a59d-bf402d5f6aec,1974,West Germany,Defender,23.0
674fbf19-d950-58b9-a59d-bf402d5f6aec,1982,West Germany,Defender,31.0
a5995e87-5c39-5c35-8959-348e8304ed21,2022,Brazil,Defender,25.0
efd68d32-39e6-543b-8c6d-6b9999ba0875,1974,Scotland,Midfielder,32.0
c864157b-ff05-5453-b37c-ebf32e28e054,2014,Costa Rica,Forward,31.0
002d6016-6c77-58c8-bc1a-312829da1c8d,2014,Australia,Midfielder,34.0
002d6016-6c77-58c8-bc1a-312829da1c8d,2010,Australia,Midfielder,30.0
002d6016-6c77-58c8-bc1a-312829da1c8d,2006,Australia,Midfielder,26.0
7ad7890b-9397-5917-96a6-3053b6fa3a7a,2010,Slovenia,Defender,26.0
fbeac37a-cb11-5330-b143-cfbdfd2a84e9,1934,Belgium,Forward,23.0
a819895b-0ec1-566c-9307-5b8d5539e672,1986,Canada,Defender,27.0
a3aae72d-de70-5e51-a01e-3563a4cd6812,2002,England,Defender,22.0
a3aae72d-de70-5e51-a01e-3563a4cd6812,2006,England,Defender,26.0
bcfc31c6-894b-5a88-8712-756ee7d6df07,1986,West Germany,Defender,31.0
bcfc31c6-894b-5a88-8712-756ee7d6df07,1982,West Germany,Defender,27.0
229ba4e0-4251-5d5f-ba59-257ae249f85e,1982,New Zealand,Defender,33.0
6949404f-9881-5eff-aa0b-404dccc88e64,1930,Brazil,Defender,26.0
874e4127-b010-5a44-a676-40db8d682199,1974,Argentina,Midfielder,24.0
bc19752f-9f8b-5287-8063-bf4f34af4d5f,1930,Bolivia,Midfielder,29.0
a854636e-395b-5516-801f-6c02dd3c1419,1966,Brazil,Defender,27.0
a854636e-395b-5516-801f-6c02dd3c1419,1970,Brazil,Defender,31.0
df7167ab-6c2f-5a43-b9db-6b8bdc0045a2,1950,Uruguay,Forward,24.0
cd5a4e5a-40fd-5214-ab49-9991354a6768,1938,Brazil,Midfielder,24.0
438c94e6-14a4-5dc8-98f6-bbf87f223c10,1998,Paraguay,Forward,29.0
33668cbf-8db6-56a1-925b-207db2ad0c5f,2014,Mexico,Midfielder,24.0
373f933a-6654-57af-841f-0a41ac369ed0,1998,Yugoslavia,Midfielder,31.0
d5518856-ebce-5858-ba87-010cde91806e,1990,Yugoslavia,Midfielder,27.0
f3f33b28-9654-56b5-9679-91563b41a4d5,1958,England,Forward,25.0
14701f2b-e836-5df1-853d-c915ed0403c9,1954,England,Forward,32.0
e94c2a1d-6b81-5a1d-a1ca-5472a795ddb3,2010,New Zealand,Midfielder,23.0
9a7eba5c-f63d-5535-88e5-71178a530e93,1966,Switzerland,Defender,33.0
8475a226-428e-5585-b2c8-5016c2694b71,1950,Yugoslavia,Defender,29.0
9c7f4c77-f721-55ac-9759-72865ba0464c,1994,Sweden,Forward,25.0
9c7f4c77-f721-55ac-9759-72865ba0464c,1990,Sweden,Forward,21.0
76d598f8-a6d9-554e-b044-c08beca8e11d,1938,Poland,Goalkeeper,17.0
6dfc960a-8e1b-59ef-8f5c-469d6b742b5d,2018,Tunisia,Defender,23.0
6dfc960a-8e1b-59ef-8f5c-469d6b742b5d,2022,Tunisia,Defender,27.0
eff03a77-6632-5163-9498-a90628b37bf0,1982,England,Midfielder,34.0
3f97702f-449c-5c5d-aa59-90e3aee34fa4,2014,United States,Defender,21.0
d4330d6c-5b36-5014-a64c-607015f4026c,1986,Belgium,Defender,34.0
68a132cd-d3c4-5079-8a32-984533ae7457,1990,Soviet Union,Midfielder,28.0
cbdcddc5-01e2-58cb-a99b-076f6a1c1b96,1982,Northern Ireland,Forward,26.0
eb976411-6a14-5a70-ab2e-0780e2c09f63,1954,Scotland,Forward,28.0
2590fb2f-e8fa-540e-8bc6-dbef9d4084a6,1958,Scotland,Goalkeeper,27.0
f4e603b1-c1a6-536d-b54a-35ab98d1da25,1998,Jamaica,Defender,34.0
fa97a585-8e84-5616-8bbe-104ed80b5dc6,1930,United States,Forward,22.0
bb5c8dab-0687-56e7-bf6c-a34f581dc8e9,1986,Argentina,Defender,30.0
9247c194-737c-5e0f-ade2-5bf64f34715b,2002,Mexico,Defender,23.0
2f0ea0f4-26cb-59da-a6c3-2abf1442ff13,2010,New Zealand,Midfielder,29.0
f47a2202-d3d4-594b-be5a-29228c64f3b8,1950,Bolivia,Forward,23.0
4256639f-a687-5299-8ce1-dc1453013501,2002,England,Defender,23.0
1c3798d7-6572-5ea8-aa1a-c9699a84223a,2018,Croatia,Midfielder,26.0
1c3798d7-6572-5ea8-aa1a-c9699a84223a,2014,Croatia,Midfielder,22.0
1c3798d7-6572-5ea8-aa1a-c9699a84223a,2022,Croatia,Midfielder,30.0
cef639db-8984-5faf-9784-3bbf0202b42e,2006,Poland,Forward,23.0
c0ea2fa9-c384-5af8-89fd-c67a0f91d21c,1958,France,Forward,26.0
5d3e6828-4e19-5063-bfab-24b1765fed47,1994,Switzerland,Goalkeeper,31.0
60bcc7db-0a3f-5cba-9012-b0807734a7df,1938,France,Forward,25.0
e1d220da-a706-5285-a290-08f77453a4e2,1938,Norway,Forward,26.0
527ec0cd-9933-515c-98d5-e3ba012b9e64,2002,Costa Rica,Forward,25.0
aca36320-f291-50f3-817c-abc47bc3cd26,1938,Norway,Forward,21.0
777d424b-3014-57f7-9b1f-deab47d77e66,1966,West Germany,Midfielder,29.0
777d424b-3014-57f7-9b1f-deab47d77e66,1962,West Germany,Midfielder,25.0
f73391a6-3469-557d-8c40-3bf9c0dca546,1958,Czechoslovakia,Defender,25.0
f73391a6-3469-557d-8c40-3bf9c0dca546,1962,Czechoslovakia,Defender,29.0
a24aa810-901b-5b0d-b493-63b277aa4acc,1986,Soviet Union,Defender,31.0
6ece9dd1-6bdf-5500-9048-198e3acf8319,1958,Soviet Union,Forward,25.0
cec9a911-8e60-59d7-952b-90be4f9559ea,1994,Italy,Goalkeeper,25.0
4ee98ba3-163b-5692-9049-c48aec947490,1978,Scotland,Defender,29.0
4ee98ba3-163b-5692-9049-c48aec947490,1974,Scotland,Defender,25.0
17ceb06b-a294-53f6-b581-e0a94705b76e,2022,Canada,Forward,23.0
edfa5f2c-e16e-52c6-9b70-f79ee60749ba,1938,Germany,Goalkeeper,29.0
edfa5f2c-e16e-52c6-9b70-f79ee60749ba,1934,Germany,Goalkeeper,25.0
6a2d783d-f5d9-5911-83b8-4e1c9e621156,1990,West Germany,Defender,29.0
6a7cb253-fb74-56b8-8f1d-35b26844efdb,1994,Germany,Defender,33.0
91f63fca-e607-51a7-b678-7acae12a63a7,2002,South Africa,Midfielder,25.0
91f63fca-e607-51a7-b678-7acae12a63a7,1998,South Africa,Midfielder,21.0
0879c819-4fb9-5269-9dc0-e3faedd9f689,1954,Hungary,Midfielder,26.0
0879c819-4fb9-5269-9dc0-e3faedd9f689,1958,Hungary,Midfielder,30.0
5a137152-d497-5973-924d-496110ef6f97,2010,United States,Forward,29.0
08470faa-caf7-5e16-8f80-0a837bf94938,2022,Croatia,Forward,31.0
5cf44136-263d-5a1b-a45a-14c26bc9df22,1966,France,Defender,26.0
9de8ee17-a075-5561-9621-1baa871769f4,2006,Angola,Forward,26.0
20e2b3f8-61d4-5f57-95fb-47ec703bf1ed,1982,Honduras,Midfielder,27.0
3d75230c-f4fd-5942-8a69-e613e0b0ab78,2014,Italy,Goalkeeper,36.0
3d75230c-f4fd-5942-8a69-e613e0b0ab78,2010,Italy,Goalkeeper,32.0
3d75230c-f4fd-5942-8a69-e613e0b0ab78,2002,Italy,Goalkeeper,24.0
3d75230c-f4fd-5942-8a69-e613e0b0ab78,2006,Italy,Goalkeeper,28.0
3d75230c-f4fd-5942-8a69-e613e0b0ab78,1998,Italy,Goalkeeper,20.0
7bc1b218-1b07-5443-94a4-1e9d8d61644a,1962,Italy,Goalkeeper,33.0
8b6b87af-ccc4-5477-8aae-4acb810b9177,2022,Ghana,Midfielder,24.0
c297878d-8140-589a-96da-20e8994d8d3b,2002,Slovenia,Defender,27.0
1d520c28-fb9a-597e-a119-bc1f43feef29,1966,Italy,Midfielder,26.0
1d520c28-fb9a-597e-a119-bc1f43feef29,1962,Italy,Midfielder,22.0
582f6540-8a71-52ea-b3bd-8ad46a1362b7,1974,Yugoslavia,Defender,25.0
1ff8a71d-2c96-51da-8028-9ff2207fc276,1974,Australia,Forward,27.0
b4dd0900-4172-5737-aa89-66aad7b19486,1990,England,Forward,25.0
75aaa92f-d2d6-5e2d-9871-37007f724c09,1982,Honduras,Defender,36.0
5fd6d8c1-e1f4-5d12-b042-2ffc3f831a67,1974,Poland,Defender,23.0
bbdda883-ec08-547a-a5e0-aca0474c40d5,2022,South Korea,Goalkeeper,25.0
483c1251-d97a-55c9-825f-b534f7b34be3,1986,Poland,Midfielder,27.0
483c1251-d97a-55c9-825f-b534f7b34be3,1982,Poland,Midfielder,23.0
8644138a-80e2-5b44-944b-b11cfb4169d4,1958,Hungary,Forward,30.0
25f25a69-4ff5-54b3-a857-47faf52bba5f,2010,Switzerland,Forward,27.0
b29c495f-a721-5b5e-b20e-31dcc93dac75,1938,Sweden,Forward,26.0
b29c495f-a721-5b5e-b20e-31dcc93dac75,1934,Sweden,Forward,22.0
fc8779d2-7f38-505e-bea7-729dbd11bf31,2002,Ecuador,Midfielder,33.0
b581b0d2-e1dc-5924-aee4-1cfee61c51cb,1986,Hungary,Midfielder,32.0
534fdf6b-0bf9-559e-9aed-a63ef9f9d29d,1978,West Germany,Goalkeeper,28.0
0457a67e-fae0-5277-b545-5043e7bb3a4f,2010,Argentina,Defender,29.0
0457a67e-fae0-5277-b545-5043e7bb3a4f,2006,Argentina,Defender,25.0
8f1303fb-0fdb-5cae-b65c-8204da7414e2,1954,England,Goalkeeper,27.0
6dc085a3-d549-5e14-952f-835d7e162b59,1966,Italy,Defender,27.0
6dc085a3-d549-5e14-952f-835d7e162b59,1970,Italy,Defender,31.0
6dc085a3-d549-5e14-952f-835d7e162b59,1974,Italy,Defender,35.0
8ce5dc65-f2b3-5667-ab24-e963281b8ed8,2002,Argentina,Goalkeeper,33.0
8ce5dc65-f2b3-5667-ab24-e963281b8ed8,1998,Argentina,Goalkeeper,29.0
d848a489-d155-5f7d-8a63-4122f8142d05,1938,Czechoslovakia,Defender,32.0
d848a489-d155-5f7d-8a63-4122f8142d05,1934,Czechoslovakia,Defender,28.0
439e017b-0408-5eca-bdc1-9f92b76012b8,1950,Uruguay,Forward,27.0
8a6e3d89-ae22-57b3-aee9-46f04954b5d4,1938,Czechoslovakia,Goalkeeper,29.0
aa671ff5-80af-5fc1-819f-a5537bec2438,1998,Scotland,Midfielder,27.0
8d4e437d-8306-5624-b35e-099aa4cb87ae,1982,Scotland,Defender,26.0
85df6e47-44fa-54c1-8093-85fd79f3faa0,1978,Scotland,Defender,25.0
91595d70-8b91-538b-a6ef-25bc146eb098,1994,United States,Defender,24.0
91595d70-8b91-538b-a6ef-25bc146eb098,1998,United States,Defender,28.0
1667a349-93f3-5369-a522-9dfd6da2b9c0,1990,Argentina,Midfielder,28.0
1667a349-93f3-5369-a522-9dfd6da2b9c0,1986,Argentina,Midfielder,24.0
046ea991-d58d-59ae-ad47-04a76ff65fe6,1998,Jamaica,Forward,22.0
2a26c76f-a1f9-5901-940b-894ea3b38266,2002,Turkey,Midfielder,29.0
e2b07676-14bf-5367-a560-18faa3b009d7,1982,Soviet Union,Midfielder,29.0
daf7e6ed-e2a5-5a28-8eb8-300fa380ff03,1934,Germany,Defender,27.0
31aa318f-b74c-53d7-8275-6230a7d0e268,1986,Denmark,Defender,33.0
f923119d-6cb5-55a3-bd98-aa976079aa11,1950,Chile,Midfielder,30.0
a993d9b2-a32f-5d2d-ad8b-609d08bbdf05,2018,Spain,Midfielder,30.0
a993d9b2-a32f-5d2d-ad8b-609d08bbdf05,2014,Spain,Midfielder,26.0
a993d9b2-a32f-5d2d-ad8b-609d08bbdf05,2022,Spain,Midfielder,34.0
a993d9b2-a32f-5d2d-ad8b-609d08bbdf05,2010,Spain,Midfielder,22.0
b8acfef7-4ce8-5fc3-801f-d0f3a9e16b31,1930,Bolivia,Forward,23.0
83bd78b4-49b3-51c7-9502-abe85045112b,1950,Bolivia,Defender,28.0
be63574e-b95f-5051-9afb-03a733d910f3,1990,England,Defender,32.0
be63574e-b95f-5051-9afb-03a733d910f3,1986,England,Defender,28.0
be63574e-b95f-5051-9afb-03a733d910f3,1982,England,Defender,24.0
fec394c1-88ed-52f8-947a-cdd4d8a89e06,2002,Croatia,Goalkeeper,28.0
fec394c1-88ed-52f8-947a-cdd4d8a89e06,2006,Croatia,Goalkeeper,32.0
6767513b-c9ba-51dd-a922-76ae3542a4a2,2018,England,Goalkeeper,25.0
6aa6729a-beb2-52f9-a9ca-7bd78d00311c,1990,Spain,Forward,27.0
6aa6729a-beb2-52f9-a9ca-7bd78d00311c,1986,Spain,Forward,23.0
21392cdc-22da-578e-97cf-16608675e8a1,2010,Germany,Goalkeeper,36.0
21392cdc-22da-578e-97cf-16608675e8a1,2002,Germany,Goalkeeper,28.0
6934c479-9d48-5e67-bb2b-af38c2c2a1a6,2002,England,Midfielder,27.0
9ae070a4-79c7-5392-8abe-ee6b408f6105,1938,Belgium,Forward,20.0
c9520e52-fe43-5fd3-a4f1-eaa93e6f5ca4,1958,Austria,Forward,20.0
fd3512cb-c348-5d25-9816-40a82c0f6718,1954,Hungary,Defender,29.0
a2010fff-0c26-5f90-9ab3-02078e86dcbb,1954,Turkey,Forward,21.0
d28a9985-d16d-53b6-83bd-991894bb9247,1994,Norway,Goalkeeper,34.0
f23336df-523c-53b5-92c3-0028b7e15b7d,2006,Ukraine,Forward,25.0
4e669d2e-7a23-5800-a497-03473e70e535,1966,England,Defender,28.0
73f0c8e6-8810-57ee-a692-0a5689c420c8,1990,Republic of Ireland,Forward,29.0
ac1fb979-7f36-5be1-9a7d-8dddcae23e10,1954,England,Defender,25.0
62eea7a6-a7e1-5516-9f8f-8929546151d7,1970,Soviet Union,Forward,24.0
d65cac5f-1800-5dd5-9da8-fdbb06f9be65,1990,South Korea,Forward,29.0
d65cac5f-1800-5dd5-9da8-fdbb06f9be65,1986,South Korea,Forward,25.0
b1652cb0-ca92-5427-895d-14e4ab90a0be,2002,Paraguay,Forward,29.0
dd6adb19-16fa-5791-89ca-3ef349c1cffd,1978,Hungary,Defender,30.0
dd6adb19-16fa-5791-89ca-3ef349c1cffd,1982,Hungary,Defender,34.0
353fd47f-10c3-5ea8-83e3-18a79887b22e,2018,Panama,Midfielder,25.0
218fcdba-ab3c-5472-aaed-c8123ad70431,1966,Switzerland,Midfielder,30.0
024253e3-81d8-52d4-812d-c46b06a88022,1990,Czechoslovakia,Midfielder,25.0
6531ad8a-fb50-5a91-84b8-ba98c1b5e868,1938,Hungary,Forward,24.0
a82d0cfa-a7eb-5d88-843f-e793fca76c1d,1938,Hungary,Defender,27.0
a82d0cfa-a7eb-5d88-843f-e793fca76c1d,1934,Hungary,Defender,23.0
14497887-c80e-59eb-afe4-f3ff7f04b390,1962,Hungary,Forward,29.0
cc4edf9c-2c01-540e-96a4-eb61a2a6d078,2002,Germany,Midfielder,28.0
ec788f00-7435-58b2-a396-0f424a75dcd9,1958,Sweden,Midfielder,29.0
471d9c24-5bda-5df1-80f4-7e5dc0cb2999,2018,Iceland,Forward,26.0
1ec98240-8de2-5dcd-8167-b8a5e7d5dd49,2002,Denmark,Defender,22.0
1c8c37b1-d35d-52c2-a9ec-62bfb340eabb,1934,Switzerland,Forward,
680456ac-a059-5321-9ad3-643f84580699,1934,Switzerland,Forward,
2be0a77e-274c-53ee-842b-d9845375c3fc,1930,Romania,Defender,22.0
2be0a77e-274c-53ee-842b-d9845375c3fc,1938,Romania,Defender,30.0
2be0a77e-274c-53ee-842b-d9845375c3fc,1934,Romania,Defender,26.0
4e9827c9-59ca-5825-aecc-9db772e47725,2018,Switzerland,Goalkeeper,28.0
4e9827c9-59ca-5825-aecc-9db772e47725,2014,Switzerland,Goalkeeper,24.0
e38c2824-fad0-5b9f-a9d1-ff80f42203de,1938,Romania,Midfielder,21.0
d44a7d9b-0270-5c21-ae92-d062c6d5cab1,2002,Poland,Midfielder,28.0
26927f40-5aa3-5b31-b7d5-51f4c8b809e1,2002,Poland,Defender,29.0
26927f40-5aa3-5b31-b7d5-51f4c8b809e1,2006,Poland,Defender,33.0
9c4c77d6-6be4-5931-b32e-0dd742c4ea01,2018,Poland,Midfielder,33.0
44072ace-c2d8-5c71-962e-8b9b6cce4618,1982,Honduras,Midfielder,24.0
bb48261d-e03c-57d4-b301-635c039f7e13,2002,Mexico,Midfielder,31.0
ff69af41-fff3-5bf6-9ccd-b6acd28e112f,1986,Paraguay,Defender,24.0
0be2666f-b800-5e2f-a381-171f0e59189a,2018,Argentina,Goalkeeper,37.0
6b30ce1d-f7e7-50f8-81e8-08eb32d0f447,2006,Switzerland,Midfielder,27.0
43fe4fac-de2d-5123-87c0-e6cb2c0f0a7b,2022,Wales,Defender,22.0
38e3a6b1-6ac6-5d71-8e4b-b3ad6a4b52c1,2014,France,Midfielder,28.0
8fbacbfa-ace6-5dc6-a78b-8f7533365893,1986,Paraguay,Forward,25.0
8a03d7c6-9b1e-5895-8cf7-05ff03b8eedc,2006,Paraguay,Forward,26.0
8b53b0d4-1698-5ac0-a587-4b05e6f79c8b,2014,France,Midfielder,24.0
cb05da04-c905-50e3-bb24-d9f2254dfe7a,1970,El Salvador,Forward,23.0
a204efa3-904b-5b62-b30f-9cd6d01b09b5,1954,Brazil,Goalkeeper,24.0
e86b7daa-fabc-5447-a340-ed809f02d71d,1986,Paraguay,Forward,31.0
aeecf281-036e-5e38-8c9b-e0ad92e62db0,1950,Paraguay,Defender,
9ef6528d-1893-5a04-b44f-7cf78733f212,1970,El Salvador,Forward,25.0
467a0b53-a876-59d5-bdd7-d2ea17cf6956,1950,Bolivia,Midfielder,25.0
dc98a80d-8e33-5c5b-811a-6b46eafe8500,1986,Uruguay,Forward,27.0
07a23c0a-71bf-514f-a68b-92fbf8c5ac93,1990,Colombia,Defender,23.0
07a23c0a-71bf-514f-a68b-92fbf8c5ac93,1998,Colombia,Defender,31.0
22f2fa9f-75d1-5952-911f-d353cda457fe,1962,Uruguay,Forward,23.0
e17d0f3f-f0c0-5714-8c19-c57f7b51323b,1978,Italy,Defender,21.0
e17d0f3f-f0c0-5714-8c19-c57f7b51323b,1986,Italy,Defender,29.0
e17d0f3f-f0c0-5714-8c19-c57f7b51323b,1982,Italy,Defender,25.0
4eba9f5b-8cf2-5e88-b3af-b0f65c85484d,2010,Germany,Forward,29.0
1487cd0b-84ea-5fd8-97e0-71fc6e83cdc9,2014,Algeria,Defender,26.0
e30975ce-a976-5a52-8659-a10a2b0c63b0,1966,Uruguay,Defender,28.0
e30975ce-a976-5a52-8659-a10a2b0c63b0,1970,Uruguay,Defender,32.0
db50ac02-3a06-52ce-b352-95cbbcf94549,1994,Brazil,Defender,24.0
db50ac02-3a06-52ce-b352-95cbbcf94549,2002,Brazil,Defender,32.0
db50ac02-3a06-52ce-b352-95cbbcf94549,2006,Brazil,Defender,36.0
db50ac02-3a06-52ce-b352-95cbbcf94549,1998,Brazil,Defender,28.0
ab38b3e3-81ef-5e93-8c2b-b89eb9513de3,2018,England,Defender,33.0
ab38b3e3-81ef-5e93-8c2b-b89eb9513de3,2014,England,Defender,29.0
a20d3771-5660-5c7e-9f2e-02513e2a25c4,2018,Australia,Midfielder,39.0
a20d3771-5660-5c7e-9f2e-02513e2a25c4,2014,Australia,Midfielder,35.0
a20d3771-5660-5c7e-9f2e-02513e2a25c4,2010,Australia,Midfielder,31.0
a20d3771-5660-5c7e-9f2e-02513e2a25c4,2006,Australia,Midfielder,27.0
898fc6f1-c1bf-5c39-a06d-bc529ba51ca6,2014,Ecuador,Forward,26.0
4a85efa8-f858-5d81-9f4e-50c1e4fbb6b2,2022,Ecuador,Midfielder,21.0
5a2d4b86-6e19-566b-8cef-e1fbcadaa6b2,1970,Brazil,Midfielder,21.0
5a2d4b86-6e19-566b-8cef-e1fbcadaa6b2,1974,Brazil,Midfielder,25.0
11afc8b8-ba40-5715-8e14-4d510a6538a8,1938,Netherlands,Defender,24.0
ed5b7909-ce11-5291-89cb-c2a1132d2385,1998,Scotland,Defender,33.0
36ffd5ea-14c5-5aac-a0f0-cbadfe6d35a8,1986,Spain,Midfielder,27.0
2712078e-9d42-5338-9d81-5d7b581f6869,1990,Argentina,Forward,30.0
2712078e-9d42-5338-9d81-5d7b581f6869,1982,Argentina,Forward,22.0
057569f2-0f11-53fe-adf6-c7972c01fce0,1966,Mexico,Goalkeeper,23.0
057569f2-0f11-53fe-adf6-c7972c01fce0,1970,Mexico,Goalkeeper,27.0
aa9b2b0e-8557-5ba7-87d1-32775ede3eea,2018,Panama,Goalkeeper,33.0
b5e5ee7f-a0bc-524e-a30b-05b4a57b50b8,1958,Mexico,Forward,24.0
f2a1c3e7-446b-5762-928e-f2a742256eb7,1958,Scotland,Defender,24.0
59851628-41fb-55f6-8937-6f3ee8434f87,1998,Colombia,Goalkeeper,27.0
6096df7f-1b3e-58f6-ba4f-618fa38e768c,1966,Argentina,Midfielder,27.0
8e55dc8a-3c2d-5d90-af87-318dcfac4016,1934,Italy,Defender,33.0
ceb4b7e0-36b4-50eb-9b7b-c1ae65107a63,1994,United States,Defender,30.0
ceb4b7e0-36b4-50eb-9b7b-c1ae65107a63,1990,United States,Defender,26.0
53feca6d-d390-5e26-80ab-25c02fe01fda,1966,England,Midfielder,24.0
25814e03-a070-58a7-af62-4cd4d93a6133,1962,Colombia,Defender,31.0
26f61bb1-ad15-5862-9a07-1d3a84d1a498,1950,Paraguay,Forward,21.0
72da35d9-dbcb-5f82-a7ae-87bdbff9300f,2014,Costa Rica,Midfielder,23.0
24ddb857-8ce7-55a1-94d8-98443be9016e,2018,Costa Rica,Defender,26.0
24ddb857-8ce7-55a1-94d8-98443be9016e,2022,Costa Rica,Defender,30.0
57b2a59c-471e-54d8-b28b-836d5dbb786c,1930,Uruguay,Forward,24.0
a92f471f-aed0-515b-8e8d-6383ff22099d,1986,Spain,Defender,31.0
a92f471f-aed0-515b-8e8d-6383ff22099d,1982,Spain,Defender,27.0
089bd79e-e645-59d4-925d-937c07c0a1e3,1958,Mexico,Goalkeeper,29.0
43f510e4-bb4a-592b-ab98-e9011ff19333,2002,Senegal,Forward,25.0
1af7d46b-360e-5aec-b945-602d742f754c,2002,Senegal,Forward,20.0
7525add0-17f4-5a9d-807b-01f646196646,1994,Spain,Defender,27.0
eb609980-3a10-58ff-88ad-35bad8a4134a,2022,France,Midfielder,20.0
d4bc8485-b392-5810-bf7e-215b8fa5d8f6,2006,Argentina,Midfielder,26.0
7fe52ace-08f7-563d-9b2b-b7c9b42c1de4,2014,Costa Rica,Goalkeeper,28.0
64d68fc5-68e1-5a98-8ecf-e681089cd123,2014,United States,Defender,29.0
4eaec356-5c31-5067-a536-a62c3b209f1d,1994,Spain,Midfielder,27.0
d156b1f6-2ac5-5722-967e-b7e2cb5ab6ec,2010,Italy,Midfielder,34.0
d156b1f6-2ac5-5722-967e-b7e2cb5ab6ec,2006,Italy,Midfielder,30.0
f35d43fe-6ee4-5f07-b752-69a26374fdad,2014,Argentina,Defender,34.0
57da9d72-3d0c-5f90-ba26-eb7530197a98,1950,Italy,Forward,31.0
46d6d271-a30e-5900-8235-eadef5cc5734,2018,Uruguay,Goalkeeper,29.0
649e687c-9ecb-51f5-8983-b432008ab3b9,1982,Northern Ireland,Forward,26.0
f4434b95-ca28-5cd0-a4cf-93e8906fc8c1,1986,Northern Ireland,Midfielder,21.0
36dbaa12-ebcb-50f3-9982-cbc240ca75e8,1974,Australia,Midfielder,25.0
5a550917-e342-55ee-8c2a-bf6373f497b7,2018,Costa Rica,Forward,26.0
5a550917-e342-55ee-8c2a-bf6373f497b7,2014,Costa Rica,Forward,22.0
5a550917-e342-55ee-8c2a-bf6373f497b7,2022,Costa Rica,Forward,30.0
c46ef6e7-6281-557b-8e5c-68c9b47c50b0,2002,England,Defender,28.0
c46ef6e7-6281-557b-8e5c-68c9b47c50b0,2006,England,Defender,32.0
c46ef6e7-6281-557b-8e5c-68c9b47c50b0,1998,England,Defender,24.0
3778366e-1196-5814-83c9-33f38264486d,1998,Spain,Defender,24.0
43840a08-4bec-5e8a-b2ff-8c6900cf374f,1966,Chile,Midfielder,29.0
43840a08-4bec-5e8a-b2ff-8c6900cf374f,1962,Chile,Midfielder,25.0
51f98647-6f59-5763-bcdc-e643810a9392,1970,Peru,Defender,28.0
de55ea5f-2a59-5a42-8863-e9913f6acad1,1950,Chile,Midfielder,27.0
c4b5a2f4-362d-58c3-9aac-0f7eb8ea1cea,1994,Mexico,Goalkeeper,28.0
c4b5a2f4-362d-58c3-9aac-0f7eb8ea1cea,2002,Mexico,Goalkeeper,36.0
c4b5a2f4-362d-58c3-9aac-0f7eb8ea1cea,1998,Mexico,Goalkeeper,32.0
47e8fa3a-0700-5671-9ec0-889b175e9f22,2002,Paraguay,Midfielder,32.0
47e8fa3a-0700-5671-9ec0-889b175e9f22,1998,Paraguay,Midfielder,28.0
c0bc3d27-c2e1-5a29-b8fb-c14b4002aa96,2010,Honduras,Goalkeeper,28.0
9c7e499d-e458-56c4-b821-696c98be370e,1934,Brazil,Midfielder,27.0
4a881701-901d-5ca2-a2be-74ae18165ff5,1990,Argentina,Goalkeeper,25.0
184104de-2aef-53d4-8fc0-dd39e6d2908e,2022,Portugal,Defender,28.0
304db1c3-ac9b-5503-a484-f3686a8ac644,2002,France,Defender,29.0
304db1c3-ac9b-5503-a484-f3686a8ac644,1998,France,Defender,25.0
e672ef55-40f5-5ac5-9c92-30e90af86d9b,2014,Italy,Midfielder,27.0
0d14e9cb-0723-56c4-bce4-18524ef3797f,2002,Portugal,Defender,23.0
0d14e9cb-0723-56c4-bce4-18524ef3797f,2006,Portugal,Defender,27.0
0b0d58a9-dc6b-56ec-bbb8-9b8f5e1b1831,1994,Argentina,Forward,27.0
0b0d58a9-dc6b-56ec-bbb8-9b8f5e1b1831,1990,Argentina,Forward,23.0
0b0d58a9-dc6b-56ec-bbb8-9b8f5e1b1831,2002,Argentina,Forward,35.0
290ed8b1-a5c0-5797-991b-b1287ea488a0,2010,Paraguay,Defender,36.0
290ed8b1-a5c0-5797-991b-b1287ea488a0,2002,Paraguay,Defender,28.0
290ed8b1-a5c0-5797-991b-b1287ea488a0,2006,Paraguay,Defender,32.0
290ed8b1-a5c0-5797-991b-b1287ea488a0,1998,Paraguay,Defender,24.0
d3ee5d2b-1bd1-581a-aa82-52f5b4cb9c0e,2010,Italy,Defender,37.0
d3ee5d2b-1bd1-581a-aa82-52f5b4cb9c0e,2002,Italy,Defender,29.0
d3ee5d2b-1bd1-581a-aa82-52f5b4cb9c0e,2006,Italy,Defender,33.0
d3ee5d2b-1bd1-581a-aa82-52f5b4cb9c0e,1998,Italy,Defender,25.0
d40ef4a7-dc10-5992-bb41-fbbfcce42f3c,1978,Spain,Forward,27.0
6354a6f3-1ded-581d-8101-b37e5af74d4f,2022,Uruguay,Midfielder,24.0
a41cf0f0-f243-58fe-b456-e5089cc16b0e,1950,Paraguay,Midfielder,32.0
380db41e-2306-5200-a219-48286c6adda6,1962,Argentina,Defender,28.0
4f93fe12-6301-501f-a7b6-574897c3b401,2010,Spain,Defender,32.0
63d35456-10ef-524a-ba2a-cd90c2e0306c,1938,Belgium,Forward,25.0
63d35456-10ef-524a-ba2a-cd90c2e0306c,1934,Belgium,Forward,21.0
7e228c5f-1847-5a08-a163-6e849558d990,1930,France,Defender,26.0
a7c7adbc-72a8-5761-95ba-db1e12099da1,1974,Italy,Midfielder,28.0
122a76ec-96fb-5238-ae3f-6090d68d3f09,1950,Bolivia,Forward,27.0
d43d89f6-6f96-59d0-aa71-782ed9a25b32,1954,Italy,Forward,34.0
d43d89f6-6f96-59d0-aa71-782ed9a25b32,1950,Italy,Forward,30.0
fe901019-2b77-5ab8-99f9-35a12e92e361,1950,Italy,Forward,22.0
67343e34-e9e5-52e7-96a8-cc7fac70b525,1930,Uruguay,Goalkeeper,26.0
36a28d83-3386-509b-8421-0eeefe87e581,2002,Portugal,Midfielder,30.0
031feec2-a5e4-5b33-907f-3960baca0975,1950,Italy,Forward,28.0
521013af-b5b0-5371-8f49-8b614b5b6d5f,1966,Mexico,Goalkeeper,37.0
521013af-b5b0-5371-8f49-8b614b5b6d5f,1954,Mexico,Goalkeeper,25.0
521013af-b5b0-5371-8f49-8b614b5b6d5f,1950,Mexico,Goalkeeper,21.0
521013af-b5b0-5371-8f49-8b614b5b6d5f,1958,Mexico,Goalkeeper,29.0
521013af-b5b0-5371-8f49-8b614b5b6d5f,1962,Mexico,Goalkeeper,33.0
1a2c529a-4def-583a-a81c-50d0d814b8b2,1954,Uruguay,Midfielder,25.0
d1345e8a-bcea-5483-bf3e-095bfbc31f59,2014,Colombia,Midfielder,24.0
b0de0f46-d0cb-5c49-af7e-aa41d6392f55,2018,Morocco,Midfielder,29.0
5acddcf4-c8a5-5d6c-8fb9-9b8b78563939,1974,Uruguay,Midfielder,25.0
6e48cc80-edd3-516a-8946-890f38aa8de5,1978,Spain,Midfielder,29.0
aba210df-75fb-5a1c-8386-26f0f36dcf21,2002,Paraguay,Forward,31.0
aba210df-75fb-5a1c-8386-26f0f36dcf21,1998,Paraguay,Forward,27.0
202adbd3-ffd8-5d6c-8cb1-9ba9499dc90a,2010,Paraguay,Forward,27.0
3892ad77-2e0e-5527-ad84-b886c4d2d9da,1990,Brazil,Forward,30.0
3892ad77-2e0e-5527-ad84-b886c4d2d9da,1986,Brazil,Forward,26.0
b0723814-d7cb-5707-8e61-29039bb4a5d9,1998,Jamaica,Midfielder,34.0
d14c43e3-bde5-5f3c-bb38-9a6800bb190e,2002,Uruguay,Goalkeeper,23.0
386f8c9a-2b60-5d08-bdcb-fce38ac83607,1966,Portugal,Defender,25.0
22241a0f-2c0a-574e-bab4-177f0f892146,2002,Brazil,Defender,29.0
22241a0f-2c0a-574e-bab4-177f0f892146,2006,Brazil,Defender,33.0
22241a0f-2c0a-574e-bab4-177f0f892146,1998,Brazil,Defender,25.0
ec41eb7b-7dc1-5dee-aef8-e15db7b0c89a,1978,Brazil,Goalkeeper,22.0
ec41eb7b-7dc1-5dee-aef8-e15db7b0c89a,1986,Brazil,Goalkeeper,30.0
ec41eb7b-7dc1-5dee-aef8-e15db7b0c89a,1982,Brazil,Goalkeeper,26.0
d37d78ad-a920-53f0-8045-8f802c626bda,1934,Sweden,Midfielder,25.0
31bc6483-71e4-530c-aaa5-3c3b2e6b4113,1934,Sweden,Midfielder,28.0
4d086946-91ac-57e3-8b4d-0473dd97fe09,1962,Spain,Goalkeeper,32.0
5205bba8-b684-5cb2-8adc-2acafa830261,2014,Chile,Midfielder,27.0
5205bba8-b684-5cb2-8adc-2acafa830261,2010,Chile,Midfielder,23.0
e431ee8f-81ef-5848-9ed5-b371299364b1,2002,Mexico,Defender,27.0
e431ee8f-81ef-5848-9ed5-b371299364b1,1998,Mexico,Defender,23.0
c86c1efe-86c1-5bcd-bb6f-163b4e8bea49,2002,South Africa,Defender,25.0
f3e41468-b293-5556-8327-87054af234f4,1990,Italy,Forward,29.0
7749b8bf-c9dd-508c-85d4-1afa724a3a85,1974,Argentina,Goalkeeper,28.0
79e9e255-ab6e-53f0-b5e2-df18f277d853,2010,Australia,Defender,27.0
6cda45ee-5826-5c99-85bf-8d15627159f7,1966,France,Goalkeeper,24.0
5792e0b3-7df2-54cf-9de5-43706f70c189,1974,Brazil,Midfielder,25.0
87d1792f-74a1-5804-acb4-44fe2afcca9a,2010,England,Defender,32.0
87d1792f-74a1-5804-acb4-44fe2afcca9a,2006,England,Defender,28.0
53210cc2-c78b-5997-afa1-33fb68110e6f,1986,Spain,Midfielder,27.0
60165a11-f6c0-5413-863a-0b1e9169c014,2018,Belgium,Midfielder,25.0
60165a11-f6c0-5413-863a-0b1e9169c014,2022,Belgium,Midfielder,29.0
e901f0b5-2d05-54d5-a62a-f63f3cde5e62,1974,Argentina,Defender,26.0
aceeeb9d-e89a-5541-9462-e37a2dd883aa,2010,France,Goalkeeper,29.0
819d2ff1-e00d-544a-b4ef-1747611ec75b,1930,Paraguay,Forward,
d0076886-a431-5ca1-98e9-408cb5abc852,1930,Mexico,Forward,23.0
25840865-95a9-58a0-83c6-2bd8d55101b0,2010,England,Midfielder,29.0
25840865-95a9-58a0-83c6-2bd8d55101b0,2006,England,Midfielder,25.0
02ce6df5-4c9b-517e-a090-71396c16c02a,2018,Peru,Forward,27.0
43ec33cd-b741-5d1c-9dda-fea208b5d052,1958,Argentina,Goalkeeper,32.0
b53beb9c-8ddd-59f8-8c08-971622ac36f7,1954,Belgium,Midfielder,29.0
710c1430-b306-54b3-9b23-bcab079b40da,2002,Republic of Ireland,Midfielder,28.0
7e057e10-a394-54e9-a389-4f93bd25d781,2006,England,Goalkeeper,21.0
6c8fd9d3-b306-54e2-a599-420c1c609d28,2018,Peru,Midfielder,24.0
7c543ece-81d2-5585-8987-fce741673500,2022,United States,Defender,25.0
0881fe86-f1a1-5d45-b41f-38be12462377,1970,Belgium,Forward,27.0
2a557e30-da52-5bd1-92c2-126450928501,1954,Mexico,Forward,24.0
89f02df2-266b-56fc-abb5-afcc8466c8d5,2018,Spain,Defender,26.0
89f02df2-266b-56fc-abb5-afcc8466c8d5,2022,Spain,Defender,30.0
e6bba7ea-9cab-5eaa-bf7a-8780302cb51a,1938,Cuba,Goalkeeper,25.0
8fe8d0d1-5365-5a0a-bb22-7a18c554c925,1966,Portugal,Goalkeeper,29.0
f0c9c430-6951-530b-ade2-bf6f38c9f9de,2010,Portugal,Defender,32.0
f0c9c430-6951-530b-ade2-bf6f38c9f9de,2006,Portugal,Defender,28.0
fb70c5d5-6f7e-53b0-b360-7f6a01e24077,2018,Portugal,Midfielder,26.0
fb70c5d5-6f7e-53b0-b360-7f6a01e24077,2014,Portugal,Midfielder,22.0
fb70c5d5-6f7e-53b0-b360-7f6a01e24077,2022,Portugal,Midfielder,30.0
3edda9f5-d8e5-5fd7-9e0f-27fdc0e00757,1950,Chile,Midfielder,28.0
9aa622e1-d4c5-59a4-9471-c4c730ab6bf2,2018,Peru,Goalkeeper,32.0
8e1157ae-7b59-56de-8841-6ec6559b52d7,1986,Brazil,Forward,23.0
8a6c2c4a-4d9f-5e86-835f-ecd5b86b1928,1954,Switzerland,Midfielder,31.0
8a3cab1b-837c-528a-9c68-044f9b2fc009,1950,Italy,Goalkeeper,28.0
8338741e-5f9e-5045-b2fa-de58431e18be,1950,Mexico,Forward,32.0
1afbe806-c674-5cca-970c-943b45156887,1994,Republic of Ireland,Forward,32.0
1afbe806-c674-5cca-970c-943b45156887,1990,Republic of Ireland,Forward,28.0
7ac688b5-2fe0-524a-b176-01c0240ada3f,2018,Brazil,Midfielder,26.0
7ac688b5-2fe0-524a-b176-01c0240ada3f,2022,Brazil,Midfielder,30.0
27173171-f7a3-5bdd-bbb0-11385bd78f4a,1958,Northern Ireland,Forward,28.0
212120f7-d014-588f-b716-b78954b83e92,2022,Poland,Defender,25.0
b57e03b5-2f1e-5f13-97ed-d7580db99be5,2014,Spain,Goalkeeper,33.0
b57e03b5-2f1e-5f13-97ed-d7580db99be5,2010,Spain,Goalkeeper,29.0
b57e03b5-2f1e-5f13-97ed-d7580db99be5,2002,Spain,Goalkeeper,21.0
b57e03b5-2f1e-5f13-97ed-d7580db99be5,2006,Spain,Goalkeeper,25.0
4b26b3a1-e6b4-5dc5-980d-af163bfb57d1,1994,Italy,Forward,25.0
314b93b5-f188-50d5-a0f5-9c33b7ae771e,2014,Italy,Forward,32.0
5128b19a-9a0f-5355-a5a4-27114e4d8727,1990,Colombia,Defender,20.0
b46d5f4b-be04-52d8-bd1d-6e721b8d3b96,1982,Northern Ireland,Midfielder,32.0
2b365634-87e4-5680-a7ac-194b459c6808,2022,Belgium,Midfielder,27.0
6bd674b8-9af6-54ca-967d-3bb9769a2370,1982,France,Goalkeeper,25.0
edea6bf2-6eca-5d42-b2f2-abc2c320f330,1998,Chile,Defender,30.0
0db0ecca-6c5d-5611-8bee-557158f62b04,2018,Belgium,Goalkeeper,26.0
0db0ecca-6c5d-5611-8bee-557158f62b04,2022,Belgium,Goalkeeper,30.0
21794d07-f1f4-5407-b7e9-e867dc729884,1934,Italy,Midfielder,30.0
0c839557-36a2-51ee-89cb-d6859cfc8ad4,2022,Cameroon,Defender,27.0
727aaa82-3ee0-5993-aa96-38f06439fcb0,1974,Italy,Goalkeeper,29.0
add943ac-4893-52f6-8fca-3378138168a8,1954,Brazil,Goalkeeper,27.0
add943ac-4893-52f6-8fca-3378138168a8,1950,Brazil,Goalkeeper,23.0
add943ac-4893-52f6-8fca-3378138168a8,1958,Brazil,Goalkeeper,31.0
add943ac-4893-52f6-8fca-3378138168a8,1962,Brazil,Goalkeeper,35.0
6d542466-80cc-5420-92eb-0109133b456e,2010,Uruguay,Goalkeeper,32.0
1539f2f6-23b7-5cd6-8981-a52ae8fc3385,1982,El Salvador,Defender,31.0
4b98ff97-238d-5c33-bcd1-3da524c3f9ea,1994,Bolivia,Midfielder,28.0
dd817acb-f42a-531c-90ff-57436f90f5af,2006,Ecuador,Midfielder,24.0
8101831f-31ee-5600-9504-dd673a1cb1b4,1970,Mexico,Goalkeeper,23.0
0531515e-5012-57b4-98b1-51e36317f52b,2002,Costa Rica,Defender,24.0
7fa47bc1-f456-55a8-a78d-33804e3e826c,1970,El Salvador,Defender,30.0
f9910f36-a280-5513-a934-7ad09e624d7b,1930,Uruguay,Forward,26.0
b9627b31-b811-5f05-89ef-38392dfa390c,2010,Mexico,Midfielder,30.0
2341c863-d4cf-5e41-8aa3-83bb78ba1823,1930,Mexico,Forward,30.0
b1365cd5-214b-5755-b44d-2f29614a3a89,2006,Mexico,Defender,26.0
cf4bb87d-3bf7-5b5c-8ca0-6034aed5053b,1954,Uruguay,Forward,33.0
7be54aba-1fda-595c-9954-db75a3a9d3ce,1974,Chile,Forward,27.0
255a651f-cfb4-5248-9643-e87059701a1d,1990,Uruguay,Midfielder,28.0
b0d8be8a-80c1-52c3-aeb3-3d84272f93ee,1974,Chile,Forward,24.0
b0d8be8a-80c1-52c3-aeb3-3d84272f93ee,1982,Chile,Forward,32.0
4261d926-b79b-57dd-8fcc-5977d5826bd4,1986,Northern Ireland,Forward,26.0
05f1ee53-033a-5421-8eb1-8e465168b87c,1978,Italy,Midfielder,29.0
05f1ee53-033a-5421-8eb1-8e465168b87c,1974,Italy,Midfielder,25.0
05f1ee53-033a-5421-8eb1-8e465168b87c,1982,Italy,Midfielder,33.0
35a716ee-279f-5abf-9181-ccc02d4bcf05,2002,Argentina,Goalkeeper,28.0
35a716ee-279f-5abf-9181-ccc02d4bcf05,1998,Argentina,Goalkeeper,24.0
d507b19d-5a1d-529b-8243-68dfdd452e10,2022,Canada,Forward,30.0
89e49b88-022e-59bc-991f-32a3defd76d6,2018,Uruguay,Forward,31.0
89e49b88-022e-59bc-991f-32a3defd76d6,2014,Uruguay,Forward,27.0
89e49b88-022e-59bc-991f-32a3defd76d6,2022,Uruguay,Forward,35.0
89e49b88-022e-59bc-991f-32a3defd76d6,2010,Uruguay,Forward,23.0
9b4350e2-0642-56e7-ad00-e960aad3566f,1934,Italy,Goalkeeper,29.0
54c47d94-6bcc-5973-9221-b14fa140fd86,1990,Costa Rica,Midfielder,29.0
904cf00b-cc0e-5dc6-88f6-1c66998ab3a0,1938,France,Defender,24.0
2a34fe69-90d0-5f13-9efb-df058166ab61,2014,Spain,Midfielder,30.0
6c1d0d3e-2097-5488-9283-d5a30e2a3560,1986,Paraguay,Midfielder,30.0
48319029-7d73-58cc-8486-e1563d033564,1950,Paraguay,Forward,21.0
01fb01c5-cf7f-58e6-908e-8ae9cc0752b2,1994,Spain,Goalkeeper,25.0
01fb01c5-cf7f-58e6-908e-8ae9cc0752b2,2006,Spain,Goalkeeper,37.0
01fb01c5-cf7f-58e6-908e-8ae9cc0752b2,1998,Spain,Goalkeeper,29.0
ac0f4b77-cefa-51ef-aead-07fee7dd9f91,1930,Uruguay,Forward,30.0
9b2641f0-fe35-5ea0-b5cd-d83c84489a67,1938,Poland,Forward,21.0
3d6fac87-5849-55e1-8600-5f530436c87a,1998,Spain,Midfielder,23.0
68863c8a-8902-5bd5-be77-300aff8fd4af,2002,Brazil,Goalkeeper,29.0
68863c8a-8902-5bd5-be77-300aff8fd4af,2006,Brazil,Goalkeeper,33.0
68dd9ccf-4484-5c17-9a2d-b73bd120defc,2002,Costa Rica,Midfielder,28.0
68dd9ccf-4484-5c17-9a2d-b73bd120defc,2006,Costa Rica,Midfielder,32.0
7fb918e8-ddf2-5640-8365-fdb865872f11,1950,Paraguay,Goalkeeper,
eb4cf76a-d04f-5975-a363-07d36c6da77d,1970,Italy,Defender,29.0
7b4fc776-9f0e-5309-899f-6f0926cfd15f,1982,Algeria,Goalkeeper,29.0
14062bd4-1cfd-51d8-a9ed-e18eb4c1ad2c,2014,Italy,Forward,27.0
296b63b5-ef12-50b8-a9ae-e7c1b2942f68,1938,Italy,Goalkeeper,28.0
6c231dbc-2430-54f7-b82d-4640e70b63df,1978,Brazil,Midfielder,23.0
6c231dbc-2430-54f7-b82d-4640e70b63df,1982,Brazil,Midfielder,27.0
4ef6683e-500c-5b23-8a15-7c468b246654,1998,Austria,Midfielder,25.0
c665ca5e-70df-5ce4-937f-9295cd4e959a,1954,Italy,Defender,25.0
df74c196-1bb4-5fed-ba12-c9708731444e,2010,Slovenia,Defender,28.0
9305b4be-f62f-504a-9569-cc78fd990d94,1938,Belgium,Forward,22.0
ff94abcf-594a-5f85-9f5b-3c72d2731019,1990,Belgium,Midfielder,33.0
ff94abcf-594a-5f85-9f5b-3c72d2731019,1986,Belgium,Midfielder,29.0
ff94abcf-594a-5f85-9f5b-3c72d2731019,1982,Belgium,Midfielder,25.0
b809fa31-ceef-5068-b827-86ba7b3dcf6e,2002,Ecuador,Goalkeeper,31.0
ec1f37a3-7c39-5520-b30b-ed4fda6f055f,1986,South Korea,Forward,33.0
1b6a5653-e963-51f7-8380-512dffc76ad6,2010,South Korea,Defender,30.0
1b6a5653-e963-51f7-8380-512dffc76ad6,2002,South Korea,Defender,22.0
9b4a85a9-70cb-58d0-ad13-2f6c77365c36,2010,North Korea,Defender,25.0
c9e9c411-4581-5584-98dd-a8f8bf264f29,2018,Tunisia,Midfielder,24.0
c9e9c411-4581-5584-98dd-a8f8bf264f29,2022,Tunisia,Midfielder,28.0
6ab44612-9596-5f18-9d79-02be18f675e4,1934,Spain,Forward,23.0
4eec8038-8ee7-501b-9445-c19db23647fe,2022,Costa Rica,Midfielder,21.0
e95624a9-7e58-571c-a31e-50516c27db21,1998,Morocco,Goalkeeper,25.0
289d0e1a-520c-5f33-ad3d-b72ad6a04d97,2018,Belgium,Midfielder,29.0
289d0e1a-520c-5f33-ad3d-b72ad6a04d97,2014,Belgium,Midfielder,25.0
349167f9-f8bb-59c5-9e6b-de31b14b0ff8,1974,Brazil,Defender,22.0
d443b9f5-c04f-5e92-9908-8861a1f5fa40,1986,Algeria,Defender,29.0
5ba7e917-a858-5402-96d6-b00cc61aef41,2022,Morocco,Midfielder,25.0
3fa3cd7c-774e-560b-9629-7c1fa879661e,1966,Mexico,Defender,29.0
3fa3cd7c-774e-560b-9629-7c1fa879661e,1962,Mexico,Defender,25.0
14cb294d-b1b8-5f3a-87b8-30a861176bfc,1966,Argentina,Forward,24.0
717b3e41-4592-5900-9514-160db7a0616e,2010,Greece,Goalkeeper,36.0
3bd11b66-6293-5f95-ba35-6be8574bfb66,1970,Peru,Midfielder,24.0
a01ad1d4-2ac2-5642-8fa7-d935f3ed7181,1982,Czechoslovakia,Midfielder,23.0
b8dd33c5-32fe-56e1-bc51-d107417abdca,2002,Ecuador,Midfielder,31.0
d26d15ac-a1d0-5fc7-9155-7dfad142a626,1930,Paraguay,Defender,
498a1d21-3766-575e-92fc-44f35b096f4f,1994,Argentina,Defender,25.0
498a1d21-3766-575e-92fc-44f35b096f4f,2002,Argentina,Defender,33.0
498a1d21-3766-575e-92fc-44f35b096f4f,1998,Argentina,Defender,29.0
49ca84f4-f420-5ed6-94dc-f892d22ad365,2014,United States,Defender,24.0
2f47c15f-c969-5c88-93ac-9611bdd6c9ba,2022,South Korea,Midfielder,28.0
17227a70-e47e-5cb2-b4f2-ee47036180db,1990,Soviet Union,Goalkeeper,31.0
17227a70-e47e-5cb2-b4f2-ee47036180db,1986,Soviet Union,Goalkeeper,27.0
17227a70-e47e-5cb2-b4f2-ee47036180db,1982,Soviet Union,Goalkeeper,23.0
61b2fb03-b239-5fcd-8a67-4a40f5b22549,1982,Soviet Union,Goalkeeper,31.0
9ed18d99-23e4-5888-9640-4c6d55938799,1930,Belgium,Midfielder,29.0
4e70d389-c8b2-58f4-8666-d7019c615df9,1930,France,Midfielder,24.0
4eb38489-645c-5d6e-bf3c-74f83e6b703f,1994,Morocco,Forward,28.0
b31faed3-db5c-587d-8f69-05f39799ae1f,2010,Algeria,Goalkeeper,26.0
9ade2232-60cb-5fc3-b16d-e395b8712cb4,1930,Chile,Defender,29.0
9ad547c2-f5e9-51ec-a910-569f348504b8,1958,Northern Ireland,Midfielder,20.0
f8a55d67-ec0e-5235-8862-c697baaa3beb,1994,Switzerland,Forward,25.0
04ce22ac-178d-53ae-9863-49002812d48e,1998,France,Goalkeeper,32.0
c5966672-fc1b-5652-bbba-bc41341151a4,2010,Greece,Forward,30.0
31fcfc31-9ec0-5691-8af8-318d6916d2a6,2006,Trinidad and Tobago,Defender,29.0
eeac4ad9-eb4c-5101-ad25-0ad3213ce31e,1958,Wales,Forward,27.0
2f2b2af8-5ad4-5755-a67d-31b8e8218242,1958,Wales,Midfielder,23.0
047a87a6-661e-5256-9dab-e8a67f44b73c,1966,England,Midfielder,29.0
047a87a6-661e-5256-9dab-e8a67f44b73c,1958,England,Midfielder,21.0
047a87a6-661e-5256-9dab-e8a67f44b73c,1970,England,Midfielder,33.0
047a87a6-661e-5256-9dab-e8a67f44b73c,1962,England,Midfielder,25.0
44519a3e-0a79-5fde-a0f6-d0c1bfed8c24,1966,England,Defender,31.0
44519a3e-0a79-5fde-a0f6-d0c1bfed8c24,1970,England,Defender,35.0
9d58a9cb-848b-5853-b82c-31e4a4e154fa,1930,Bolivia,Defender,29.0
339969a8-919c-51eb-a0c6-03ea6842411c,1990,Costa Rica,Midfielder,32.0
5c0ae648-1642-5aa6-bce9-c4f2e4689ae5,1990,Costa Rica,Midfielder,32.0
f4db58e7-819e-5eb7-b9a1-e7748b6436fa,1974,Argentina,Midfielder,27.0
3e12499f-16ad-5eea-87fd-a3ac120a3b3c,1970,Israel,Forward,23.0
12a1a27c-d14b-5953-8442-2791d4fb0468,1986,Algeria,Midfielder,30.0
b65617fa-776c-5fbd-86c1-39e3c632a695,1978,Tunisia,Defender,24.0
a35bd054-a946-5d64-a943-5105d95dcb1d,2022,Morocco,Forward,24.0
1509af65-9ce0-5cf3-aedf-914bbff83751,2014,Cameroon,Defender,29.0
1509af65-9ce0-5cf3-aedf-914bbff83751,2010,Cameroon,Defender,25.0
0dd2d174-5519-59e4-93eb-40b34d0c89d4,2006,Tunisia,Midfielder,30.0
92574e27-d02d-5241-ae2c-4a501bcd9f73,1978,Tunisia,Forward,24.0
e2c991ef-e14f-5a08-b802-c4d02ee3ed15,1990,Spain,Defender,29.0
e2c991ef-e14f-5a08-b802-c4d02ee3ed15,1986,Spain,Defender,25.0
efbd5bdb-c77f-50f5-b8c1-8d101f66ce42,1994,Russia,Goalkeeper,31.0
efbd5bdb-c77f-50f5-b8c1-8d101f66ce42,2002,Russia,Goalkeeper,39.0
7dc213a6-cabb-54dd-afdb-02e468a2be63,1930,Argentina,Forward,23.0
f0821cc2-c267-5bb0-a6d1-07a65a2e9894,2010,United States,Defender,31.0
f0821cc2-c267-5bb0-a6d1-07a65a2e9894,2002,United States,Defender,23.0
f0821cc2-c267-5bb0-a6d1-07a65a2e9894,2006,United States,Defender,27.0
0a7b8993-f8c5-5286-98db-74d23d17a513,2018,Russia,Midfielder,28.0
8ecba7cb-68b8-538b-b9de-8ece7ef759e2,2018,Iran,Defender,25.0
8ecba7cb-68b8-538b-b9de-8ece7ef759e2,2022,Iran,Defender,29.0
5f568609-bffb-53a6-b326-b69a6c7cd089,1958,France,Midfielder,24.0
cc037b0a-5fd0-529c-8517-25472d6b445a,1998,Morocco,Midfielder,28.0
8258d97d-4551-5500-a13a-af91feffa26a,1950,Brazil,Forward,28.0
501844dc-fb46-57e5-94c6-71f6da710664,1978,Brazil,Midfielder,29.0
a58d1665-1aac-5ff4-84f9-e4ea6e198f9c,2014,Italy,Defender,30.0
a58d1665-1aac-5ff4-84f9-e4ea6e198f9c,2010,Italy,Defender,26.0
c01da3d9-a3b4-5ff0-afaa-6cd94c11c1aa,1998,Italy,Forward,28.0
190509b7-3ab7-5b6d-b787-2fa98e2354c2,1998,Tunisia,Midfielder,28.0
13a2e31e-7161-5cca-9f06-62899d8b7707,2006,Tunisia,Forward,20.0
8fb8e452-d390-58a7-9570-c4afdccbc50e,2002,Paraguay,Goalkeeper,37.0
8fb8e452-d390-58a7-9570-c4afdccbc50e,1998,Paraguay,Goalkeeper,33.0
bee3274d-6d51-5594-aff5-68d313659d3b,1986,Paraguay,Midfielder,25.0
cedfcf3c-13a3-5013-8b19-f7e8ab1df287,1954,England,Midfielder,36.0
5263c5d9-bcb0-5efb-874b-a40206972b42,2006,France,Defender,27.0
35027a5b-c0af-5c4a-a2a7-96d61de3ae6a,1934,Argentina,Defender,
bb388b5b-4033-5383-b828-29e89f3cb904,1974,Italy,Forward,27.0
3304e64b-16f1-54c7-b56c-a958f6210eed,2002,Costa Rica,Defender,24.0
6a3a48c3-298e-593f-ab6b-7a8141ca7930,2006,United States,Forward,28.0
8bb24e7f-973f-546f-8317-322bf8839469,2010,Australia,Defender,35.0
8bb24e7f-973f-546f-8317-322bf8839469,2006,Australia,Defender,31.0
74ba0b95-9837-5628-809b-3afd0c2382a5,1998,Morocco,Midfielder,25.0
e29ef703-8b7e-5e20-86bc-be32da311247,1994,Romania,Midfielder,27.0
1938ff2c-e9f5-59e9-886d-e9240edb83b9,1938,Romania,Defender,28.0
6a401215-49bf-53b8-94bd-0a9d0024232a,1966,Soviet Union,Midfielder,27.0
6a401215-49bf-53b8-94bd-0a9d0024232a,1962,Soviet Union,Midfielder,23.0
0518abf1-ade4-58f7-9fa6-a4828219688a,1986,Soviet Union,Defender,31.0
0518abf1-ade4-58f7-9fa6-a4828219688a,1982,Soviet Union,Defender,27.0
44b1ddeb-7156-5a8a-a0d2-a57bcab37a2b,1930,Argentina,Defender,23.0
f8d05130-1f29-5ddb-8038-3a9613d78f91,1938,Italy,Midfielder,22.0
720ae451-c3d6-5603-b399-89a2fd7e0aaf,1986,South Korea,Goalkeeper,28.0
a0d9e824-c601-5b2f-bc01-51e92da82b58,2006,South Korea,Forward,25.0
17f97ad6-9b23-537b-8fac-b3e390d0b461,1994,South Korea,Midfielder,21.0
47003ea5-a29b-5855-9051-02dc582c5ec2,1986,South Korea,Midfielder,32.0
e1e17e33-f2e9-5f8f-a425-7e69b11fef92,1990,South Korea,Defender,27.0
e1e17e33-f2e9-5f8f-a425-7e69b11fef92,1986,South Korea,Defender,23.0
623284e3-3e26-5932-bc22-9f6d9b788f25,2006,South Korea,Defender,23.0
44481c7a-fb5e-55bf-b7dd-d404ae908712,2010,South Korea,Midfielder,27.0
f8264338-adac-5134-843e-b5b9edba9f77,1986,South Korea,Defender,32.0
167568c6-5096-59fa-912e-bb2b747360c5,2010,North Korea,Forward,23.0
a92aef44-5bfd-57d4-8fda-957b7b24e08e,1954,South Korea,Forward,24.0
250ec0e2-4ab0-5c58-b3ae-f9ad49e486ea,1994,South Korea,Midfielder,29.0
59b41912-e51c-51e6-8e51-f4e875b0a589,2002,South Korea,Goalkeeper,31.0
955d9213-744c-5570-92b5-603ce3509163,1994,South Korea,Goalkeeper,32.0
955d9213-744c-5570-92b5-603ce3509163,1990,South Korea,Goalkeeper,28.0
4299afd4-66f0-5c1e-a1b3-9ab39064bbc4,2002,South Korea,Defender,31.0
4299afd4-66f0-5c1e-a1b3-9ab39064bbc4,2006,South Korea,Defender,35.0
beb69604-f43a-5e45-84ad-ffb0c008390b,1990,South Korea,Defender,31.0
82999642-df09-59ca-ad49-0a15dcf74bba,1994,South Korea,Midfielder,23.0
a649ae2f-3f65-57fd-99ab-7d922e5ea589,1990,South Korea,Forward,28.0
a649ae2f-3f65-57fd-99ab-7d922e5ea589,1986,South Korea,Forward,24.0
1e6f8a7b-dd3b-5074-9b55-4982d28c2531,2002,South Korea,Midfielder,27.0
1e6f8a7b-dd3b-5074-9b55-4982d28c2531,1998,South Korea,Midfielder,23.0
2c6a1562-806b-5b91-982b-f7719823709a,2002,South Korea,Forward,21.0
9a7516a1-e289-56be-bc3d-2bd3bafa246c,2002,South Korea,Forward,29.0
9a7516a1-e289-56be-bc3d-2bd3bafa246c,1998,South Korea,Forward,25.0
3f92ea82-0673-54f6-9619-dc6fbca3aea9,1994,South Korea,Defender,28.0
3f92ea82-0673-54f6-9619-dc6fbca3aea9,1998,South Korea,Defender,32.0
4e1e081a-39ca-586e-b251-e12b24af43bf,1954,South Korea,Forward,31.0
7f72e137-eb3a-5b43-888e-3bfbb68886b9,1962,Soviet Union,Defender,25.0
c70a1ea7-0792-5732-926b-939829c9caea,1966,France,Defender,28.0
0a6f7c0c-7e77-5118-a63e-40a145d1a6cb,1938,Cuba,Defender,22.0
f03f13c0-d439-55fc-87d5-521a65db7c1d,1998,Tunisia,Defender,25.0
75a1033d-8604-5578-8f04-80b220b5d162,1970,Morocco,Midfielder,25.0
5556d4e2-9e3c-590f-a1ef-487dc1ffef4c,2014,Cameroon,Forward,25.0
5556d4e2-9e3c-590f-a1ef-487dc1ffef4c,2022,Cameroon,Forward,33.0
5556d4e2-9e3c-590f-a1ef-487dc1ffef4c,2010,Cameroon,Forward,21.0
32b36f42-3360-5c10-b5b5-57208e22698a,1990,Czechoslovakia,Midfielder,30.0
c4ac9af5-3fa5-5193-bcec-4041d09858c3,2002,France,Defender,24.0
c301dbd1-9e9b-5895-a48e-3d083806a191,2018,Denmark,Defender,22.0
c301dbd1-9e9b-5895-a48e-3d083806a191,2022,Denmark,Defender,26.0
ddaa05ba-b3f3-5d87-8e7f-f9650bd22586,1986,Denmark,Forward,28.0
194c7c5a-3c13-5af5-a046-b7927a98a5ca,2022,Denmark,Goalkeeper,23.0
3e39efed-5b77-5e75-b76d-ac9411d83d75,2010,Denmark,Goalkeeper,32.0
3e39efed-5b77-5e75-b76d-ac9411d83d75,2002,Denmark,Goalkeeper,24.0
4d19b775-4a1d-5247-9376-16f43d7a2312,2010,New Zealand,Midfielder,27.0
8060ca3d-ed79-5138-83eb-6ff6527fea16,2014,Greece,Midfielder,28.0
1d9516ca-317e-58e3-849f-ebfc40546b09,2002,Nigeria,Midfielder,21.0
6e217832-99d9-5ccf-b553-c6caf88e4688,1954,South Korea,Midfielder,23.0
95ec1261-ba3e-5a0d-87f2-a0248909db57,2002,Russia,Defender,32.0
13f04854-466c-570e-bdce-ddc82e001c05,1978,Peru,Defender,34.0
13f04854-466c-570e-bdce-ddc82e001c05,1970,Peru,Defender,26.0
022af021-ea0c-590e-a6c4-306edb1ce80c,1990,South Korea,Forward,31.0
89e1d959-b1cf-5d22-bf96-2fe2718ebada,1994,South Korea,Midfielder,28.0
b960a39d-c75a-5f77-ad22-d591192c7d4a,1990,South Korea,Defender,29.0
b960a39d-c75a-5f77-ad22-d591192c7d4a,1986,South Korea,Defender,25.0
f5a899da-4225-520a-b647-d1bb3159e389,1954,South Korea,Forward,37.0
6c436bc1-cf81-5fad-80ba-397dec2cdef9,2006,South Korea,Forward,26.0
e3c3cd06-e795-53ca-b0b3-eb53efe15ce9,1954,South Korea,Midfielder,37.0
83f00846-840e-5b10-835e-f066a25b6d3a,1990,South Korea,Defender,30.0
83f00846-840e-5b10-835e-f066a25b6d3a,1986,South Korea,Defender,26.0
b4b003ea-c07c-50c6-ae0f-1c2019f300fa,2006,Ukraine,Defender,20.0
97ef9b85-59d5-5169-8817-64b3715b1114,1994,Mexico,Goalkeeper,32.0
e91b080a-fcb6-5a7d-8f89-1158b4695eca,1994,Mexico,Midfielder,27.0
f0103758-afd3-5dd8-a79a-974ad2c77bb6,2022,Mexico,Midfielder,26.0
c4916d50-52bf-5b52-93fe-8b1752d04e63,2014,Honduras,Midfielder,31.0
6265dd9b-5d74-53d8-8553-2ea16d5e9b70,2014,Honduras,Defender,30.0
6265dd9b-5d74-53d8-8553-2ea16d5e9b70,2010,Honduras,Defender,26.0
07586881-a354-56f3-99db-464535fa9b32,2006,Brazil,Defender,26.0
76f7a3c1-ac6a-5c7f-aed4-85c1b2acf4c4,1958,West Germany,Forward,21.0
a6d1212a-7831-5af6-8857-0daa67c4e874,2022,Ecuador,Midfielder,23.0
e9e4d3af-4a07-52ed-b88a-b043efb33630,1934,Spain,Midfielder,22.0
a05fbd6c-d6a8-5b6f-a622-01a1ffd020f8,2014,Netherlands,Goalkeeper,25.0
301f9b62-1a9c-50ab-92c6-f6cf490f6703,1930,Peru,Midfielder,20.0
92f9e056-be15-5c9e-be05-537409fef64c,2014,Belgium,Defender,29.0
cc8ab51d-c028-5fc3-b420-dad3d21d240d,2002,Slovenia,Forward,28.0
bc580ba2-b6f6-53e4-a5de-e03ae11ee00f,1998,Romania,Defender,27.0
5f9f8dfb-1006-51da-a0e5-56f579fdb780,1934,Romania,Forward,26.0
8875a2d8-61f9-550e-9ed3-20a376b6263a,2018,Poland,Defender,32.0
fcf44387-9061-5712-8034-350eec4b26e4,1982,Poland,Forward,26.0
c2e986bf-e05c-5faa-ba5b-78e1c193fc38,1934,Spain,Defender,30.0
3f77e4f3-4796-5a2f-a3a0-6da328b1fbb2,1934,Austria,Defender,26.0
4209937f-d9c5-526a-93e6-1d2aefac6bec,1966,Mexico,Forward,26.0
b6d7a5ff-f648-5008-9119-03208c354b89,1978,Mexico,Defender,25.0
14e9b1cb-47d1-552f-addd-a899868d0181,2022,Senegal,Midfielder,28.0
832838d2-1e38-5010-bb1e-2b36a84172c8,2002,Senegal,Goalkeeper,24.0
1768de12-899f-5e0e-ae51-61dd5e646501,2002,Senegal,Defender,26.0
b9541c0f-a79c-5113-8f74-ffc3c21cce16,2010,France,Forward,29.0
b9541c0f-a79c-5113-8f74-ffc3c21cce16,2002,France,Forward,21.0
9aae4506-e7d9-597f-995b-129685c05553,2022,Senegal,Defender,27.0
776bb1cf-fb72-5f6b-86f0-78a39fc9f8d0,1990,Belgium,Forward,28.0
776bb1cf-fb72-5f6b-86f0-78a39fc9f8d0,1986,Belgium,Forward,24.0
e06162fa-17a3-53b8-946c-f632cdf3d08c,1934,Belgium,Midfielder,26.0
f0043c0e-0d2b-5a7a-9dcf-c3defbbba641,2018,Sweden,Midfielder,26.0
afd8bcb8-a9c4-5e41-8f9d-0db25f54bd31,1958,England,Midfielder,24.0
93a976a7-765d-5cd9-bf5f-6934d5d234ce,2010,New Zealand,Midfielder,23.0
fda1ec08-39a0-5cff-95a3-fabb208b5718,1978,Scotland,Goalkeeper,33.0
a945a728-cfd4-568a-8b63-4636b3d0d158,2010,United States,Midfielder,27.0
e08bff93-d6dc-5c74-9444-1cc7742e4afb,1970,England,Forward,24.0
a46587d3-d1f5-58f8-80af-f6eaa063425b,1986,Northern Ireland,Forward,24.0
8598841d-5f6a-582a-8a57-d3eee4d668f7,2014,Honduras,Midfielder,28.0
0c1ebec7-8ea1-539a-a8b5-698c734cbc0f,2014,Netherlands,Midfielder,23.0
8933e726-b15d-512e-be8a-ad34ee00cbff,1986,Argentina,Defender,24.0
1fee07b5-f8a8-55b2-b348-9dcfe320a16d,1994,United States,Defender,38.0
1ca49f81-d755-58c3-888f-70b79844026f,2002,Tunisia,Defender,28.0
1ca49f81-d755-58c3-888f-70b79844026f,1998,Tunisia,Defender,24.0
40d6c196-ddb4-5b80-9719-61a23415c05d,1958,England,Midfielder,24.0
5017cbed-4f18-54f8-8cd0-ac710854f985,1982,Northern Ireland,Midfielder,26.0
68d68d16-e15f-5f9c-b3af-028a5d49957c,1982,England,Goalkeeper,34.0
f1c5cef8-b212-5e4f-b2d2-1168782b22c7,1998,Belgium,Midfielder,24.0
79df297c-9aea-5b1a-941f-b511bc2f979f,2010,France,Defender,25.0
7b6811a0-c6c6-5df9-8059-5649e34e4f31,1990,Belgium,Defender,34.0
7b6811a0-c6c6-5df9-8059-5649e34e4f31,1986,Belgium,Defender,30.0
22ee00f2-8c3a-5985-93cc-5347bd4ea844,1970,Brazil,Midfielder,21.0
f970f2d5-3e5f-53cc-bcd2-78d0ed8eb292,2022,England,Defender,29.0
b5980f9d-f932-54a8-aa69-fc8957ad2396,2018,Uruguay,Defender,28.0
b5980f9d-f932-54a8-aa69-fc8957ad2396,2014,Uruguay,Defender,24.0
b5980f9d-f932-54a8-aa69-fc8957ad2396,2022,Uruguay,Defender,32.0
11b48604-af67-50ee-827e-efc3df26752b,1950,England,Midfielder,29.0
2d8c6df9-4369-5c59-8e60-35bd692095bc,2002,Italy,Defender,25.0
e1219e98-d5e4-5678-9242-601b122e9757,2006,Netherlands,Midfielder,36.0
e1219e98-d5e4-5678-9242-601b122e9757,1998,Netherlands,Midfielder,28.0
4696daa1-5e26-5fe2-873a-d9c6a9a4fe1a,1930,Chile,Midfielder,25.0
7740eae7-1ea6-562b-bae2-d474155a2811,1970,Romania,Midfielder,29.0
203dbc04-548e-56d2-98a4-99910363faf3,1982,Belgium,Midfielder,27.0
0defc67c-ae74-5b65-9857-17688781c131,2014,Portugal,Defender,26.0
0defc67c-ae74-5b65-9857-17688781c131,2010,Portugal,Defender,22.0
a89e5bb1-d682-5297-9a22-0e9abf87e330,1966,England,Defender,27.0
f73a714f-5bca-5175-abb2-68b98d7cdb26,1998,Italy,Midfielder,26.0
431cf740-a7e6-58bd-9904-7b3a60dd2455,1938,Italy,Forward,24.0
c8b3a68f-2eb1-5d8c-9892-0b06694c424d,1998,Denmark,Defender,26.0
c67e0ea8-f818-5f02-8d4c-58469790a94a,2010,England,Defender,30.0
c67e0ea8-f818-5f02-8d4c-58469790a94a,2002,England,Defender,22.0
c67e0ea8-f818-5f02-8d4c-58469790a94a,2006,England,Defender,26.0
e1940bc8-0943-57b6-a14b-cb2650a9d68c,1982,New Zealand,Midfielder,24.0
ac002c6e-7da5-50d0-bb21-6e514d71beca,2010,England,Midfielder,29.0
ac002c6e-7da5-50d0-bb21-6e514d71beca,2002,England,Midfielder,21.0
ac002c6e-7da5-50d0-bb21-6e514d71beca,2006,England,Midfielder,25.0
241343a3-cc2e-5f09-b15b-b7333a94d619,2018,Costa Rica,Midfielder,33.0
4e5ebb17-3f58-5249-a05d-81cfef78c13c,1962,Colombia,Midfielder,27.0
ad1cfa4a-eb39-5068-97c0-68f008cdef7d,1962,Spain,Forward,28.0
69ccbaca-dc52-59e9-9c67-998d91d32322,1958,Scotland,Forward,27.0
326a2e2a-87a6-555d-b048-b64965c62ecd,1990,Scotland,Midfielder,22.0
326a2e2a-87a6-555d-b048-b64965c62ecd,1998,Scotland,Midfielder,30.0
7923f25e-4c73-5751-b793-3ad832b1c597,1986,Italy,Defender,29.0
7923f25e-4c73-5751-b793-3ad832b1c597,1982,Italy,Defender,25.0
d1e7ab9a-e37d-5de7-9668-796349c6b463,2006,Argentina,Defender,24.0
e9a6d498-8b2a-555b-a517-419379664ee6,1950,United States,Midfielder,30.0
caae606c-c5f4-595d-8e52-33a98a94df2e,1958,France,Goalkeeper,30.0
170ab090-635b-5613-a112-8a66d8746b0a,2006,Switzerland,Goalkeeper,26.0
1d8e4905-b6c4-5cd1-b0fd-9af8bb1ae8b7,1966,Portugal,Midfielder,31.0
b7028c17-2fec-5fc4-9eea-bb46b59acb91,2022,Wales,Midfielder,20.0
7978cef5-6a2e-5004-9371-d353e101526b,2002,Senegal,Defender,29.0
5c9bbff3-ca17-533f-af3a-31cb1fa58fe5,2022,France,Forward,26.0
03ef528b-228a-54df-94c1-8ff0444aac36,1954,Scotland,Forward,30.0
dde62102-4b46-5ec4-b769-2be287c90e09,1934,Italy,Goalkeeper,32.0
ba5561af-dbb6-5f04-b2df-bd85f8be4a3d,1966,France,Forward,26.0
610df732-d629-56fc-8030-0095547ed095,2002,Portugal,Midfielder,28.0
9a72d3c5-e4d6-5b9e-8fd7-1f6665dc2f0c,1990,Costa Rica,Goalkeeper,30.0
158e1cff-c7bd-5406-8df4-cd35b3f70706,1934,Germany,Forward,20.0
59f36faf-4f58-5604-bfdf-f42841af6e8e,1966,England,Midfielder,28.0
59f36faf-4f58-5604-bfdf-f42841af6e8e,1962,England,Midfielder,24.0
cc55092d-0a6b-5a13-a97d-53aa934b19c1,2002,Republic of Ireland,Forward,25.0
638fa349-8d29-5897-8756-37c57d984744,2006,United States,Defender,29.0
379bca6e-f034-56b3-a7ec-85e46984d82e,1994,Italy,Midfielder,25.0
1ba642c4-ec8d-53c4-95ff-efd06290abed,1986,Italy,Midfielder,31.0
1ba642c4-ec8d-53c4-95ff-efd06290abed,1982,Italy,Midfielder,27.0
ceb45ae9-c520-52ad-bd73-7a1aeb6127c2,1978,Italy,Goalkeeper,28.0
0ecfd0d0-ff72-5a06-abdf-c1d904d95ee8,2022,Costa Rica,Forward,22.0
3fdf8d45-f03e-5ab9-8dd8-06af1dd33bc0,1962,Chile,Defender,24.0
4e2f61e1-ce4f-5cb8-8a58-ee55e85e4535,2010,Chile,Defender,32.0
cd754ef5-e0b3-51ae-b6c0-29bb05bbfbd4,2002,Spain,Goalkeeper,30.0
fae3c225-8e3b-571a-b364-e149ce7c0de9,2006,United States,Midfielder,23.0
3dbe0585-a5f9-5f2c-9f88-6af31d249620,1950,United States,Defender,31.0
87c173fb-2e3d-5cd2-a99c-18c2e0c38d22,2018,Panama,Midfielder,31.0
f313a5ff-9775-53ad-9e25-108ad1d3f97a,1986,Scotland,Forward,30.0
08247397-7649-5465-ac25-2b79c42f2aed,1970,England,Defender,26.0
57c6d7c8-1720-5aaa-8980-13d9b5986eee,1954,Scotland,Forward,27.0
449ab46c-67f1-5237-a868-3b5f968659dd,1982,England,Midfielder,27.0
beb49f67-5c24-57ab-954e-fde268c5631b,1954,Belgium,Forward,24.0
1b424190-4987-55f1-a0ab-569d4a81fc66,1958,Argentina,Forward,22.0
a5f17d37-e0cd-59f8-a68f-70f1a1f0f41d,1974,Uruguay,Forward,22.0
eb9d3ebd-d485-504e-b6c1-f6f9a283a6dc,1970,Uruguay,Goalkeeper,21.0
c77fdbc3-77b9-5bc9-bfae-406af8c07948,2002,Costa Rica,Midfielder,29.0
a3d00580-6104-5cf9-8b5d-e423030b494c,1974,Scotland,Midfielder,28.0
6f0a25c7-bf11-5f0c-b2c1-389e8f77f2a2,1998,Chile,Midfielder,29.0
2ac3aa21-586b-5754-9469-cdf9390d922c,2018,Denmark,Forward,25.0
2ac3aa21-586b-5754-9469-cdf9390d922c,2022,Denmark,Forward,29.0
aa1da49d-c589-5823-8932-f297c1cb7d31,2022,Canada,Defender,25.0
95748507-48be-57f0-b918-d5bc37c33c44,1982,Chile,Goalkeeper,25.0
c8c89409-e300-589c-817b-742c83a55f18,2018,Mexico,Midfielder,25.0
698dd026-b372-5807-8a15-e81506a7d8f7,1986,Paraguay,Goalkeeper,28.0
a6dd6ad8-4e6f-5260-8650-1fb171f42625,1990,Uruguay,Midfielder,22.0
6df41186-78bf-5969-a179-83c934efae60,1970,Peru,Goalkeeper,29.0
2bbf0ef1-b53a-5de3-ac66-7ec833046969,2022,Argentina,Forward,27.0
6491401f-81f8-5f95-962e-3dbecf6cdf40,1982,England,Goalkeeper,34.0
1e255b8e-64cf-55b9-8cbf-e59e25d2dc6f,1950,Switzerland,Goalkeeper,28.0
5bf214fb-b897-5f20-b4a1-7d1d15174399,1966,Uruguay,Midfielder,25.0
5bf214fb-b897-5f20-b4a1-7d1d15174399,1970,Uruguay,Midfielder,29.0
5bf214fb-b897-5f20-b4a1-7d1d15174399,1962,Uruguay,Midfielder,21.0
c93604c3-526b-5f57-8145-b4693fa4daf7,1954,Mexico,Forward,20.0
469b4623-a1d2-59a6-8cd4-c41030748388,1930,Chile,Goalkeeper,25.0
abcfa4c2-b08e-58e2-8c9f-ca2414c4f427,1970,El Salvador,Defender,25.0
48ae1c0c-8c2b-583c-8eef-74821895c84f,1994,Colombia,Defender,26.0
4492a613-3d5d-5bdb-a39f-c7a7b4539c76,2018,Peru,Defender,29.0
4270ded9-0e90-5d20-8711-6f95b9459600,1938,Romania,Midfielder,25.0
f9246ad8-3717-5107-9286-f6eac2b2580b,2018,Spain,Forward,30.0
f9246ad8-3717-5107-9286-f6eac2b2580b,2014,Spain,Forward,26.0
3f0e1a87-f364-59b1-b4fb-2a9cd3cd0669,2022,Portugal,Goalkeeper,23.0
76b8217f-9fa7-538a-abe3-5c25cac98a89,2018,Brazil,Forward,28.0
de5812bd-a01d-5017-ad11-1e7fe81cc8c0,2002,Portugal,Defender,31.0
96657610-549a-5bf6-ba46-df4c241f2388,2014,Portugal,Defender,33.0
96657610-549a-5bf6-ba46-df4c241f2388,2010,Portugal,Defender,29.0
96657610-549a-5bf6-ba46-df4c241f2388,2006,Portugal,Defender,25.0
664d932c-cb1c-5ad0-b7d1-cb67af29d974,2002,Portugal,Midfielder,30.0
2307ed72-7a0f-5156-acd6-5c27d61d7eb3,1994,Italy,Defender,28.0
2307ed72-7a0f-5156-acd6-5c27d61d7eb3,1998,Italy,Defender,32.0
5c436b96-16cb-5c23-8914-5946a10c7ff6,1954,Italy,Goalkeeper,33.0
6e4dd9f4-c25e-5c60-8036-7fd774969487,2006,Portugal,Midfielder,32.0
a4702c7b-e2d9-5c41-a997-b7b28902d059,1982,Honduras,Defender,28.0
6a37db21-ba46-5e9a-a23e-c114b5a469c8,2014,Honduras,Forward,32.0
6db8fac8-1d35-5419-ad63-affd700c23ee,2022,Mexico,Goalkeeper,35.0
40f33c95-a72a-58ff-967c-83725c3f4c5a,2002,France,Goalkeeper,30.0
40f33c95-a72a-58ff-967c-83725c3f4c5a,2006,France,Goalkeeper,34.0
db9d5197-1be9-57b4-874d-052906c73327,1982,France,Forward,24.0
0f21cdb3-2df6-51ff-9b96-1140199459c0,1938,France,Forward,26.0
0f21cdb3-2df6-51ff-9b96-1140199459c0,1934,France,Forward,22.0
365f9f9d-fe95-5bb4-8560-5c2dcd6d946d,2018,Belgium,Goalkeeper,26.0
365f9f9d-fe95-5bb4-8560-5c2dcd6d946d,2014,Belgium,Goalkeeper,22.0
365f9f9d-fe95-5bb4-8560-5c2dcd6d946d,2022,Belgium,Goalkeeper,30.0
9f30eeb5-5349-58a0-a70d-8169f5a10365,2018,Brazil,Midfielder,26.0
d8155f83-65b1-590a-9fee-14050d3f3dcb,1962,Brazil,Forward,19.0
cdb6df18-d93f-50f8-8a49-b551166ed223,2002,Portugal,Defender,33.0
3d643281-a3a9-5add-912f-88c5b298b256,1966,France,Forward,22.0
21613db6-fd48-5f09-8640-4ca013923287,2006,Australia,Goalkeeper,31.0
393b7ff8-b787-54e9-9f4a-d8ff7207ee1b,1990,United States,Midfielder,21.0
55cb3d7c-7ac3-5b03-b2db-45764b4ffc70,1954,Scotland,Midfielder,28.0
55cb3d7c-7ac3-5b03-b2db-45764b4ffc70,1958,Scotland,Midfielder,32.0
dd0d1dce-8c9c-5d62-8957-dfb4cd2a81f4,2006,Trinidad and Tobago,Defender,35.0
264fa7a8-1ba1-5a21-a129-bf1ed0aa6744,1958,Northern Ireland,Forward,25.0
7b93041b-413d-57b6-80d7-b9adb4fa2489,1958,Scotland,Forward,26.0
83eaea5c-1510-5949-b830-98b7113b59e2,1994,Republic of Ireland,Forward,32.0
9b39cbc1-72fc-51f4-9880-b1fdedb67866,1950,United States,Forward,27.0
3a5d45e9-9f25-5254-8c48-0d0f38444701,1998,Romania,Forward,30.0
79031852-eb91-5ac9-8b4e-f0ee8ab7e0dc,1998,Belgium,Defender,27.0
8e96f395-439f-5c18-a26c-e449f374f9db,1950,Chile,Forward,27.0
31c28ea9-9635-58cb-b707-b1ff1a12e118,2002,Argentina,Forward,27.0
31c28ea9-9635-58cb-b707-b1ff1a12e118,2006,Argentina,Forward,31.0
31c28ea9-9635-58cb-b707-b1ff1a12e118,1998,Argentina,Forward,23.0
d7cb8809-b7a1-5f8a-a9fe-44b2006053b9,1982,New Zealand,Midfielder,24.0
da072759-ca9e-542a-98c6-8605e07bd0f6,2006,Brazil,Defender,29.0
8ca4459b-6a66-50ac-9b0b-ffaa86d29e52,2010,Italy,Defender,24.0
556aa918-5d51-5234-9cb5-0614ea8361a8,1994,Bolivia,Defender,25.0
2f660554-409e-59c7-b915-da76a4cd0168,1954,Yugoslavia,Defender,25.0
2f660554-409e-59c7-b915-da76a4cd0168,1958,Yugoslavia,Defender,29.0
2a7cbc81-580b-5ee7-b9e0-d6cb4aae7a0f,1970,Sweden,Midfielder,26.0
2a7cbc81-580b-5ee7-b9e0-d6cb4aae7a0f,1974,Sweden,Midfielder,30.0
24b52d4f-98ed-532b-bc2b-f3d0bd134ebc,2010,England,Forward,29.0
24b52d4f-98ed-532b-bc2b-f3d0bd134ebc,2006,England,Forward,25.0
247594a5-10f9-5610-a9fa-96fe1089306d,1958,Wales,Midfielder,26.0
d203dda2-11eb-59e6-affe-0e2f6f731869,1974,East Germany,Goalkeeper,28.0
f02bd2c8-a452-5dd7-897c-467500fe9d09,1974,Netherlands,Midfielder,27.0
94c5c370-e1c6-541f-b5f2-bdd6f47914be,1998,Brazil,Defender,30.0
56c1a993-6be5-5761-8b81-c6f1864f8785,1986,Mexico,Defender,25.0
20ac2de5-53d2-567d-a588-960629091ac9,1966,Portugal,Midfielder,26.0
4b01fcaa-e0a8-5228-bd28-836a103e20cd,1986,Mexico,Forward,20.0
d9ce2613-d456-5e7d-bea5-308a538f9318,1966,Chile,Defender,27.0
d9ce2613-d456-5e7d-bea5-308a538f9318,1962,Chile,Defender,23.0
32f4e64d-21dc-50c8-9a16-229f6bba69e6,1982,Honduras,Midfielder,23.0
05f31429-00b8-501d-8e8d-318c05abcf08,2006,Argentina,Forward,32.0
b998929b-a0fb-5c62-9124-558eff4382e3,1954,Uruguay,Midfielder,29.0
d33cd47d-292f-5c54-83de-5c423a0ea02f,1982,Honduras,Defender,33.0
380946c6-ca3c-5bf1-9c20-8e80e76b9593,1958,Argentina,Forward,27.0
4312b943-aa59-5246-8675-1c7b9ffe2979,1970,Peru,Midfielder,29.0
7c12043a-a2da-5635-982a-ce7e11f0d3c3,1978,Hungary,Midfielder,26.0
7c12043a-a2da-5635-982a-ce7e11f0d3c3,1982,Hungary,Midfielder,30.0
aa22fd6b-09e7-5177-81e6-acd86a7bb104,1938,Hungary,Forward,28.0
e7f76b98-bc03-57dd-b259-511aefe155f9,1982,Hungary,Midfielder,26.0
73f5bcf1-6379-5295-8bec-9d34be07260f,1954,Hungary,Forward,22.0
2cc674b9-2f07-50b1-a3c9-faffdf31f654,1986,Hungary,Defender,29.0
2cc674b9-2f07-50b1-a3c9-faffdf31f654,1982,Hungary,Defender,25.0
61cff4f7-9966-53f1-9b22-7b7084df6659,2018,Colombia,Goalkeeper,33.0
0659d7f1-0682-5d8d-9214-3a9cc299fae7,2018,Colombia,Midfielder,30.0
0659d7f1-0682-5d8d-9214-3a9cc299fae7,2014,Colombia,Midfielder,26.0
cf0aacb3-5481-5611-96e0-edf64259ff0c,2014,Costa Rica,Midfielder,27.0
11ebb875-9190-525f-a786-f2867487a177,1970,Uruguay,Midfielder,30.0
11ebb875-9190-525f-a786-f2867487a177,1974,Uruguay,Midfielder,34.0
11ebb875-9190-525f-a786-f2867487a177,1962,Uruguay,Midfielder,22.0
a5ccf60e-9a82-53f0-8659-e7a4c6d04093,1962,Uruguay,Midfielder,29.0
9c3f4876-4e13-5142-bfd2-7b15191d853e,1978,Peru,Midfielder,29.0
9c3f4876-4e13-5142-bfd2-7b15191d853e,1970,Peru,Midfielder,21.0
9c3f4876-4e13-5142-bfd2-7b15191d853e,1982,Peru,Midfielder,33.0
2aeb9f5c-9b15-53ec-9275-2f6542133ecd,1950,Mexico,Midfielder,22.0
2039071f-4682-5bc1-a686-526ec6cbca95,1978,Italy,Defender,29.0
952efa92-4c74-5d32-b959-b7871fd9e2f6,1986,Argentina,Defender,25.0
9aa61f75-12f1-55b4-91ba-1ed90fdd18a7,1934,Romania,Defender,24.0
60965514-4760-578c-9ca4-4dd5fbf7ae35,1978,Peru,Midfielder,26.0
60965514-4760-578c-9ca4-4dd5fbf7ae35,1982,Peru,Midfielder,30.0
ca6902a0-ebe9-54f8-9d0e-94cf66d98f7a,2018,Peru,Midfielder,27.0
09ba3723-d93b-5468-910d-ac2fee080bbc,2002,Paraguay,Forward,22.0
09ba3723-d93b-5468-910d-ac2fee080bbc,2006,Paraguay,Forward,26.0
3cc7a009-dbe7-5d37-9363-40206d2dc363,2006,Argentina,Defender,28.0
b27e6b27-f869-5046-b89f-ae1e15bf1522,1954,France,Midfielder,30.0
bef41910-a715-51ae-a0de-3942f3e10a12,2010,Australia,Midfielder,30.0
bef41910-a715-51ae-a0de-3942f3e10a12,2006,Australia,Midfielder,26.0
0da1970d-7e90-5de1-a80d-875f0cc8b79d,1978,West Germany,Midfielder,29.0
0da1970d-7e90-5de1-a80d-875f0cc8b79d,1974,West Germany,Midfielder,25.0
73fa981a-8ac4-52a5-a5eb-a5ca29d90350,2018,Panama,Defender,26.0
e50deabe-a937-5601-bda3-f5f4725bd077,2022,Australia,Forward,27.0
9cfea0ae-c7af-5cf2-943f-645b36de4e4b,2002,Republic of Ireland,Defender,31.0
b9ad9b24-16b0-5eb1-ae9a-30cd4159b77b,1954,Scotland,Defender,29.0
aef8b722-f501-5623-aa54-255205471063,1958,Northern Ireland,Defender,28.0
136b944e-53c4-5c49-9d61-0f5911512868,1974,Australia,Defender,27.0
68dcd621-2b6f-501b-ab1e-906276ef6e68,1958,Northern Ireland,Forward,30.0
ee979da3-31e5-564a-8c54-2a41473d317c,1982,Belgium,Goalkeeper,32.0
ae89f218-1c08-5afb-9d85-97e8caeb73c4,1978,Mexico,Midfielder,26.0
f3cc3b49-c09c-5610-83e0-88e5ea83aa90,1930,Romania,Defender,24.0
87be1c76-40d3-5824-87b6-9c2750fb310b,1934,United States,Defender,22.0
6bd62dbb-c1ac-5fe2-9238-21f7cb39fa33,1994,Belgium,Forward,34.0
6bd62dbb-c1ac-5fe2-9238-21f7cb39fa33,1982,Belgium,Forward,22.0
8875789c-ae96-50b7-b948-de8f1f0588af,1954,Hungary,Forward,25.0
c2eeece9-2d77-5b7c-bf8e-cdcd3718b01a,2018,Peru,Goalkeeper,27.0
fa790684-abe8-58c1-ad8a-3c2955d65d61,1994,Argentina,Defender,25.0
c8521e63-61bd-5885-901d-ee306184b41c,1978,Peru,Goalkeeper,29.0
38149c6b-d5ec-5655-aab1-1a756cefc263,2010,Paraguay,Defender,31.0
38149c6b-d5ec-5655-aab1-1a756cefc263,2002,Paraguay,Defender,23.0
38149c6b-d5ec-5655-aab1-1a756cefc263,2006,Paraguay,Defender,27.0
9f314312-00d9-5413-b3ca-666b16b8e94d,2018,Uruguay,Defender,31.0
9f314312-00d9-5413-b3ca-666b16b8e94d,2014,Uruguay,Defender,27.0
9f314312-00d9-5413-b3ca-666b16b8e94d,2022,Uruguay,Defender,35.0
9f314312-00d9-5413-b3ca-666b16b8e94d,2010,Uruguay,Defender,23.0
0f1bfceb-61ee-5ac4-bd02-752f64ab4ae5,1986,Paraguay,Defender,24.0
ead9f0db-3c64-5a15-a3be-86e3768230e2,2010,Paraguay,Midfielder,25.0
789bbed8-2b9e-5074-a62e-a7e76e25b079,1970,Uruguay,Defender,26.0
f10b2852-f196-5017-9b45-d436a20593f0,1978,Mexico,Midfielder,26.0
1ca80257-5dad-5d27-bade-05dbfa8884e9,1954,Mexico,Defender,26.0
1ca80257-5dad-5d27-bade-05dbfa8884e9,1958,Mexico,Defender,30.0
1ca80257-5dad-5d27-bade-05dbfa8884e9,1962,Mexico,Defender,34.0
e815be6a-a142-546c-a76b-f4117029849a,2018,Brazil,Goalkeeper,31.0
1b921b91-0cf4-508d-a6d3-830c015467d5,2018,Portugal,Defender,27.0
046b3f12-6fc8-597f-ab6a-0fb102bcc213,1986,Brazil,Defender,23.0
a72997aa-1125-5243-8125-8cc7f9281560,2014,Brazil,Goalkeeper,35.0
a72997aa-1125-5243-8125-8cc7f9281560,2010,Brazil,Goalkeeper,31.0
a72997aa-1125-5243-8125-8cc7f9281560,2006,Brazil,Goalkeeper,27.0
29fc9246-0e0b-5951-8250-b2e1673fd1e2,1950,Spain,Forward,30.0
8fe33e3e-9df4-547d-81b5-f9713710d273,1974,Brazil,Forward,29.0
894f23bd-3ca2-5b9d-88c8-f3cffa01a076,1950,Paraguay,Defender,
2395a67f-29e7-5be4-b83e-4ce1c4cb05b6,1998,Colombia,Defender,22.0
feb2da4e-a551-5529-9d64-72f21f6c7a42,1950,Mexico,Goalkeeper,26.0
016a2784-e36c-52c9-b72a-ffa379ba23de,1994,Colombia,Goalkeeper,24.0
016a2784-e36c-52c9-b72a-ffa379ba23de,1998,Colombia,Goalkeeper,28.0
fd603883-ea8a-5e58-a425-698a6adfd04b,2022,Switzerland,Defender,24.0
3a8167b8-312e-5585-8d9c-9119a43d5d82,1990,Romania,Forward,32.0
b4bb4060-96df-5b11-b547-4bd269673036,2002,Slovenia,Goalkeeper,31.0
2f52d17f-dae7-53ce-ba3b-c856afc4aa3e,2006,Iran,Forward,37.0
2f52d17f-dae7-53ce-ba3b-c856afc4aa3e,1998,Iran,Forward,29.0
e09a625b-5e9d-5920-bf4f-953f57cfc701,1982,Belgium,Midfielder,28.0
6f0dff96-849a-56e7-9fb8-10e86bce62ae,2002,Senegal,Defender,25.0
547fe925-4cdf-5a20-970d-8b5bb64b72fd,1970,Morocco,Midfielder,24.0
e2e97927-de6f-5e57-b735-4a89dd636391,1982,Algeria,Midfielder,30.0
e0cf3e1e-2c27-50a7-8a7a-15a414240b19,1994,Sweden,Forward,26.0
34359b5a-ed1a-51c4-a4bb-9b2acefc1c0d,2022,Tunisia,Goalkeeper,25.0
e03ccf80-3f0a-5e8a-9d24-2baf1f1adbd8,1998,Scotland,Defender,25.0
732ce8a2-0b6b-5beb-9da8-89b3c15edf97,1986,Hungary,Forward,27.0
7421241a-0fd5-56b6-b6fe-814e95661337,1938,Belgium,Midfielder,26.0
bab00027-be2b-5581-aa51-fb199f929823,1978,France,Forward,29.0
2b905157-1752-5231-8b28-9f9894f4bf27,1978,Scotland,Forward,27.0
2b905157-1752-5231-8b28-9f9894f4bf27,1974,Scotland,Forward,23.0
2b905157-1752-5231-8b28-9f9894f4bf27,1982,Scotland,Forward,31.0
2a83b0d5-3d37-5f96-94fe-3baeee7aac8c,2022,Portugal,Defender,23.0
7d10fde8-1d6c-5861-9475-f7151bdeefcb,2018,Denmark,Defender,29.0
337fa818-8975-5f4d-aa84-6ff65c71900f,1986,Portugal,Goalkeeper,39.0
2d9380b2-b206-5201-abe3-05513a9aac22,2022,Denmark,Midfielder,22.0
fbda7435-e148-565f-935e-228f6c641825,1978,Iran,Midfielder,27.0
d21b4b3f-6678-5451-b688-32d75880bcc3,1978,Spain,Forward,27.0
01b7ed8c-0462-5fba-9c66-af833b11cfed,1950,Brazil,Midfielder,30.0
1b01ab0b-345a-5c24-96ae-a59491b562d7,2018,Brazil,Defender,27.0
1b01ab0b-345a-5c24-96ae-a59491b562d7,2022,Brazil,Defender,31.0
fab7823f-8ba9-5e84-a663-a1c7b92ceddd,1966,Soviet Union,Defender,25.0
4219f9aa-e9a2-5941-9e3a-b1d8fe0e6c03,2022,Ghana,Goalkeeper,20.0
ebf0e3ad-6115-5610-97ce-e4c81b6de01d,2010,Portugal,Midfielder,27.0
e537a45f-9300-5d54-9c9d-cb60a8572a92,2014,Brazil,Defender,31.0
b263ed41-f0a1-5e9c-80cd-d65c9c819d66,1994,Morocco,Midfielder,28.0
3a1b2aaf-29e9-5c90-aa13-496d17063670,1982,Soviet Union,Midfielder,25.0
5e2f9ce9-d7a8-59c4-af8f-4261395bdcd0,2022,Morocco,Defender,23.0
aecc7f9d-365c-5be7-b5bf-7659d732e9ad,1970,Brazil,Forward,24.0
6fda60b8-97ab-593b-ae06-f6fa3dd373ba,2014,Italy,Defender,25.0
06e7d602-e049-5053-a67f-b78f40a6f979,1938,France,Goalkeeper,22.0
12174919-ce25-5134-b8d0-7a808c01ee50,1990,Soviet Union,Goalkeeper,33.0
12174919-ce25-5134-b8d0-7a808c01ee50,1986,Soviet Union,Goalkeeper,29.0
12174919-ce25-5134-b8d0-7a808c01ee50,1982,Soviet Union,Goalkeeper,25.0
8a28393f-44f0-5d49-82af-2ed3d1951f35,2014,Ghana,Goalkeeper,29.0
e98bf59e-1678-5e55-a73f-036dadd0f915,1938,Czechoslovakia,Defender,28.0
e98bf59e-1678-5e55-a73f-036dadd0f915,1934,Czechoslovakia,Defender,24.0
aff369dd-8408-5bd7-b345-84a953a27cf4,2002,Turkey,Midfielder,29.0
488022d5-3dd0-5128-85b6-ad7526b3694b,2014,Iran,Goalkeeper,26.0
866b7572-656d-5d1f-9f6f-bcc3cdd3a00e,2022,Canada,Forward,22.0
cf581708-68de-5b2b-b1f1-ed651f315261,1962,Italy,Defender,28.0
78de7c4c-8fc2-51cc-be51-f2e666c3610e,1938,Romania,Goalkeeper,24.0
2dc202ae-20d3-5041-8dea-c4f101371199,1966,Bulgaria,Midfielder,23.0
2dc202ae-20d3-5041-8dea-c4f101371199,1970,Bulgaria,Midfielder,27.0
29094d04-6f6a-5e1b-a154-f22e02ffaa31,1998,Netherlands,Midfielder,25.0
40dc37e9-9d37-5261-ae7c-3ad221748e2c,2010,South Africa,Midfielder,25.0
e0df1492-96f3-59fd-bc4e-8ddad0bc631c,2014,Australia,Defender,23.0
fb87388a-78df-5a88-bf50-fb884ad2fa44,1954,Scotland,Midfielder,29.0
8698a73e-2e09-513b-a6da-fa3ff72229c1,2022,Wales,Goalkeeper,30.0
9bd86bbe-c3e8-5d3e-b5cb-c57863c337b9,2022,Canada,Forward,22.0
ea7c90b7-1212-56b9-a5d5-a7deb4f14a4b,2022,Wales,Defender,29.0
1f786aaa-b0fd-5b8c-a67d-0c89f36ee402,1998,Mexico,Defender,22.0
3a039cd4-1b1f-5232-97e4-9d19ee6fe73b,2014,United States,Midfielder,33.0
127d6459-c727-53a4-b3b7-e73c6e6d6e25,2018,Panama,Defender,27.0
c24664e2-58f6-5bb0-8d3a-e56b75c39b66,1990,Costa Rica,Midfielder,24.0
8dfb566c-8c28-52c8-a7e3-4d5ff741459e,1954,Uruguay,Defender,21.0
18c74b27-504f-5f15-9d5e-66c637bc53ef,1998,Jamaica,Midfielder,24.0
fa9ad3b7-e535-5a4f-97eb-5bfadecc6c64,2010,England,Defender,27.0
6ed1987a-e89b-57cc-90a9-f47a24281090,2002,Russia,Defender,30.0
71d0d051-9662-5145-bbb5-5d6e6ebc8939,1990,Italy,Defender,29.0
e7d8d9ce-4087-5c3a-8419-63407fe801ef,2018,Uruguay,Midfielder,24.0
e7d8d9ce-4087-5c3a-8419-63407fe801ef,2022,Uruguay,Midfielder,28.0
75e5b351-8533-54ec-8be8-dfaad512937b,1930,Belgium,Goalkeeper,38.0
bb51e330-f1eb-518c-b978-2723aad099a1,2002,Belgium,Defender,31.0
bb51e330-f1eb-518c-b978-2723aad099a1,1998,Belgium,Defender,27.0
3c87e759-e269-50b9-b52a-cb737744e88d,1966,France,Defender,32.0
a4193ea8-b06d-5858-b775-1f15751b44c2,2018,Belgium,Midfielder,27.0
a4193ea8-b06d-5858-b775-1f15751b44c2,2014,Belgium,Midfielder,23.0
a4193ea8-b06d-5858-b775-1f15751b44c2,2022,Belgium,Midfielder,31.0
bb21b186-8003-5b5b-888a-6ee44671215e,1930,Belgium,Midfielder,25.0
5161fa47-e976-5e19-9503-2fd47ad767b6,1930,Belgium,Defender,23.0
2e482f2c-2faf-527a-9a39-23adcc0c304a,2022,Belgium,Forward,21.0
fee7a2bc-992e-5a12-b7e1-a5c1f4a1feca,1986,Canada,Defender,24.0
31910fd8-f1b8-5117-90e1-e7e84772bc15,1966,France,Defender,25.0
88add9d9-de81-5e3d-b4a1-1c09e78ce77c,1990,Italy,Midfielder,26.0
88add9d9-de81-5e3d-b4a1-1c09e78ce77c,1986,Italy,Midfielder,22.0
8fd5a0e7-b50d-5295-ab31-cae9a0b8d51f,2022,Argentina,Midfielder,28.0
114f5189-4407-5803-9e1e-405fb7054451,2014,Italy,Midfielder,31.0
114f5189-4407-5803-9e1e-405fb7054451,2010,Italy,Midfielder,27.0
114f5189-4407-5803-9e1e-405fb7054451,2006,Italy,Midfielder,23.0
94a7298a-a1fd-5f64-8592-f4313031dc5a,2010,Italy,Goalkeeper,33.0
88d208d1-a714-5f0e-adc4-b57a6b613bf5,1990,Belgium,Defender,29.0
511ec71c-bac2-5fd3-92eb-7808dd8e0d70,1982,Belgium,Defender,31.0
17733d65-e7cb-54e6-9ff4-df7ab6a6d71f,2014,Italy,Defender,22.0
6b5eb997-c4ff-5c2c-b40c-a41ca77a7ae1,1970,Italy,Midfielder,27.0
9b8af13e-e850-5545-b95b-0b5faeea2055,2002,Belgium,Goalkeeper,31.0
b711a09d-c9c1-58be-955c-ea278d70a53c,1994,Belgium,Goalkeeper,30.0
b711a09d-c9c1-58be-955c-ea278d70a53c,1990,Belgium,Goalkeeper,26.0
b711a09d-c9c1-58be-955c-ea278d70a53c,1998,Belgium,Goalkeeper,34.0
21b20916-1b6d-5712-998e-5d8a48e75fb7,1938,Belgium,Midfielder,30.0
1bf94d16-a897-533e-b2e3-fa42db9117e2,1994,Belgium,Defender,36.0
1bf94d16-a897-533e-b2e3-fa42db9117e2,1990,Belgium,Defender,32.0
1bf94d16-a897-533e-b2e3-fa42db9117e2,1986,Belgium,Defender,28.0
7c3b8148-be3d-5bb1-ad33-6a2e2d0b76a1,2010,United States,Defender,31.0
05913da4-a6f5-5dac-9f56-ad63b9b0dab3,2022,Belgium,Defender,19.0
2867cf7a-582c-5616-a046-95a1014d030e,2014,France,Defender,29.0
d437532a-09f9-590f-979f-8865fbaffb4c,2010,Portugal,Midfielder,33.0
d437532a-09f9-590f-979f-8865fbaffb4c,2006,Portugal,Midfielder,29.0
76e6d6be-d5fd-59ea-a49b-53751bf8846e,2010,Slovenia,Forward,26.0
306cf2a2-9aa7-57d7-929b-fe9f15a39268,1998,United States,Midfielder,28.0
fe81df32-be72-562e-b9f8-f4effa2da2dd,2002,Belgium,Defender,29.0
fe81df32-be72-562e-b9f8-f4effa2da2dd,1998,Belgium,Defender,25.0
4f1630a2-5d12-52af-898a-e37ba4a42b7b,2010,England,Forward,28.0
95818072-dd76-5a03-8095-ac8eb550f75f,2014,Belgium,Midfielder,26.0
b7c4fcb1-bb38-59a6-9021-ae06a4d81f43,2006,Switzerland,Midfielder,23.0
911e1266-d7c3-5f8a-b16d-6f5310a667c0,2006,Switzerland,Defender,23.0
70694db3-0729-5864-a9d8-2e93a9cbb93a,2018,Australia,Defender,24.0
70694db3-0729-5864-a9d8-2e93a9cbb93a,2022,Australia,Defender,28.0
16cc86a0-a7c5-5c9e-9680-36c835dc560a,1982,Austria,Defender,22.0
3ef8fba7-ffb5-5532-8993-f5d2b346e6e4,1994,Belgium,Forward,29.0
3ef8fba7-ffb5-5532-8993-f5d2b346e6e4,1990,Belgium,Forward,25.0
a0e6ace4-4068-55c9-8419-4c36a6616eab,1934,Romania,Midfielder,24.0
4ac76c4c-4173-5b7a-b98b-c966b3f332e4,2018,Iran,Midfielder,32.0
4ac76c4c-4173-5b7a-b98b-c966b3f332e4,2014,Iran,Midfielder,28.0
3cc6bfda-81a3-5669-a0ec-8099abdcac67,2002,Italy,Forward,28.0
3cc6bfda-81a3-5669-a0ec-8099abdcac67,2006,Italy,Forward,32.0
3cc6bfda-81a3-5669-a0ec-8099abdcac67,1998,Italy,Forward,24.0
25bee75e-c06d-5738-829c-3ba6a98e7e43,2018,Denmark,Midfielder,27.0
25bee75e-c06d-5738-829c-3ba6a98e7e43,2022,Denmark,Midfielder,31.0
6fcdec48-e031-5ff3-86cb-c9f17ca4cf5d,1930,Belgium,Midfielder,27.0
69cdaec5-57f6-5312-9936-33b92ed706cf,1970,Romania,Defender,26.0
24ef1ada-9e1d-5968-9f46-f60207e9de71,1930,France,Midfielder,23.0
24ef1ada-9e1d-5968-9f46-f60207e9de71,1938,France,Midfielder,31.0
24ef1ada-9e1d-5968-9f46-f60207e9de71,1934,France,Midfielder,27.0
c74c09f0-a170-57c7-a7e5-6cc7dc4f4f48,2002,Ecuador,Forward,28.0
c74c09f0-a170-57c7-a7e5-6cc7dc4f4f48,2006,Ecuador,Forward,32.0
5ac43cda-574c-55e5-833c-53113dff7b5c,2014,Honduras,Midfielder,28.0
3e73566b-5040-5069-ada0-6747d437cfd8,1958,Argentina,Defender,23.0
3e73566b-5040-5069-ada0-6747d437cfd8,1962,Argentina,Defender,27.0
af6ef284-8a3f-5dc9-8d03-1a84a9bbbe8b,1998,Argentina,Forward,25.0
dec0851a-d9b7-552c-b621-12b50842030c,1986,Paraguay,Defender,27.0
62944e17-7ba7-5766-a601-32de4db9e3e0,2006,Angola,Defender,27.0
d0bdd290-b73a-56b7-81e6-80a73f59924c,1930,Argentina,Defender,24.0
f15d2810-6c74-5e2e-b14c-3281ef3d87f4,1958,Argentina,Defender,32.0
5721cbcc-0bba-59ea-b25d-5194944a48c0,1930,France,Midfielder,23.0
5721cbcc-0bba-59ea-b25d-5194944a48c0,1934,France,Midfielder,27.0
3aadf7cc-dca9-516e-abda-a251aeef454a,2018,England,Defender,29.0
ba81192a-1929-554a-b938-bdb575479b03,2002,Italy,Forward,29.0
41318b38-cfe7-5f5a-ba1c-9c303e631067,1930,Argentina,Forward,21.0
5d1f7368-fc9c-56d4-8799-6580c95aea52,1934,Italy,Forward,25.0
614a38fe-0732-5d32-a102-80993c8c0c6b,1970,Romania,Midfielder,25.0
b4314f78-6a14-5891-b9d7-493b896ba555,2018,Belgium,Midfielder,31.0
b4314f78-6a14-5891-b9d7-493b896ba555,2014,Belgium,Midfielder,27.0
f1f24e92-4b46-548b-b2c7-2162b78aae91,2018,France,Forward,21.0
f1f24e92-4b46-548b-b2c7-2162b78aae91,2022,France,Forward,25.0
a347148c-328d-509c-8f25-9f18fddc2b53,2010,Ivory Coast,Defender,29.0
a347148c-328d-509c-8f25-9f18fddc2b53,2006,Ivory Coast,Defender,25.0
535287f5-789a-5702-a47c-0a3baf23b656,2014,Argentina,Defender,34.0
535287f5-789a-5702-a47c-0a3baf23b656,2010,Argentina,Defender,30.0
8fac2eea-650f-56e8-894b-7ac8873ea935,1990,Belgium,Defender,24.0
8fac2eea-650f-56e8-894b-7ac8873ea935,1986,Belgium,Defender,20.0
e6901690-167c-5bad-a610-7052d4b25daf,2014,United States,Midfielder,31.0
e6901690-167c-5bad-a610-7052d4b25daf,2010,United States,Midfielder,27.0
e6901690-167c-5bad-a610-7052d4b25daf,2006,United States,Midfielder,23.0
8df5bfe3-404d-5669-8a20-220e7dfc0a86,1990,Soviet Union,Defender,31.0
8df5bfe3-404d-5669-8a20-220e7dfc0a86,1986,Soviet Union,Defender,27.0
8df5bfe3-404d-5669-8a20-220e7dfc0a86,1982,Soviet Union,Defender,23.0
62432785-3906-53e4-959b-f27869509b80,2018,Belgium,Defender,23.0
62432785-3906-53e4-959b-f27869509b80,2022,Belgium,Defender,27.0
a6d4ef13-9359-5cff-a638-ff3c6299f346,1930,Peru,Midfielder,24.0
f75b3abc-98f7-534e-a89c-25d09786acca,1974,Bulgaria,Midfielder,24.0
d685b1fe-f9c5-5ad6-afb3-b003326b15fc,2022,Australia,Defender,25.0
65dd4796-b45d-52fd-a383-409b6e986f68,1930,Paraguay,Goalkeeper,
094ac49f-5aad-581b-8e65-eceacf599530,2014,Russia,Midfielder,30.0
88ca8010-f21d-5383-afef-2c5f146e015b,1966,Brazil,Midfielder,23.0
df890727-a143-54e3-8c4c-9c7f6103bb2e,2002,Brazil,Midfielder,25.0
df890727-a143-54e3-8c4c-9c7f6103bb2e,1998,Brazil,Midfielder,21.0
64433729-3f40-524c-92b9-0c99132cc46a,2014,Netherlands,Forward,20.0
64433729-3f40-524c-92b9-0c99132cc46a,2022,Netherlands,Forward,28.0
26941f10-b079-52c9-b8dd-de887c0d0d04,1954,Brazil,Midfielder,26.0
3c5b938c-0fa6-5a3d-8249-ba159cd50c28,2010,Switzerland,Forward,22.0
3286fc8d-f318-5d5d-b311-f1092831721c,1954,France,Forward,24.0
fbb0ad05-c393-5880-9c3a-db84f1f62948,1966,Bulgaria,Midfielder,25.0
fbb0ad05-c393-5880-9c3a-db84f1f62948,1970,Bulgaria,Midfielder,29.0
fbb0ad05-c393-5880-9c3a-db84f1f62948,1962,Bulgaria,Midfielder,21.0
1801e600-d6fa-50f3-a8ff-8c440e8af95b,2002,France,Defender,34.0
1801e600-d6fa-50f3-a8ff-8c440e8af95b,1998,France,Defender,30.0
66c1593a-7643-5e4f-863e-b822d71231f5,1998,France,Midfielder,30.0
c36d207e-d349-521b-920f-48f4fdad08aa,1986,Belgium,Midfielder,28.0
72d7b12a-854f-5f6c-967e-8073b3883215,2022,United States,Defender,22.0
da7a1b72-3387-545a-b325-58bcfeb7b558,1982,Yugoslavia,Forward,21.0
6487dd32-4e08-5565-a497-cf441be0a154,1934,Argentina,Forward,23.0
78950f82-cd0e-5145-8f0e-23931014457e,2022,Australia,Midfielder,24.0
fbb14196-6471-52b9-82a5-48aedecd2f30,1934,Belgium,Forward,21.0
65ba3989-74fd-51c2-82a4-dc66ffa01f73,1970,Belgium,Forward,26.0
20274416-728e-5498-a270-616a7c3ed95c,1970,Belgium,Defender,25.0
506e1aa7-107a-5756-b871-61742886c208,1966,Bulgaria,Goalkeeper,29.0
28b44d6d-6954-5b43-a264-8764fa857c42,1978,Poland,Midfielder,31.0
28b44d6d-6954-5b43-a264-8764fa857c42,1974,Poland,Midfielder,27.0
51058246-5fd2-554e-86b2-8912eda0315f,1990,Argentina,Forward,26.0
0ab9d4e2-a3e0-5945-8501-28e0a56057a8,1930,Romania,Forward,21.0
417b9256-b0bb-570e-a04c-b5fe42bb634f,1994,Morocco,Goalkeeper,30.0
59657d66-705c-51b4-9f91-72418e5620c0,1978,Tunisia,Midfielder,24.0
20bf6e8c-5871-569d-bedc-7a5ead60e181,2006,France,Midfielder,33.0
fb8d3610-06e4-54e7-9731-b0cb484fd2d0,1978,Tunisia,Defender,26.0
4b6dd7f3-719c-5722-a0b4-c2b819c89b75,2002,Italy,Midfielder,31.0
4b6dd7f3-719c-5722-a0b4-c2b819c89b75,1998,Italy,Midfielder,27.0
bdb4340c-8a6c-5265-9541-f18dd8f873a2,1986,Italy,Midfielder,28.0
972ff1a1-7c11-5cfd-ac3e-1b448e63224a,2002,Italy,Midfielder,36.0
972ff1a1-7c11-5cfd-ac3e-1b448e63224a,1998,Italy,Midfielder,32.0
51437a03-ad96-53ae-b947-bbb752208ad6,1938,France,Goalkeeper,29.0
41bd6408-16fa-582b-9225-c08c488dd8d0,2018,Argentina,Midfielder,30.0
41bd6408-16fa-582b-9225-c08c488dd8d0,2014,Argentina,Midfielder,26.0
41bd6408-16fa-582b-9225-c08c488dd8d0,2022,Argentina,Midfielder,34.0
41bd6408-16fa-582b-9225-c08c488dd8d0,2010,Argentina,Midfielder,22.0
4cc9762e-a604-55b4-9d4d-f53f18e3b45a,1998,Italy,Midfielder,28.0
7a46d4bb-d2e2-5c21-a033-7f9e2a4bd41b,2010,Italy,Forward,33.0
09bfc00a-9f93-541c-91cd-fa92d1a017e9,1962,Spain,Forward,36.0
aae9a59a-9840-5d04-8894-53a40c16fa04,1950,United States,Forward,29.0
d854b125-5f64-5d4a-8b2d-63b04e556da3,2022,Senegal,Forward,26.0
538392d1-9c27-5574-a6b7-f0beaecd6c36,2010,France,Midfielder,24.0
c431a090-c522-5f53-940a-fbe040cb0997,1938,France,Midfielder,28.0
c0e3bb15-1d37-5a43-989a-9c239d44246e,2022,Senegal,Defender,26.0
130b01ec-a2c2-58ec-b3f1-99a863efac26,2018,Senegal,Goalkeeper,26.0
7bfd85c8-4dfe-5584-af2d-8952cd867b30,2002,Senegal,Goalkeeper,30.0
0eb20303-d312-50c5-bcab-3ee5e0493ad4,1986,Portugal,Midfielder,27.0
55746ba7-4820-54c4-a2f9-f3872e77caed,2002,Senegal,Midfielder,25.0
5e01f668-8be8-55d7-971b-c6668ce30eab,2010,France,Midfielder,29.0
5e01f668-8be8-55d7-971b-c6668ce30eab,2006,France,Midfielder,25.0
0be5efc4-6398-53c8-a9bb-5622b828ffb6,2018,Portugal,Defender,21.0
0be5efc4-6398-53c8-a9bb-5622b828ffb6,2022,Portugal,Defender,25.0
accd620f-7a35-56a1-94df-69d00c2a3c9b,2022,Senegal,Midfielder,23.0
7a892244-df46-55dd-b4bb-d490babbaa18,2002,Senegal,Defender,27.0
1ea837fd-3e8d-595c-ad08-661f15dc5fe6,1934,United States,Forward,29.0
cef27d13-4a18-5960-83ab-b0521d968fc7,1954,England,Midfielder,29.0
cef27d13-4a18-5960-83ab-b0521d968fc7,1950,England,Midfielder,25.0
b96b413b-80d8-5137-b8b4-c1173e6afd04,1958,Brazil,Forward,24.0
e77be37e-4c4b-563f-849f-0f88a4b12e35,2002,Brazil,Goalkeeper,29.0
e77be37e-4c4b-563f-849f-0f88a4b12e35,2006,Brazil,Goalkeeper,33.0
e77be37e-4c4b-563f-849f-0f88a4b12e35,1998,Brazil,Goalkeeper,25.0
40f81285-17de-511b-8c31-68b7b1445f67,1930,Belgium,Forward,22.0
ce802b5f-41cb-5713-a978-71f5ecfdf738,1954,Brazil,Midfielder,26.0
ce802b5f-41cb-5713-a978-71f5ecfdf738,1958,Brazil,Midfielder,30.0
ce802b5f-41cb-5713-a978-71f5ecfdf738,1962,Brazil,Midfielder,34.0
7dd57d64-a2b4-54de-9ef9-115a5d32dce8,2006,Croatia,Goalkeeper,29.0
7ebf6ae2-1dde-52d6-933a-e21a175ca630,1934,Germany,Forward,34.0
932cfe13-bcdd-536d-bd96-f79dff85b9e8,2022,Senegal,Forward,22.0
b12ff7e8-0e68-5454-9c02-e3c8e085f1a2,2022,Senegal,Goalkeeper,28.0
2772d489-bfa3-57fb-a92f-3a0fb23f1bbf,1954,Austria,Forward,26.0
2772d489-bfa3-57fb-a92f-3a0fb23f1bbf,1958,Austria,Forward,30.0
f4a21db2-ad47-597d-932b-91c2ef56c0d2,2018,England,Defender,24.0
f4a21db2-ad47-597d-932b-91c2ef56c0d2,2022,England,Defender,28.0
008cc3b0-ab68-510f-a6b4-8b22312a5f78,1970,West Germany,Midfielder,26.0
3417d1e5-77d4-5a54-be27-b3572e80509e,1978,West Germany,Defender,30.0
857b4fba-f9e4-5fa4-99ae-9c18a74a7551,1962,Bulgaria,Midfielder,28.0
e59c072a-a7de-5f44-8bd6-74a88751be39,2014,France,Defender,21.0
5bf642bf-b10e-5c89-89e3-048062c7bbfa,1982,Austria,Midfielder,24.0
458a637d-ba87-5969-af5c-bd4104a4f855,2010,South Africa,Midfielder,26.0
3c36727d-7f1b-5968-8209-23c9717da583,1994,Greece,Forward,28.0
9285d859-e325-548a-9c14-a8fb459be0e7,1986,Bulgaria,Defender,27.0
eab1d5fc-3f95-5e68-99bd-f07b776f4117,1970,Bulgaria,Defender,35.0
eab1d5fc-3f95-5e68-99bd-f07b776f4117,1962,Bulgaria,Defender,27.0
27e65b35-fb3c-594e-8b60-7410a03800d7,1962,Bulgaria,Midfielder,22.0
c6164a21-5626-5ab0-8641-3a4e74361e93,1962,Bulgaria,Defender,25.0
5af89fd9-00d3-5c60-91cd-bc7748b0ca10,1978,Brazil,Forward,24.0
5af89fd9-00d3-5c60-91cd-bc7748b0ca10,1982,Brazil,Forward,28.0
1fdd6a68-50ed-5070-85ba-98b8716ee7ee,2010,Ivory Coast,Forward,30.0
1fdd6a68-50ed-5070-85ba-98b8716ee7ee,2006,Ivory Coast,Forward,26.0
82c78467-f1b9-5b38-a7b8-f2064629b70f,1998,Iran,Midfielder,28.0
cd143781-ce18-582f-8ccd-78019eae6a86,1970,Romania,Midfielder,22.0
3438b9a8-0723-5c1c-a0bf-c7ca64636588,1954,Turkey,Midfielder,30.0
34438d7f-1179-5635-a888-c92e41fa3b2c,1986,Uruguay,Defender,28.0
1cd5cec7-0196-5c10-9802-1d97e4f16cf9,2014,Ivory Coast,Midfielder,22.0
e43a5264-5c2c-5893-b8bc-7efd5fd6c853,1998,France,Midfielder,24.0
57670762-0eac-56b4-960f-8e293f523e01,2002,Senegal,Midfielder,24.0
da6a0cac-bb91-5987-a3d5-8a5ef2487c76,2002,Senegal,Forward,21.0
8418eff9-c1e3-59b1-83e0-792be87e3d0a,2018,Senegal,Forward,31.0
06795ff4-a016-5bd4-989c-c184077ae9e3,2018,Morocco,Defender,32.0
e597ad94-d887-590f-88cb-f06a9c358dd3,1978,Brazil,Midfielder,26.0
e597ad94-d887-590f-88cb-f06a9c358dd3,1974,Brazil,Midfielder,22.0
e597ad94-d887-590f-88cb-f06a9c358dd3,1982,Brazil,Midfielder,30.0
2f762ad3-0f0e-5c8b-b378-af1a2d559286,1954,Belgium,Defender,27.0
c4131401-17db-5aea-b12c-a660a0790fdb,1954,Turkey,Defender,25.0
3acf9c8b-83ad-5cc0-88c0-b0bf660c14a8,2022,France,Defender,24.0
5393537a-4d7b-5f6b-8314-0fdd5ffb90ab,2014,United States,Midfielder,24.0
68a05b05-856f-5ef6-9db4-5fb2d5aff47d,1986,Hungary,Defender,24.0
51accf57-050c-573f-b276-eb6f43417186,1986,Hungary,Goalkeeper,26.0
65078349-fe03-5ef7-9871-4395b0ed1b71,1950,England,Goalkeeper,29.0
8e98f3f6-474e-5669-a0e2-fd6f8720cf6b,1986,England,Forward,25.0
d798dd33-933c-53ea-bb81-2ac7aa7a3185,1998,Jamaica,Defender,27.0
4899831b-67fd-5f31-bcec-f1b9ca922f53,2014,Ivory Coast,Midfielder,30.0
e59e93d3-5bbb-5a02-b8e1-fdab1c9fcbc7,2022,Senegal,Forward,30.0
d15b58fe-57f5-57d3-a81f-fe6b7bb3840e,2014,Algeria,Midfielder,27.0
0c51f9fe-b75b-545b-8327-adcca2609ddf,2014,Ivory Coast,Defender,28.0
5aa4fc38-72d7-592e-be78-cd465f84e5e9,2010,Algeria,Forward,26.0
0542a0ee-32cc-531a-86ac-1b4f88b4df79,2002,Cameroon,Midfielder,21.0
9aa42d40-9afc-56e4-9d5a-ab6f7de78960,2014,Cameroon,Defender,22.0
4fffc80d-95a3-56dc-9e52-4b833003e239,2022,Ghana,Defender,28.0
e01d66bb-abee-5bd5-919d-390881edd9b9,1990,Cameroon,Forward,29.0
a1e8e318-2ed2-50a8-9079-233939db31d9,1966,France,Defender,27.0
afc624ef-cd1f-54ff-bbdd-ec7e20623501,2002,France,Midfielder,34.0
afc624ef-cd1f-54ff-bbdd-ec7e20623501,1998,France,Midfielder,30.0
0f8ca111-3704-5846-90a7-2c97c6f0aead,2018,Switzerland,Defender,31.0
0f8ca111-3704-5846-90a7-2c97c6f0aead,2014,Switzerland,Defender,27.0
0f8ca111-3704-5846-90a7-2c97c6f0aead,2006,Switzerland,Defender,19.0
a8b312c1-8676-5440-ab24-11dc5e99dc42,2018,Serbia,Goalkeeper,26.0
a8b312c1-8676-5440-ab24-11dc5e99dc42,2022,Serbia,Goalkeeper,30.0
f37a316c-daf7-5d5c-af9d-59f762f8da85,1938,Romania,Forward,29.0
f37a316c-daf7-5d5c-af9d-59f762f8da85,1934,Romania,Forward,25.0
11202a09-d3fa-5522-b262-486cc751f361,1970,Czechoslovakia,Defender,23.0
806ec896-6196-5f37-83d5-8906b90c5272,1998,Romania,Defender,33.0
dd5e4db4-16f1-5837-940b-f7ee6ab935b4,1970,Romania,Forward,23.0
29c395f2-f667-5ed8-b61c-cd14f39f8464,1990,Soviet Union,Forward,23.0
c15d70aa-0b5a-5320-842a-44b2e883cce7,1930,Brazil,Forward,27.0
196c9628-59bc-5e62-aa3c-8f2ef34d848b,1954,Scotland,Defender,26.0
196c9628-59bc-5e62-aa3c-8f2ef34d848b,1958,Scotland,Defender,30.0
5d53632d-ce08-54a2-b409-da08a1ea73dd,1970,Belgium,Midfielder,29.0
49f02b3d-23d9-51ce-bc04-98dcfab45da1,1982,New Zealand,Defender,25.0
ed134652-e326-56ef-8869-de873e6839b8,1978,Netherlands,Goalkeeper,35.0
40fb5246-2745-545a-8859-682acfe798ba,2006,Japan,Goalkeeper,33.0
0aae5b9b-9aaa-5d82-bbfa-6eb105810b16,1974,Yugoslavia,Defender,31.0
a6699b58-0706-5a92-8537-57b9ecd0aaa9,2022,Belgium,Forward,20.0
ba2fb215-6acb-5620-9930-430ce6b5d2e3,1986,Canada,Goalkeeper,20.0
f91c4c82-b7b8-52bf-9ef4-7607c9363743,2018,Denmark,Forward,21.0
f91c4c82-b7b8-52bf-9ef4-7607c9363743,2022,Denmark,Forward,25.0
12a50811-5088-5c1b-9b05-7389a0098ca2,1958,Czechoslovakia,Goalkeeper,30.0
ce00fc16-0ec0-57ed-bfa1-51eb2919db2e,1986,Morocco,Midfielder,33.0
afaf636f-aed8-5a47-936b-3a5a919e7940,1982,Poland,Defender,24.0
463bce08-b980-5269-b4c3-3071275b1d82,1974,Poland,Forward,28.0
395d12a6-9022-5be2-96b5-f67b0fa25302,1970,Italy,Forward,29.0
8c732a17-7804-5a1f-847b-18c7f5801018,1970,Romania,Forward,24.0
837ab901-a70c-57e4-bd26-b9c07e1e20ea,2006,Ivory Coast,Defender,35.0
6ad9f7e4-c841-58a9-9519-3da2aa74ec65,1986,Mexico,Midfielder,25.0
c8418bb1-e233-5fed-88ce-f54119c83c0e,2014,Ecuador,Goalkeeper,27.0
c8418bb1-e233-5fed-88ce-f54119c83c0e,2022,Ecuador,Goalkeeper,35.0
7f3ef17b-ff19-518c-976e-01480d751a1f,1990,Uruguay,Defender,25.0
079612a5-cabd-5442-ae52-b3b474a9f2d4,1930,Paraguay,Forward,
00d7a065-a7c2-5f7d-a5f2-58b6c4eefc9d,1962,Argentina,Goalkeeper,30.0
b0a9ed69-a149-5f42-bdc7-4bb86d67b8f7,1978,Scotland,Defender,27.0
b0a9ed69-a149-5f42-bdc7-4bb86d67b8f7,1974,Scotland,Defender,23.0
7d5de84b-9f0a-5882-be42-34526fd13e79,1994,Italy,Midfielder,31.0
7d5de84b-9f0a-5882-be42-34526fd13e79,1990,Italy,Midfielder,27.0
f4be215d-e177-5e35-9f99-21ef8ecd5030,1986,Northern Ireland,Defender,29.0
f4be215d-e177-5e35-9f99-21ef8ecd5030,1982,Northern Ireland,Defender,25.0
dbb9bd12-729a-5310-8261-4d7eb56d0e34,1938,Italy,Midfielder,28.0
93f1aa4f-1798-5707-a694-04429c08afb0,1934,United States,Forward,27.0
414528a8-4d3c-5e84-b0e6-968f4c9d2f96,2002,Italy,Midfielder,29.0
3f2ae38f-9956-595a-9e0c-54aff845e8dd,2010,Brazil,Goalkeeper,31.0
e0f0a93f-fcaa-59f9-9086-caec26bb41ab,1998,Scotland,Forward,24.0
1c903718-3919-5287-8582-681c3c8506ca,1966,Chile,Defender,28.0
0331f14f-8ff1-5f99-b0db-753ad30f3330,2010,United States,Midfielder,28.0
0331f14f-8ff1-5f99-b0db-753ad30f3330,2002,United States,Midfielder,20.0
0331f14f-8ff1-5f99-b0db-753ad30f3330,2006,United States,Midfielder,24.0
3c9aa703-8a0a-5610-a42d-cf2fb45487ab,1994,United States,Midfielder,33.0
3c9aa703-8a0a-5610-a42d-cf2fb45487ab,1998,United States,Midfielder,37.0
c5916d81-baa3-5248-90b8-472fa6079953,1930,Uruguay,Forward,22.0
1c654c8b-e9fa-5f24-b757-ef5eaa74442b,1990,England,Defender,25.0
327d57a0-2874-5663-86eb-dfbb97400a16,1998,Brazil,Midfielder,26.0
00cfad08-fdee-55c4-b2c3-a2343950baa3,1938,Dutch East Indies,Defender,
3580c2ba-2a3c-5667-8cb2-caf5d8880445,1982,Italy,Midfielder,24.0
94a2727b-6939-5edd-b94f-9a66ff628f0e,2006,Togo,Midfielder,27.0
8c248e77-e30b-5f70-8506-bf4d2447727b,1958,Northern Ireland,Forward,20.0
d6bcd2e9-b40e-5a32-b613-8647683d8637,1958,England,Midfielder,24.0
d6bcd2e9-b40e-5a32-b613-8647683d8637,1962,England,Midfielder,28.0
702e8e28-d200-50d1-8c7d-c4916d020fef,1930,United States,Goalkeeper,32.0
ba5246c5-3377-5f16-a8ed-c5b275987421,1958,France,Forward,23.0
3c94b438-119f-5a47-a729-8a69c27c3c68,2010,Ivory Coast,Forward,23.0
4da34d25-691f-56ea-9152-1b6701a0274a,2006,England,Midfielder,22.0
995f9798-84e6-51a9-91ab-84a7985e8d84,1990,United States,Defender,24.0
6ca23c53-c390-5a7f-9533-d7c7c63c2792,1986,Bulgaria,Forward,24.0
f81adb0d-86e3-5182-968b-7f9fbfbf4913,2006,Serbia and Montenegro,Defender,31.0
33a8055c-b182-5e1d-990a-61caac7c9c36,2006,Ghana,Midfielder,20.0
e22e49e0-f102-5e6a-86c3-535904e6eba8,2018,Germany,Midfielder,25.0
e22e49e0-f102-5e6a-86c3-535904e6eba8,2014,Germany,Midfielder,21.0
72a1d59b-678e-5d1a-baa6-c2fdcafa4bd6,1982,West Germany,Midfielder,28.0
6a875117-d0eb-54ff-9655-124ed1f7339d,1986,Algeria,Goalkeeper,29.0
6a5e1aa0-118c-5787-bd5c-2525ccae0b2d,1954,Belgium,Defender,25.0
4760a59b-2850-5eed-b343-174e6084c196,2018,Switzerland,Forward,26.0
4760a59b-2850-5eed-b343-174e6084c196,2014,Switzerland,Forward,22.0
dd9b2059-13ad-56ba-9b79-f5ce5bbd4184,2014,Ivory Coast,Forward,36.0
dd9b2059-13ad-56ba-9b79-f5ce5bbd4184,2010,Ivory Coast,Forward,32.0
dd9b2059-13ad-56ba-9b79-f5ce5bbd4184,2006,Ivory Coast,Forward,28.0
5715da6e-b522-5f96-8cc2-ee13b46dec48,1938,Netherlands,Forward,24.0
a5842b68-f2a4-5996-9463-817dc97a335f,1978,France,Goalkeeper,27.0
dbd0e3ca-7c99-5db9-8df9-6b3eca6ce4e6,1998,Yugoslavia,Midfielder,30.0
023b32d4-9dd3-5168-9a8f-1102f4e50d96,1982,Honduras,Defender,25.0
f9a6ae90-2024-52d9-b7bd-a5d9b9b7e447,2002,Costa Rica,Defender,26.0
f9a6ae90-2024-52d9-b7bd-a5d9b9b7e447,2006,Costa Rica,Defender,30.0
1fd1c5cb-3354-5213-a56f-deb98d44965d,2022,Tunisia,Defender,26.0
bc47d032-5d8f-5d92-84d6-b26cf4563dd7,2002,China,Defender,20.0
dd8b214e-9272-5c3a-86bd-4d406ddae3ff,1978,Peru,Defender,23.0
dd8b214e-9272-5c3a-86bd-4d406ddae3ff,1982,Peru,Defender,27.0
5751e5d1-60db-56a2-aed4-e145b85b9d19,1966,Portugal,Forward,23.0
aa1642da-1e1e-576b-b81b-8dc239068f6a,2018,Costa Rica,Defender,29.0
aa1642da-1e1e-576b-b81b-8dc239068f6a,2014,Costa Rica,Defender,25.0
aa1642da-1e1e-576b-b81b-8dc239068f6a,2022,Costa Rica,Defender,33.0
322d04c9-3f30-5ccf-87fa-6b0f19742c85,1962,Soviet Union,Defender,27.0
a6edddef-c4cd-5305-8a17-cee8a37a806a,1982,Chile,Midfielder,29.0
61a9848b-3ba5-5329-b0bc-fcc715f78526,1974,East Germany,Forward,33.0
20add434-1a59-54d7-8ea7-f64e16b7ce67,1974,Haiti,Defender,30.0
09aa5eda-2911-5c52-a089-4dedee7e81df,2010,Portugal,Midfielder,30.0
4b71fc73-17f1-502d-bbbb-bdaa01a9fd5a,2002,Poland,Goalkeeper,29.0
740e0d2a-fd3e-581e-b219-d2b1d4c69e33,2006,Serbia and Montenegro,Defender,27.0
6af10ef4-18d6-5a55-b31e-3eaa57f4817c,2006,Poland,Midfielder,23.0
09ee07d8-cf45-51fc-a7cf-23b4b075fe75,1938,Hungary,Midfielder,27.0
09ee07d8-cf45-51fc-a7cf-23b4b075fe75,1934,Hungary,Midfielder,23.0
c73d09c7-5701-58cb-ad5b-63e0317d2ba9,2002,Republic of Ireland,Midfielder,23.0
012defac-2020-5c0e-8121-7e749eb09b2c,2002,France,Forward,30.0
012defac-2020-5c0e-8121-7e749eb09b2c,1998,France,Forward,26.0
8ff0d0e7-8050-5f40-bdfd-1d70eadebdad,2022,Australia,Forward,31.0
49633d20-4f1f-55e4-bc03-01d220d3cb4e,1998,Romania,Defender,26.0
e83a9b78-45fc-58bf-964d-12c4c31e67ef,2006,Serbia and Montenegro,Midfielder,27.0
a128454d-7a3a-5503-935f-6af30f778bc7,2022,Netherlands,Defender,26.0
c1de6783-8bc5-5f2a-8e22-f68182856397,1970,Romania,Forward,22.0
91bb7dbd-5783-55cf-89f8-b8ac33666673,1994,Romania,Forward,25.0
91bb7dbd-5783-55cf-89f8-b8ac33666673,1990,Romania,Forward,21.0
91bb7dbd-5783-55cf-89f8-b8ac33666673,1998,Romania,Forward,29.0
67f40d36-3e56-5952-b7e9-994d75935db2,1970,Romania,Defender,20.0
4a8a7117-3fe8-52e8-a0f5-e99b176c6796,1994,Brazil,Midfielder,31.0
4a8a7117-3fe8-52e8-a0f5-e99b176c6796,1990,Brazil,Midfielder,27.0
4a8a7117-3fe8-52e8-a0f5-e99b176c6796,1998,Brazil,Midfielder,35.0
adcd1ae7-f6a4-5a52-beeb-1a1829e34178,1934,Sweden,Forward,29.0
6fd0f483-cde5-5f6e-9b48-dbc72f9a4933,1982,Northern Ireland,Goalkeeper,26.0
2fa1cb8c-bee5-502e-8f1b-5ca51f1a49c7,2002,Republic of Ireland,Defender,23.0
217f583b-14cf-549e-8157-ab1e90618332,1970,Belgium,Goalkeeper,30.0
228051f3-67bc-57e6-934f-a9b6d901f0b0,1930,Bolivia,Defender,18.0
add69971-a9b4-554f-9681-ece4eb601808,1990,Scotland,Forward,25.0
add69971-a9b4-554f-9681-ece4eb601808,1998,Scotland,Forward,33.0
0b78d371-1bc9-5e9e-98ea-910f51e28970,1962,Yugoslavia,Defender,25.0
89ba008b-b53d-562b-a1c0-7766d184abff,2014,Germany,Defender,22.0
812735d9-c3ac-58bd-aab7-35d275f02909,2018,Sweden,Midfielder,29.0
479e47d0-48ab-51a1-9d2d-e3360bdb1787,1954,Yugoslavia,Forward,28.0
da8d56b8-be87-50f4-8d36-64683828c12d,1958,Czechoslovakia,Forward,24.0
bf2947db-ee8e-5f42-9680-1fcf98134af1,1986,Bulgaria,Defender,23.0
e2df2f72-4cba-5076-b1c0-938b8ef6d4a8,2018,Argentina,Forward,25.0
e2df2f72-4cba-5076-b1c0-938b8ef6d4a8,2022,Argentina,Forward,29.0
7b15fcfa-0809-5f7b-9339-b1300e5f4286,2002,England,Midfielder,24.0
ca00823e-becc-5dce-9452-eb864865faa7,1938,Poland,Midfielder,24.0
88e3fd0d-6362-57ce-ac23-de5b31b6f606,2018,Russia,Midfielder,28.0
88e3fd0d-6362-57ce-ac23-de5b31b6f606,2014,Russia,Midfielder,24.0
9588c248-f4d3-5316-833c-83b88cbc6335,1986,Poland,Forward,24.0
28a23275-60f1-5522-813a-2e630537485f,1982,Poland,Defender,27.0
685f560f-2eb3-5e9c-a74f-44c5b6171b12,1970,Soviet Union,Defender,25.0
709adc2b-8004-53f7-9f46-277c6da8bfe9,2018,Russia,Forward,30.0
347d0618-3970-5077-9ec4-d377bf4b633b,1934,France,Goalkeeper,25.0
7115608c-4ca4-5ac6-8bfc-397eef9aeb29,1974,Haiti,Midfielder,28.0
c6221b2f-f7fe-5d3e-9b0d-972da2c4859d,1986,Hungary,Midfielder,23.0
ad30b0cf-6717-5d3f-bb80-b94ca907a441,1930,Paraguay,Midfielder,
581021dc-733f-5510-aa06-12dcf5c7c35f,2018,Colombia,Defender,35.0
21a0d3aa-734d-516b-81ff-cb3dfa4f5bc4,1950,Chile,Forward,20.0
749db840-69c7-5f40-a5a5-88c0eb8a4cf9,1994,Argentina,Defender,29.0
3bca8ab9-2e09-5728-8c15-a85aa835d956,1966,Mexico,Midfielder,28.0
3bca8ab9-2e09-5728-8c15-a85aa835d956,1970,Mexico,Midfielder,32.0
3bca8ab9-2e09-5728-8c15-a85aa835d956,1962,Mexico,Midfielder,24.0
8e208a4e-8d88-56dc-8941-19064942e6dd,2018,Panama,Forward,21.0
ef9eb432-3f44-5837-b94c-0edee8e5dfe5,2014,Costa Rica,Defender,31.0
b98be877-271c-5fa1-9323-d14418b57a98,2014,Chile,Midfielder,28.0
47a7765a-a3f2-5c40-abc3-a40c821d541d,1982,El Salvador,Defender,25.0
377ea369-1434-5a7c-9286-e7995ff94281,1966,Uruguay,Defender,24.0
3ec2acae-20dd-5bd1-9b9a-316c327725e6,1982,Argentina,Forward,23.0
2050fb3e-7b88-503f-83c9-acb2bec661ac,1978,Peru,Defender,26.0
2050fb3e-7b88-503f-83c9-acb2bec661ac,1982,Peru,Defender,30.0
ee00abdf-2b16-599b-b385-2d8ca3ed392f,1966,Switzerland,Midfielder,28.0
ee00abdf-2b16-599b-b385-2d8ca3ed392f,1962,Switzerland,Midfielder,24.0
3d62779d-f9a7-5ec2-8213-b1847930eb1b,2022,Japan,Midfielder,24.0
18d1229f-5e66-5338-9784-62f2790220e3,1974,Yugoslavia,Forward,28.0
4ba5e67a-67ea-53bc-9b71-7e6f1eaf13cd,2014,Bosnia and Herzegovina,Forward,28.0
fc63ee1c-620e-5800-9206-1afd12b9de5b,2018,Switzerland,Midfielder,32.0
fc63ee1c-620e-5800-9206-1afd12b9de5b,2014,Switzerland,Midfielder,28.0
fc63ee1c-620e-5800-9206-1afd12b9de5b,2006,Switzerland,Midfielder,20.0
ef1603a9-edc4-5a4c-ab80-d6db45c9c430,2010,Slovenia,Defender,25.0
c5a4ebd0-13d0-5f72-b85b-2a7b62336083,1998,Jamaica,Midfielder,33.0
8c928cb8-b7f9-5f07-99b6-d42d9ddfbdae,1966,England,Midfielder,30.0
8c928cb8-b7f9-5f07-99b6-d42d9ddfbdae,1962,England,Midfielder,26.0
ed917d47-a68a-540b-97cc-07817d8a7385,1982,Cameroon,Forward,20.0
d5fd3cbf-627d-5ac3-8a61-fbd97282aead,2022,Cameroon,Defender,23.0
ca1fe7e4-5e81-5089-8760-8793cc390793,2010,Ivory Coast,Defender,27.0
ca1fe7e4-5e81-5089-8760-8793cc390793,2006,Ivory Coast,Defender,23.0
698f86eb-2493-5f48-a6a8-b7f46d657f48,2018,Iran,Midfielder,31.0
730ad66e-5574-5fa3-88fa-64999eaff4b1,2018,Nigeria,Defender,23.0
d031c531-0497-5a54-a538-acb10b9546e4,1990,Cameroon,Defender,28.0
6df1ee5b-9702-573b-a24d-d1a24b9bd408,1958,Paraguay,Defender,20.0
1e26b138-1a73-52da-abcc-cc7b4b8ddc54,1962,Spain,Defender,22.0
ce6cf8ed-4702-54ea-afee-6207d85a8f9f,1962,Colombia,Defender,24.0
4a9715d8-d28c-5bfb-9206-f3ae5c9ce609,2018,Nigeria,Defender,30.0
4a9715d8-d28c-5bfb-9206-f3ae5c9ce609,2010,Nigeria,Defender,22.0
3d33ecfb-516a-57e1-9b22-6e0d4776fc2b,1954,West Germany,Midfielder,22.0
3d33ecfb-516a-57e1-9b22-6e0d4776fc2b,1958,West Germany,Midfielder,26.0
eb8853a1-007b-5662-899a-530b0af42f5d,1950,England,Defender,25.0
e07dec48-aaab-5d93-b8b3-d709112750ca,1986,West Germany,Defender,31.0
3eb59f5d-c210-5c27-911f-ec9692be31d2,2014,Portugal,Forward,27.0
98830216-d189-5e96-b4cf-9c220d8c3aa8,2018,Brazil,Goalkeeper,25.0
98830216-d189-5e96-b4cf-9c220d8c3aa8,2022,Brazil,Goalkeeper,29.0
25aafe56-36a2-58ad-89c4-84c31c8d8374,1982,Brazil,Defender,24.0
4013ebbc-e689-566f-a0f5-af54e48c69a4,1978,Brazil,Defender,23.0
4013ebbc-e689-566f-a0f5-af54e48c69a4,1986,Brazil,Defender,31.0
4013ebbc-e689-566f-a0f5-af54e48c69a4,1982,Brazil,Defender,27.0
4d544152-eaff-5334-9c6c-9ec1d2fa3a80,1986,Brazil,Forward,24.0
f5680ba6-b2e9-5226-beba-c100890cd099,2002,Sweden,Defender,24.0
f5680ba6-b2e9-5226-beba-c100890cd099,2006,Sweden,Defender,28.0
df63b155-8c97-57b6-817a-68cad3e93902,1998,Brazil,Forward,27.0
772d001e-6fcd-5bd2-9bf3-16698e2692a1,2002,Brazil,Defender,26.0
93544ebe-60d2-5d22-aeb5-d78d73a424d6,1978,Sweden,Forward,26.0
93544ebe-60d2-5d22-aeb5-d78d73a424d6,1974,Sweden,Forward,22.0
f7a9fc43-b5f9-5350-b19c-50e47b4c54e1,2010,United States,Midfielder,24.0
5ff3dd45-fd16-54cf-ad88-7a21cd67de3b,1966,Brazil,Forward,17.0
5ff3dd45-fd16-54cf-ad88-7a21cd67de3b,1970,Brazil,Forward,21.0
5ff3dd45-fd16-54cf-ad88-7a21cd67de3b,1974,Brazil,Forward,25.0
68734022-a89a-5e3c-ae34-4ffba50a46fa,2014,Portugal,Goalkeeper,32.0
68734022-a89a-5e3c-ae34-4ffba50a46fa,2010,Portugal,Goalkeeper,28.0
ae720428-b668-524b-ba4f-2f4064f13977,2014,Croatia,Forward,31.0
6c4fc329-d984-5f02-a657-6d3f445c92e9,2006,Trinidad and Tobago,Midfielder,28.0
268c9368-9272-54c1-909b-12c74c36c635,1958,Argentina,Defender,27.0
41abbc83-c336-5b5a-811e-16b96d9ca583,1958,Wales,Defender,21.0
d69bf8af-3514-58c7-a750-1622d1f64cc2,2002,Brazil,Forward,31.0
bb8bd9aa-0788-5991-b984-a4ce1943ee7a,1994,Germany,Midfielder,26.0
c945088a-27f4-5022-b658-0dbe033694a9,1994,Norway,Defender,24.0
c945088a-27f4-5022-b658-0dbe033694a9,1998,Norway,Defender,28.0
cd019c4d-d204-5034-a21e-a01815607884,2010,Switzerland,Defender,29.0
0880169b-43b3-5e35-8cd4-a02e3285df0b,1954,Switzerland,Midfielder,35.0
0880169b-43b3-5e35-8cd4-a02e3285df0b,1950,Switzerland,Midfielder,31.0
2ec1534f-c51b-526f-8dec-6b14e79bf108,1994,Switzerland,Defender,36.0
e09f1a97-f7c3-5d0e-94b9-d8d603b59af9,1994,Nigeria,Defender,29.0
e09f1a97-f7c3-5d0e-94b9-d8d603b59af9,1998,Nigeria,Defender,33.0
a5c0dd3d-4eb6-52c8-b953-f2be28f171ba,2010,Uruguay,Midfielder,29.0
eb7a4d02-605f-5832-b8a6-2f55f1817924,2014,Nigeria,Defender,25.0
26512a23-2884-504f-a4c2-f98b3a9210a1,1954,Switzerland,Goalkeeper,29.0
672963aa-1fcf-5491-85d8-e2f17a05e35c,1990,United States,Forward,25.0
aeaca616-2315-5df4-9032-2c293dcc73fd,1966,Switzerland,Goalkeeper,30.0
ef46e8b0-78a9-5983-98e4-834a396960ce,1990,Egypt,Midfielder,31.0
655d570a-58e8-597f-ae79-67c5f3f5c3c4,1930,Romania,Midfielder,22.0
e99e57a6-4197-5283-954f-3f2fc3f01214,1950,Spain,Goalkeeper,30.0
32cbfa87-8b1d-5523-a5f8-8e458a8cec58,1970,Sweden,Midfielder,24.0
32cbfa87-8b1d-5523-a5f8-8e458a8cec58,1974,Sweden,Midfielder,28.0
0e628d3c-9774-5a3d-a1f3-558aa8dabe84,2014,Nigeria,Goalkeeper,30.0
0e628d3c-9774-5a3d-a1f3-558aa8dabe84,2010,Nigeria,Goalkeeper,26.0
0e628d3c-9774-5a3d-a1f3-558aa8dabe84,2002,Nigeria,Goalkeeper,18.0
dd56aaa9-1209-5440-a414-0d07361dce5f,2002,Nigeria,Defender,23.0
d894b665-d978-5590-848c-a40bce67f4d0,2018,Sweden,Midfielder,29.0
3a76e1f9-e301-5503-acb3-2bf8a5094b75,1994,Cameroon,Defender,28.0
c210b1fd-089e-5aa7-b1e0-6a09592f8ac7,1954,Turkey,Goalkeeper,20.0
54cead44-2a07-503b-8d7b-12bad2f3708b,1974,Zaire,Forward,26.0
88ba35f4-562b-5180-9d66-be48ab2b5dd1,1994,Nigeria,Forward,27.0
4233a313-009a-5871-b434-e0a9f5ef3399,2018,Egypt,Goalkeeper,35.0
6d9fcf0c-551a-5eb9-82fa-2daecbbc206e,1990,Sweden,Forward,25.0
2d2e5680-7aa5-5eab-b99c-7549f8477aa4,1990,Cameroon,Forward,30.0
9e89cb75-ee0d-588b-a6d9-0f6d176b708b,2018,Morocco,Midfielder,33.0
8494badf-5944-5a49-943f-626e5404a760,1986,Morocco,Defender,26.0
cc3cd9ec-8f5b-5616-aba0-44309c53db3e,1998,Morocco,Goalkeeper,34.0
7d5dfb0c-8642-54c5-b44e-fd0fbb1db1fa,1970,Morocco,Forward,25.0
041d90d3-344f-5fa3-9ba4-54ffb5777b8f,2018,Egypt,Goalkeeper,45.0
fd37658b-5bd8-5719-9bf3-66068fe9a8f9,1986,Morocco,Midfielder,22.0
adb0a234-c9fd-541b-99de-6ba04ac5719e,1994,Morocco,Midfielder,33.0
adb0a234-c9fd-541b-99de-6ba04ac5719e,1986,Morocco,Midfielder,25.0
290a318c-8d43-561a-8813-7ea2d177289f,1986,Algeria,Goalkeeper,25.0
a72f7477-6778-5f68-a7bf-baf138ad2993,1994,Morocco,Defender,22.0
a72f7477-6778-5f68-a7bf-baf138ad2993,1998,Morocco,Defender,26.0
21b89a3e-3460-54ce-bdc5-f07bf1a36e90,2018,Morocco,Forward,25.0
89fd8fd5-d655-5999-9076-1c3c2212279c,1994,Morocco,Defender,26.0
89fd8fd5-d655-5999-9076-1c3c2212279c,1998,Morocco,Defender,30.0
477ad654-74c1-5c00-831f-e78d750d661b,2022,Morocco,Midfielder,18.0
9b73d286-a8d9-5ef5-8d45-fdb680526772,1970,Morocco,Defender,25.0
7ee5cfb0-3a9f-5c9e-a5a5-eb4c8ef517b6,1978,Tunisia,Defender,25.0
f19f779d-1fa5-56e3-a92d-fa5023fc83ef,1998,Tunisia,Goalkeeper,32.0
811e50ec-284f-546a-bee2-442baeec428c,2018,Egypt,Midfielder,33.0
0b10954f-17c6-54fd-9adb-e38e46f86035,2018,Egypt,Goalkeeper,30.0
e7c72270-23b1-5649-a3dc-8dee9e275288,2022,Morocco,Defender,30.0
ba06e561-597e-5ea5-a4d9-980b165110c2,1990,Egypt,Goalkeeper,37.0
d5f36ca0-f13c-5c97-8991-2e915b456276,1934,Egypt,Midfielder,21.0
dacd273d-6a1b-5a87-8486-87afbb571dff,2002,Tunisia,Goalkeeper,27.0
f4b07461-a013-5b7f-882e-e4b8155e7064,1934,Egypt,Defender,28.0
0a90fd59-ff16-5e47-bbf3-3218e75f133a,1990,Egypt,Forward,25.0
1180b437-0c25-5241-b459-8aa060809999,1934,Egypt,Forward,
f683c23e-8837-5318-b861-862d13d30bf6,1934,Egypt,Defender,
80f3bd80-0ed2-5d0d-8054-98fb46148d62,1966,Spain,Defender,26.0
c914451a-544e-5aea-afc5-5d2857c24324,1998,Cameroon,Midfielder,19.0
d2de10e7-f2aa-5c3e-9e14-3fb3607ccdad,2010,Brazil,Midfielder,29.0
c94d6bd8-bb4a-5887-b0ca-654d0eb5fb21,2002,Uruguay,Goalkeeper,25.0
8f2070d4-f339-5845-a06f-ad324360e4fb,1930,Chile,Midfielder,26.0
37859785-7776-57db-bce2-8efc48db0d59,2010,Netherlands,Forward,23.0
1b2de07c-bcc4-5917-ac58-84c4dc591781,1998,Morocco,Midfielder,21.0
bb4af430-cfbb-58d4-8d63-553088286792,1986,Denmark,Forward,29.0
4e6e54cd-efa8-5c2e-94db-8b99abe8796d,1998,Scotland,Defender,30.0
2f7b48b6-27a8-50c9-a9b4-116e802a6311,2010,New Zealand,Midfielder,36.0
3fbafa08-4cc1-5bab-86e0-42d00bc28493,2006,Sweden,Forward,25.0
bdb2247c-5b87-51e4-9da5-19da3bb146b9,2018,Egypt,Defender,31.0
d974f854-97f0-5acb-a425-6834673b6c73,2018,Egypt,Midfielder,26.0
b9f06dac-3895-54f2-8d52-147e31d35e99,1986,Spain,Forward,22.0
c207f13f-8036-56d3-87ab-02063f7d30c2,1982,New Zealand,Defender,33.0
39c13cb5-d321-50a7-a8ad-ad67e137bba2,1966,Switzerland,Goalkeeper,32.0
39c13cb5-d321-50a7-a8ad-ad67e137bba2,1962,Switzerland,Goalkeeper,28.0
92b95bd7-ccb7-53af-9980-abc960d9b064,1958,Wales,Midfielder,27.0
3643b473-7784-5008-889b-17f230f96d04,2018,Switzerland,Defender,22.0
3643b473-7784-5008-889b-17f230f96d04,2022,Switzerland,Defender,26.0
6fc721d1-bcd5-52cb-a315-163d0065116c,1954,Brazil,Midfielder,33.0
6fc721d1-bcd5-52cb-a315-163d0065116c,1950,Brazil,Midfielder,29.0
98b64aaf-863b-5155-accc-d3782120d5be,1986,Brazil,Midfielder,25.0
bd2700c1-1bec-555b-9a83-63343f852858,2010,Cameroon,Midfielder,28.0
2292820b-afe2-58ed-9ab4-5641614f8825,2018,Switzerland,Forward,21.0
2292820b-afe2-58ed-9ab4-5641614f8825,2022,Switzerland,Forward,25.0
39edad97-35c3-577e-8ae0-585ff1448e5f,1994,Cameroon,Forward,21.0
18eaa0e1-8898-5310-aac2-208e3a70af43,1994,Nigeria,Defender,29.0
13869e8c-33d7-5daf-afe7-6d38162a3b6d,2014,Nigeria,Forward,27.0
2d7fbf48-7c51-5240-bf47-21cb2d04a6d9,2006,Brazil,Midfielder,30.0
2d7fbf48-7c51-5240-bf47-21cb2d04a6d9,1998,Brazil,Midfielder,22.0
01b9d66b-2b46-5cc2-8d48-57938417519e,2010,Australia,Defender,31.0
01b9d66b-2b46-5cc2-8d48-57938417519e,2006,Australia,Defender,27.0
403fc52f-753a-5bbb-81f7-4913c8794870,1966,West Germany,Forward,25.0
8ab9793e-7fca-552e-9f4c-9d669cbf021f,1994,Belgium,Midfielder,28.0
8ab9793e-7fca-552e-9f4c-9d669cbf021f,1990,Belgium,Midfielder,24.0
0caee891-357b-5443-ade1-017bab827c5d,2018,Morocco,Forward,21.0
0caee891-357b-5443-ade1-017bab827c5d,2022,Morocco,Forward,25.0
e2389efd-1235-5611-9e87-9cce83e0c379,1982,Cameroon,Midfielder,24.0
08d403b1-4b35-5436-9fe5-73dccf4b911e,2006,Iran,Forward,30.0
ae291cf0-3904-53f7-bd76-8aa757af9eb7,1998,Paraguay,Midfielder,24.0
a7611325-097e-50dd-8405-932a9fc7fd0e,2018,Japan,Defender,25.0
a7611325-097e-50dd-8405-932a9fc7fd0e,2022,Japan,Defender,29.0
8d08a0bb-50eb-5522-985f-22211fddd841,2014,Japan,Midfielder,34.0
8d08a0bb-50eb-5522-985f-22211fddd841,2010,Japan,Midfielder,30.0
8d08a0bb-50eb-5522-985f-22211fddd841,2006,Japan,Midfielder,26.0
be37a702-ef6b-5441-9a07-c18265303ed4,2010,Denmark,Midfielder,23.0
f1ce32a1-f56c-5d5a-843e-7d0b0b76ac82,1958,Austria,Goalkeeper,31.0
80ee6fac-ba9a-57d7-bfb8-5119888240c4,1982,West Germany,Midfielder,22.0
dfcb0a78-2abb-55d7-9bda-31e9d13e2d42,2002,Belgium,Midfielder,26.0
f9be18ca-d9e7-5a07-9c84-c14be6e190ef,1990,Sweden,Midfielder,28.0
261ee34d-1e7e-5f55-998e-5ada7dcd8bdd,2014,Cameroon,Midfielder,28.0
261ee34d-1e7e-5f55-998e-5ada7dcd8bdd,2010,Cameroon,Midfielder,24.0
1b88f1ec-51f8-590b-b62d-9efc47265cfe,1982,Cameroon,Defender,27.0
6286d733-a884-572e-a289-2eefecfbb925,1986,Argentina,Midfielder,24.0
cdd14a3e-985b-5748-91d5-da7c588498d3,1994,Spain,Midfielder,24.0
cdd14a3e-985b-5748-91d5-da7c588498d3,2002,Spain,Midfielder,32.0
cdd14a3e-985b-5748-91d5-da7c588498d3,1998,Spain,Midfielder,28.0
e2a8cf48-4cf9-5c81-8b5d-19c9b22606f7,2014,Nigeria,Goalkeeper,32.0
e2a8cf48-4cf9-5c81-8b5d-19c9b22606f7,2010,Nigeria,Goalkeeper,28.0
e2a8cf48-4cf9-5c81-8b5d-19c9b22606f7,2002,Nigeria,Goalkeeper,20.0
0bd9d389-507c-5415-8114-3e24f0bc4097,2002,Cameroon,Midfielder,24.0
052b81b8-8411-5be4-b15b-126ada3661ba,2022,Cameroon,Goalkeeper,29.0
df995cc5-b296-52aa-a025-dd470f85ac9c,2022,Serbia,Defender,21.0
7815d1d3-2d39-53d1-bc8c-c31b496fb374,2006,Togo,Forward,23.0
53d27044-17e3-5a9c-b58e-f89f2c92f409,2014,Ecuador,Defender,26.0
cff0a6ef-aa8a-5a02-bdcc-94b879ad073e,2002,Turkey,Midfielder,31.0
eca835c1-ebfd-5d3f-a190-edbd6cfb9ba2,2002,Turkey,Forward,30.0
5d7dc1fa-4a98-59cf-9ad8-6cbf37441560,1954,Turkey,Defender,23.0
56b0d586-e67d-5364-9ca8-3d949da556f3,2006,Serbia and Montenegro,Midfielder,25.0
706c0fb9-ddc5-5b52-9550-81c5c2f284e9,1954,West Germany,Defender,24.0
706c0fb9-ddc5-5b52-9550-81c5c2f284e9,1958,West Germany,Defender,28.0
706c0fb9-ddc5-5b52-9550-81c5c2f284e9,1962,West Germany,Defender,32.0
bdfe3839-13c1-5bc2-bb89-1665c78f744f,2018,Denmark,Midfielder,26.0
bdfe3839-13c1-5bc2-bb89-1665c78f744f,2022,Denmark,Midfielder,30.0
bdfe3839-13c1-5bc2-bb89-1665c78f744f,2010,Denmark,Midfielder,18.0
2fb4bb47-3b81-5780-811b-664c82c4a4dd,1986,Denmark,Forward,29.0
2388ad92-041f-554a-bb36-60c7328d3dcc,1938,Norway,Defender,27.0
35341109-8492-5de9-a3c5-28002c7883af,1938,Sweden,Defender,29.0
38de79ef-8e0e-59d1-b576-2266271c63cd,1990,Sweden,Defender,23.0
6d919d83-cab2-5fa7-9c52-92c6c1dedb28,1994,Sweden,Goalkeeper,29.0
6d919d83-cab2-5fa7-9c52-92c6c1dedb28,1990,Sweden,Goalkeeper,25.0
6b3482f3-5b50-5773-b605-0ff2decaf453,1970,Sweden,Midfielder,28.0
f0f91cb4-5e0f-5d04-a6fa-85ce60a8cfad,1978,Sweden,Defender,21.0
12132307-dc95-56dc-9bcc-0e1b773b7a92,1994,Sweden,Defender,26.0
60ae1cad-043d-584c-b90e-36dd964a8531,2022,Croatia,Defender,24.0
876ae3ae-99fd-5802-baf4-aa8cea5112e7,1954,Turkey,Goalkeeper,20.0
591142f9-c75e-58bb-a450-2678e6ac7870,1954,Turkey,Defender,28.0
1aaf1484-e085-5eb4-a5d3-f71127bfe6d1,1954,Turkey,Midfielder,24.0
c733697b-84d5-5d75-9fb2-caf15c85da57,1962,Uruguay,Forward,26.0
19f470f0-d335-53d7-af49-3e92fbeef0ce,1954,Switzerland,Midfielder,21.0
19f470f0-d335-53d7-af49-3e92fbeef0ce,1962,Switzerland,Midfielder,29.0
7a344d38-7751-50f2-a1c7-9f659f6c0723,1994,Colombia,Defender,27.0
7a344d38-7751-50f2-a1c7-9f659f6c0723,1990,Colombia,Defender,23.0
0c9918bd-efd7-5260-bcdc-14493291cbf4,1982,Chile,Defender,31.0
eb6fc775-0b14-5403-9aeb-60e085fb09a3,1962,Colombia,Forward,26.0
1096458b-aed2-560e-b092-35b55ab4c08c,2018,Panama,Defender,23.0
9e4c96fa-180b-55bf-bddc-89cb47db794a,2014,Honduras,Goalkeeper,33.0
9e4c96fa-180b-55bf-bddc-89cb47db794a,2010,Honduras,Goalkeeper,29.0
3d355190-17d6-57a5-a00d-e9ee8cb9ac35,1962,Chile,Goalkeeper,36.0
2bcc76a9-25fe-5841-9db0-83d555f900d4,1978,Iran,Defender,27.0
49124c4d-aed1-54c8-b700-f4f3742a3d6f,1986,Mexico,Midfielder,25.0
d42de6a8-ada3-5eef-8469-abb1af6fb868,1930,Chile,Goalkeeper,30.0
3433ec99-bd3d-5b59-8a45-5724900f3a0b,2002,Ecuador,Defender,25.0
3433ec99-bd3d-5b59-8a45-5724900f3a0b,2006,Ecuador,Defender,29.0
4c627724-dadd-55d0-8ceb-5942f5e208af,1994,Mexico,Midfielder,29.0
9fbb0e5d-45d2-5765-a87e-4d4d6e617956,2014,Honduras,Midfielder,28.0
9fbb0e5d-45d2-5765-a87e-4d4d6e617956,2010,Honduras,Midfielder,24.0
daab5b52-8258-531d-a120-ac675bae4969,1966,Uruguay,Midfielder,22.0
daab5b52-8258-531d-a120-ac675bae4969,1970,Uruguay,Midfielder,26.0
daab5b52-8258-531d-a120-ac675bae4969,1974,Uruguay,Midfielder,30.0
efd32167-a0de-578b-98ed-02f27ecebe1c,2006,Tunisia,Defender,27.0
39e007dc-b865-5db7-aef8-040762b77e9a,2014,Ghana,Midfielder,32.0
39e007dc-b865-5db7-aef8-040762b77e9a,2006,Ghana,Midfielder,24.0
61dfad53-2971-562a-9590-dbf646b48e55,1998,Chile,Midfielder,30.0
72ddf4a9-a8bf-539a-936f-d5090db79cef,1986,Hungary,Forward,30.0
93dee7ea-f22b-5232-b130-21af0ca2be3b,1998,Iran,Midfielder,31.0
197d1451-6e19-5b62-a356-d76d8bbfc99e,1998,Colombia,Midfielder,31.0
5ebf4b34-7e72-5b64-b77c-37dec3b0369a,1990,Colombia,Forward,29.0
57a97958-30a5-516f-8005-51de96992cd3,2010,Chile,Midfielder,27.0
56ada88c-20e1-5ee3-9896-dfca1a82248e,2022,Ecuador,Forward,26.0
c19bb1a4-0f2b-5dc4-a86c-bdb0c01574cf,2022,Ecuador,Defender,24.0
46e1c48e-0b2e-5cef-ace4-b8321c773b40,1994,Bolivia,Midfielder,24.0
d79d5d62-6dbb-5a60-a280-471d1c2d224c,1930,Paraguay,Midfielder,
5afb388e-b066-5dcd-80d1-8a6cd4901b62,2018,Nigeria,Midfielder,23.0
7d44ae2e-b73d-5c21-a4fb-99424def3ecc,1974,Zaire,Forward,24.0
d5c72b31-5d11-5935-ad72-d3db31180f95,2014,Cameroon,Forward,33.0
d5c72b31-5d11-5935-ad72-d3db31180f95,2010,Cameroon,Forward,29.0
d5c72b31-5d11-5935-ad72-d3db31180f95,2002,Cameroon,Forward,21.0
d5c72b31-5d11-5935-ad72-d3db31180f95,1998,Cameroon,Forward,17.0
09e23e6c-e7f3-51ec-bf4c-2439968578ba,1982,France,Goalkeeper,27.0
cb4c102a-8ec0-59c8-8780-a6e5e9c8f72f,2010,Nigeria,Midfielder,28.0
a71bfcba-b7f7-5983-866b-889814dc12fb,1998,Spain,Midfielder,21.0
2e0847c8-f1b2-53f7-822e-b6d242698d3c,2022,Canada,Midfielder,26.0
348022e6-d570-5426-8c84-59a7656e69f8,1966,Portugal,Forward,24.0
2e2bc00d-19a9-5cc6-bc0d-1ffbb3b92c21,1994,Italy,Midfielder,31.0
bcb0dac0-0f0a-5bcb-a64d-648c93eb4c59,1982,Scotland,Defender,26.0
ed6da471-59c7-5359-8b7c-b165a8873eb0,1954,Scotland,Defender,27.0
ed6da471-59c7-5359-8b7c-b165a8873eb0,1958,Scotland,Defender,31.0
b43c1503-6962-516a-88af-ea7a63f34eab,1998,South Africa,Goalkeeper,25.0
d81c0e96-d1fd-5fd5-bc92-12ed08375f50,1930,Argentina,Midfielder,28.0
f18761b2-6fbe-5976-8614-d1dabc19ce75,1930,Argentina,Forward,22.0
335a5e97-3772-538c-be7d-cb97827f737c,1970,Brazil,Defender,26.0
b6b77c14-4789-5e13-a34e-de42582d7b5e,2014,France,Defender,33.0
b6b77c14-4789-5e13-a34e-de42582d7b5e,2010,France,Defender,29.0
461c5eb0-f32d-52ce-a9d1-cf968ee26f36,2018,Iceland,Defender,28.0
8cefe784-6c94-5abe-93e2-776eb7394e9d,1982,Cameroon,Forward,21.0
54fccf92-420c-5b4d-93b5-3c9cbe76fa05,1966,Chile,Defender,27.0
54fccf92-420c-5b4d-93b5-3c9cbe76fa05,1962,Chile,Defender,23.0
4a765e1d-fe52-588d-8ef5-0b69c869364a,2018,Iran,Midfielder,22.0
4a765e1d-fe52-588d-8ef5-0b69c869364a,2022,Iran,Midfielder,26.0
630b1d51-8dbf-5c83-91d1-8bc2128909e8,2018,Nigeria,Goalkeeper,30.0
879d2a90-0f7d-5ecf-a1ee-a1fda45619e2,1994,Nigeria,Defender,29.0
89a7523e-d3bb-552a-bd28-055c67b4093c,2022,Morocco,Forward,21.0
0276de49-6387-557b-8ada-582db67e8a33,1990,Argentina,Defender,22.0
e4848667-10d9-5f30-acb1-f50101ccdc26,2010,Brazil,Forward,30.0
63a7fdde-b683-5e0d-bbe2-abe0bfb9240d,2018,Poland,Goalkeeper,33.0
63a7fdde-b683-5e0d-bbe2-abe0bfb9240d,2006,Poland,Goalkeeper,21.0
735e18ff-31cb-529e-a48a-e4cb925152f8,2022,Brazil,Midfielder,29.0
356c5335-d5a2-5e3b-8460-d4e5a3e08456,2018,Mexico,Midfielder,29.0
356c5335-d5a2-5e3b-8460-d4e5a3e08456,2014,Mexico,Midfielder,25.0
9fa971cf-0f2c-53c2-a8fe-99b37b522171,1966,Italy,Defender,24.0
9fa971cf-0f2c-53c2-a8fe-99b37b522171,1970,Italy,Defender,28.0
9fa971cf-0f2c-53c2-a8fe-99b37b522171,1974,Italy,Defender,32.0
bc215174-ab91-5a07-882b-c5491baa7e17,1962,Argentina,Forward,25.0
02af5c1b-7585-5eab-b548-c6cd6894bbd2,2002,Senegal,Midfielder,28.0
285e05b5-4fa2-552d-962c-e09258129450,1970,Morocco,Defender,30.0
de37e1ee-d636-5db1-aeff-2f09ff9881c4,2022,Belgium,Defender,24.0
8023882d-47f3-533c-ad8e-fe7236b79b24,2018,Brazil,Defender,29.0
779a4392-e375-5a03-a727-c20e4e5445b4,1982,El Salvador,Defender,30.0
f2c98bb5-65f7-584f-b9b4-c579c9de4ee8,1934,Egypt,Goalkeeper,
d6e90d43-12c0-5c63-aec7-1f76c4705a44,1962,West Germany,Goalkeeper,21.0
d31f16ba-169c-55e0-a813-e747b449ff84,2022,Cameroon,Defender,30.0
c12f97f7-31eb-578f-9d41-5519935aa5e3,1990,Colombia,Midfielder,27.0
0359fa23-9937-51ac-9997-8b45b0cf76ef,2018,Morocco,Midfielder,30.0
a8e302f8-2f0a-5136-bb5b-9220ca11dfe3,2018,Colombia,Forward,32.0
45dd8982-0ede-52d1-beed-054c0857974b,1986,Brazil,Midfielder,33.0
45dd8982-0ede-52d1-beed-054c0857974b,1982,Brazil,Midfielder,29.0
4bf6f6d6-9920-559b-b245-655ededa9ddd,1958,Soviet Union,Forward,21.0
78999e8d-2f72-5ce7-a5c0-71babfc32cfa,2010,New Zealand,Forward,28.0
4c53087f-0d3e-5ace-9afc-f292f87a3929,2002,China,Defender,33.0
f45136a5-a1b6-524c-aa22-de1f0f16d2d6,1978,Iran,Forward,22.0
28264d23-496a-50df-8f50-544086e8d9c1,1970,Morocco,Forward,24.0
1e989fd5-9d59-5a3f-83c9-a366fa12802d,2018,Peru,Forward,34.0
3e869bf4-bb1d-5b2b-907d-31387ca9f102,1962,Mexico,Midfielder,30.0
a8f34a34-e999-5a10-9638-765732dd6142,1978,Iran,Forward,23.0
00d26858-f7e8-5c49-b9e0-a2d99307d4da,1966,Hungary,Forward,24.0
00d26858-f7e8-5c49-b9e0-a2d99307d4da,1962,Hungary,Forward,20.0
7dcb0952-b149-513d-9560-63667eacd774,2002,Sweden,Midfielder,22.0
b34b7596-c5cd-50f0-9854-14e147db4eb0,1950,Chile,Defender,23.0
57ad7029-ab8f-5590-82cb-f9057c0e59c5,1974,Chile,Midfielder,25.0
a7728cfa-e14d-58b2-b0d2-095867fc01f3,2022,Switzerland,Midfielder,29.0
0f08eded-d542-52f6-9ad6-8bcf3bcdd5c0,2018,Egypt,Defender,34.0
f825a18a-cf72-5d0b-b65e-de493d995df2,2022,Spain,Forward,20.0
966299ec-f918-5a89-af8c-fe8268bb3719,1954,Switzerland,Forward,29.0
966299ec-f918-5a89-af8c-fe8268bb3719,1950,Switzerland,Forward,25.0
4797fefb-9a50-511b-9ef2-4e7321bc440e,1950,Italy,Defender,28.0
b17aca03-ebb4-5ba0-8eae-adfc393e3dae,1938,Dutch East Indies,Midfielder,26.0
6562239a-3849-5a73-b8b5-1e5de78c296a,1930,Brazil,Defender,25.0
27245be9-5590-5413-8bfc-780a21c5f1e4,1934,Egypt,Forward,25.0
0990f1de-df5c-5893-98d5-bc9a209280b7,2002,Senegal,Midfielder,25.0
a13bc098-2cf5-5c63-b83e-7c17566240ce,2014,Russia,Midfielder,28.0
f756faa4-58f7-5ccb-93f2-a3b3b02d3741,1978,Hungary,Forward,31.0
f756faa4-58f7-5ccb-93f2-a3b3b02d3741,1982,Hungary,Forward,35.0
e5a4a809-8834-5173-b9e4-ce051bd5382e,2018,Argentina,Defender,31.0
21c222df-bd79-5700-a0c0-0ef3a38848bb,2006,Ivory Coast,Midfielder,22.0
32cd2ad3-8281-501e-81e4-9ce4e0479111,1934,Spain,Midfielder,22.0
864b512b-edf3-584a-b26a-85a7651893fd,2010,Australia,Goalkeeper,25.0
a3ac7e52-d16a-5fa3-a81d-cc0015048e8b,1958,Soviet Union,Forward,26.0
6719d17b-ac13-5d0f-b7d6-57ca7b99631f,2014,Algeria,Midfielder,25.0
9d730479-b8d4-5cde-961f-5979a3d480b4,1998,Austria,Defender,33.0
93402875-a8fe-51a5-8614-dbf6a124a918,1970,Israel,Forward,23.0
1ce3fdcd-6546-5f8b-ae6a-df969834f573,2010,United States,Midfielder,25.0
5994122d-8af8-5e81-bee6-ef05d405f5a6,2014,Bosnia and Herzegovina,Goalkeeper,28.0
5cee34d7-dc1e-5530-8f3c-0c888de49553,2018,France,Forward,25.0
a8762f1a-ed0a-54c0-8358-0eddb962334d,1938,Romania,Defender,24.0
3c6dd6f6-f9fc-5c6e-b2ba-f25d533da5bd,2018,Belgium,Midfielder,31.0
3c6dd6f6-f9fc-5c6e-b2ba-f25d533da5bd,2014,Belgium,Midfielder,27.0
b6a72bdc-80e5-5f74-b1a5-2461b29de162,1986,England,Defender,27.0
be6f13f8-d4b9-5d5f-be43-90b5af47cd16,1966,Hungary,Forward,33.0
be6f13f8-d4b9-5d5f-be43-90b5af47cd16,1958,Hungary,Forward,25.0
be6f13f8-d4b9-5d5f-be43-90b5af47cd16,1962,Hungary,Forward,29.0
e430e848-3380-5047-b20c-b686d89c552c,2014,Netherlands,Midfielder,24.0
5f4842b4-c8d7-5811-81a6-e2b1870e529c,1998,England,Forward,32.0
83c6378d-1936-5b60-8ed7-42d60404bb3b,2002,England,Defender,24.0
83c6378d-1936-5b60-8ed7-42d60404bb3b,2006,England,Defender,28.0
83c6378d-1936-5b60-8ed7-42d60404bb3b,1998,England,Defender,20.0
68c9b13f-396e-5463-b87c-3c980e4e6b90,1982,Algeria,Midfielder,30.0
6b21b369-4e42-517a-bd23-ed2fdeee85e9,2018,Portugal,Midfielder,24.0
6b21b369-4e42-517a-bd23-ed2fdeee85e9,2022,Portugal,Midfielder,28.0
f23b2160-a548-55d6-9da7-b427c9247c21,2010,Portugal,Goalkeeper,27.0
4a0a2f7f-2b27-540d-9a1e-a9a1376c3c37,2022,Switzerland,Defender,26.0
15914899-b4b9-5183-9af0-220da395195a,2018,Switzerland,Midfielder,32.0
15914899-b4b9-5183-9af0-220da395195a,2014,Switzerland,Midfielder,28.0
15914899-b4b9-5183-9af0-220da395195a,2010,Switzerland,Midfielder,24.0
dddc84df-2071-5896-9d92-74c38d07defa,2018,Portugal,Midfielder,32.0
9b6c97a6-89ff-5e38-9e10-284cf807bc96,2018,Russia,Defender,28.0
89fd9c0d-c6f7-5f1f-a3e0-83cce524bbe0,2018,Brazil,Midfielder,33.0
89fd9c0d-c6f7-5f1f-a3e0-83cce524bbe0,2014,Brazil,Midfielder,29.0
b97fb045-4186-50ec-ad5f-1b99f659b46a,1930,Brazil,Midfielder,24.0
c02e9b9d-6287-5a82-aff6-bc9eba776f41,1990,Spain,Midfielder,25.0
b0ba6dce-f399-53b0-961f-d65301928a9c,1954,Scotland,Forward,26.0
b0ba6dce-f399-53b0-961f-d65301928a9c,1958,Scotland,Forward,30.0
7f0d973a-9bd9-5d90-aa36-a44565d82700,1930,Peru,Defender,20.0
74a003ad-c1e9-53f7-85e6-7a2a8039eb16,2014,Argentina,Midfielder,28.0
534b8fa7-65cc-52b1-a1fe-743bdbc7d805,2022,Argentina,Midfielder,21.0
694fa49c-1e01-525c-ba2a-a476c6049573,2014,Argentina,Defender,25.0
aa59e1f0-f17f-563a-b700-7e8b7f5a252f,1994,Mexico,Goalkeeper,27.0
68da96a9-a318-5d14-a75b-1d54624a6633,1970,El Salvador,Goalkeeper,29.0
1f7e94cb-5408-5297-ac33-bf1a16e23552,1974,Uruguay,Goalkeeper,22.0
c9c1030a-bc24-53a6-a8a3-44cd33375979,1970,Peru,Defender,31.0
eb749298-42df-5356-856d-af6f68f15f51,1930,Uruguay,Midfielder,30.0
1ce0ddef-90bb-5530-a482-c9003591223d,1986,France,Midfielder,27.0
8c6f4d80-3e03-580d-a8b9-6ced66653350,2010,Chile,Midfielder,24.0
d435b155-1b9c-5144-8f04-8f5f2632fef2,1930,Bolivia,Forward,24.0
b1fae838-0f1a-5619-9d71-f47d985cc9ba,1986,Paraguay,Goalkeeper,32.0
7181d23a-7186-57e9-bf29-3725200dbf0e,2010,Uruguay,Forward,25.0
91ecb0dd-d8db-5e58-9498-3c83d6d61fc3,1938,Cuba,Forward,
bd37f51d-d9aa-595a-bc15-cd9a9525ae08,2010,Uruguay,Midfielder,25.0
a45ffdf2-5faa-5b7b-8f50-dbaf89205b99,2002,Ecuador,Forward,31.0
d19bc20e-8092-585d-a62a-2f516b904306,1970,Italy,Midfielder,25.0
f8babe69-6eb9-52f2-9ed7-d9fa1f50f349,1990,Italy,Defender,23.0
68842dcc-c55e-533d-945e-2f1bc5729133,1938,Italy,Forward,31.0
68842dcc-c55e-533d-945e-2f1bc5729133,1934,Italy,Forward,27.0
c4568238-280f-5727-a387-37a512f1e577,1954,Italy,Midfielder,28.0
4aae1d6a-82f9-560a-a71d-042a9b4593e2,1934,Italy,Midfielder,30.0
c304ec1a-66cb-5a37-b649-8d3398184cc4,1938,Italy,Forward,26.0
9d8245ce-d364-5ad8-8b21-7ac8f93ded20,1986,Paraguay,Midfielder,26.0
f79bbc41-184d-5481-8c27-b46c2540698a,2022,United States,Forward,22.0
ea6eca2d-054a-5f0d-94e6-29145ace62e0,1930,Argentina,Forward,25.0
a3cae1b4-440d-5910-bef4-ccd7e139a1d4,2010,Portugal,Defender,31.0
a3cae1b4-440d-5910-bef4-ccd7e139a1d4,2006,Portugal,Defender,27.0
7dbafec8-8df1-5b66-af3c-f6817076cf75,1966,Argentina,Defender,31.0
d119d916-0195-5dde-82e4-d8d237f6f48b,1950,Bolivia,Midfielder,27.0
5ecab741-37a0-566b-9a0d-748b558b34fe,1994,Spain,Defender,24.0
5ecab741-37a0-566b-9a0d-748b558b34fe,1998,Spain,Defender,28.0
4c17247d-f86d-5e6f-9463-d940928356e3,1938,Cuba,Forward,
a1420e4d-9ad3-5739-9b07-b5f80a7fec81,1986,France,Midfielder,24.0
c88a174a-0eaa-55f3-baf3-9947389e36f9,1990,Italy,Defender,27.0
59ae96a2-3306-5848-b1ed-6742ef32ebda,1962,Italy,Midfielder,23.0
3bdb6a24-38e9-5e31-a493-5ef56ae45ebe,1954,Switzerland,Midfielder,26.0
ccba0d1c-7d67-5b57-a9ed-dc975ad099c2,1966,Portugal,Defender,27.0
291cb153-8e41-59dc-97c2-6d0421a2de41,2014,Greece,Midfielder,24.0
dc433ebe-dcc1-5637-b6ad-18b90a29864c,2014,Cameroon,Goalkeeper,22.0
afcb6555-312c-5530-b025-c801819e2dba,1958,Czechoslovakia,Forward,27.0
dea3e3df-94b6-5190-848e-144cd79559e4,1982,Austria,Goalkeeper,28.0
ec67c950-44db-5d7d-8208-0682984f2647,1990,Cameroon,Midfielder,22.0
684fe6ee-bf06-560e-89c6-be3859146cda,1982,Czechoslovakia,Defender,26.0
3e939379-72ed-573f-a880-76f91d128e96,1994,Cameroon,Midfielder,25.0
ebd2a840-9690-5206-aeef-f30dc239d2bc,1970,West Germany,Defender,26.0
b5867b07-c383-56bc-a2c2-bfc61471898d,1966,Brazil,Defender,22.0
a0048abc-2fa6-5d77-8627-1ac5a21e69c7,1990,Czechoslovakia,Defender,26.0
a59eaa61-dfd1-5210-9603-521b2183a40f,1934,United States,Midfielder,24.0
628e7f57-528f-574f-a9a6-1b6d6382fada,2010,Chile,Midfielder,27.0
3538d8cf-7c4b-5665-8a44-aa0bf93ef461,1938,Belgium,Forward,28.0
6016356b-2fa3-508b-bb0c-de98fe1edaa1,2002,Portugal,Midfielder,30.0
6016356b-2fa3-508b-bb0c-de98fe1edaa1,2006,Portugal,Midfielder,34.0
637433a4-f304-5c2d-8df7-8994bba8e21d,1966,Portugal,Forward,29.0
23579314-b1fb-5ec8-a273-ce08efe530f5,2006,Angola,Midfielder,34.0
0111804e-ad4b-550b-8d01-3d2e532d1ce3,1966,Chile,Defender,20.0
0111804e-ad4b-550b-8d01-3d2e532d1ce3,1974,Chile,Defender,28.0
0111804e-ad4b-550b-8d01-3d2e532d1ce3,1982,Chile,Defender,36.0
fca0e8ac-efc4-5b8b-9d95-cdebbf7da4bf,2014,Honduras,Defender,31.0
fca0e8ac-efc4-5b8b-9d95-cdebbf7da4bf,2010,Honduras,Defender,27.0
ccc4ddf8-bd90-5e86-96d1-f61ec06398b6,1982,Honduras,Forward,23.0
47e871a1-526c-54ab-badc-832c6e645803,2010,Slovenia,Defender,32.0
6bae5477-fbcd-54cd-a492-810bcf8f97b6,2002,Russia,Goalkeeper,29.0
2105fca6-8a09-54c2-bed7-e7390a7cc110,1998,Romania,Midfielder,24.0
433941a4-f20a-5605-920f-770c0b088259,1978,Argentina,Goalkeeper,28.0
433941a4-f20a-5605-920f-770c0b088259,1974,Argentina,Goalkeeper,24.0
433941a4-f20a-5605-920f-770c0b088259,1982,Argentina,Goalkeeper,32.0
97d31ca2-3f17-5740-be52-0f50fc16fe78,2010,United States,Forward,25.0
47bd9f00-97ed-5bf1-b001-b3e940360809,2002,Republic of Ireland,Defender,26.0
922263e3-1e87-552d-9367-14e3e77fc9d8,2018,Iceland,Forward,29.0
39e595ed-7939-5cec-9ebe-02ec44e6a1e6,1954,England,Forward,32.0
39e595ed-7939-5cec-9ebe-02ec44e6a1e6,1950,England,Forward,28.0
39e595ed-7939-5cec-9ebe-02ec44e6a1e6,1958,England,Forward,36.0
6a6875d5-362c-5058-b3b0-b51500490ed6,1982,Northern Ireland,Midfielder,30.0
0a7ca911-0e03-5c57-8427-21ac84c80334,1950,Yugoslavia,Forward,27.0
6023195f-230b-58a1-91eb-5c37ada4d346,2018,Brazil,Forward,27.0
fa33d784-821d-541c-a42a-93a98c41a0b6,1974,Poland,Goalkeeper,22.0
13f788da-235f-5bf6-afdf-8dd058235dd3,1978,West Germany,Forward,29.0
13f788da-235f-5bf6-afdf-8dd058235dd3,1982,West Germany,Forward,33.0
ff0f622a-5a4b-57ec-9fae-140303564811,2018,Denmark,Forward,24.0
5e7a42d8-cc99-5f47-9b51-abd28dcf4480,1998,South Africa,Defender,24.0
244cae9c-8d49-5418-bfbf-9a6d776a8ee6,1994,Norway,Forward,27.0
42fcba2c-95a2-5b67-aa25-34346496364a,1990,Scotland,Forward,25.0
e01828bd-7001-5fdf-9095-d5d26b4c1858,1970,Czechoslovakia,Goalkeeper,26.0
f61bf0ec-7452-5eb4-9534-eb8690346439,1998,Norway,Forward,28.0
ef36b418-4538-5202-82c0-0a9e6dc59b64,1994,Norway,Forward,30.0
ef36b418-4538-5202-82c0-0a9e6dc59b64,1998,Norway,Forward,34.0
f88b4680-dc41-5218-8b9c-93c132f50f8e,1998,Norway,Forward,25.0
ffca95dd-aade-5d27-8caf-0507b5511c96,1978,West Germany,Midfielder,30.0
ffca95dd-aade-5d27-8caf-0507b5511c96,1974,West Germany,Midfielder,26.0
cddcd5da-9533-5346-9ef9-892a21c426a6,1930,Paraguay,Midfielder,
cbb5e7e9-c8b8-5655-8091-2e122422728e,1950,Mexico,Midfielder,27.0
048c1a4b-6c96-5112-9fd5-5ac5f803f96e,2018,Peru,Forward,24.0
91445027-a26d-599f-8a7b-3f70326601a5,1958,Mexico,Midfielder,32.0
a154fcd7-01c3-5b67-8214-88d38c0b8f18,1986,Mexico,Forward,24.0
f63436ec-0cb8-5884-984e-1e0467d773e8,1950,Chile,Defender,30.0
106d31fa-4651-5491-ba9a-82e670bca4a7,1990,Costa Rica,Defender,31.0
1eed7760-65c8-5090-8355-f21d4bbf40fc,1930,Paraguay,Defender,
5126fcfc-dc03-5b7f-9532-f50092044e6c,1978,Mexico,Defender,25.0
ec02300f-7464-584d-8c96-145890e7ba31,1930,United States,Midfielder,33.0
ec02300f-7464-584d-8c96-145890e7ba31,1934,United States,Midfielder,37.0
cb361a6c-9969-53fb-b5e3-b743ba86be67,1966,England,Midfielder,32.0
cb361a6c-9969-53fb-b5e3-b743ba86be67,1962,England,Midfielder,28.0
b1f0074a-ac88-5eb2-abac-1019eae55cb5,1998,England,Goalkeeper,31.0
b694d3da-08e6-5ecd-8449-3f3351648b80,2006,Angola,Forward,27.0
7fbe199a-4dfa-53a4-ab39-1f91a722388d,1954,Switzerland,Defender,25.0
2994d5bf-0307-5212-ba33-6831efa2abb0,2022,England,Midfielder,22.0
aad1c794-23a6-52f2-94db-47501cf0c9c7,2022,France,Midfielder,23.0
f8ae35f4-3f01-52bf-80f4-003c7cf5c0b3,1966,Italy,Midfielder,28.0
e79882a6-c2e7-5241-9fba-27f558889287,1990,Soviet Union,Defender,29.0
e431386a-2b7b-5a51-a5e8-48cfab2beeaf,1938,Italy,Defender,27.0
39342a65-98e7-52bb-b800-c6e1ea26368d,1990,Uruguay,Forward,21.0
e6e6d9f0-e854-51d3-8dd8-79411532b7d5,2006,Costa Rica,Midfielder,27.0
4648330f-0d4f-53ca-af2e-28c88f8aad3a,2006,Mexico,Forward,27.0
8ce1b4fc-5cb5-54fa-9cdd-3512479b54ad,2002,Costa Rica,Forward,28.0
e611498a-cd22-5e71-9f6a-16706cc6f3ca,1958,France,Forward,25.0
4f3c5834-fb1a-543a-8ef3-be5814ca874d,1970,Brazil,Defender,30.0
706132dc-7b56-5703-be2b-148db4431501,2018,Portugal,Defender,35.0
d6bd8718-101d-5519-a79e-e03ff554df90,1970,Uruguay,Midfielder,27.0
462d62d2-0b63-5071-9927-3773c28fb74e,1974,Scotland,Midfielder,30.0
a4223689-acbc-5480-9194-b61c9ac4ed11,2014,Uruguay,Forward,35.0
a4223689-acbc-5480-9194-b61c9ac4ed11,2010,Uruguay,Forward,31.0
a4223689-acbc-5480-9194-b61c9ac4ed11,2002,Uruguay,Forward,23.0
759f1f0a-9458-5b8a-9520-15e85125d900,1966,Uruguay,Defender,21.0
759f1f0a-9458-5b8a-9520-15e85125d900,1974,Uruguay,Defender,29.0
354ee7ac-5757-5354-9fac-aa43353e973e,2018,Sweden,Midfielder,27.0
24c62054-fde4-5e12-b0fb-6ca6f365a9d2,2006,Togo,Defender,26.0
29492739-b0cf-5250-ad16-b53a981b66b0,2014,England,Goalkeeper,26.0
edac57c5-3a3e-5ed1-acfa-0c013035f5bd,1978,Scotland,Defender,29.0
1c48498e-0b77-555f-95e1-35dc34ae89c9,1930,Brazil,Midfielder,29.0
0c6ba855-bee1-57d4-8652-18701ab7a2ae,2002,South Africa,Midfielder,25.0
0c6ba855-bee1-57d4-8652-18701ab7a2ae,1998,South Africa,Midfielder,21.0
f2f0060c-2d54-5225-a7e9-d8f2d2f3067b,2014,England,Goalkeeper,31.0
c65fec9e-ee4e-5ace-9d87-9a73ffebf7a6,1982,England,Defender,25.0
302fe6a1-2611-5534-a309-a1f4dd37831d,1966,Chile,Forward,26.0
302fe6a1-2611-5534-a309-a1f4dd37831d,1962,Chile,Forward,22.0
a74c67a5-6603-5595-95e6-012677702fc8,1994,Switzerland,Midfielder,23.0
60982b67-8690-57ed-8cea-0ae839b2f5ae,2002,England,Forward,27.0
f907fd17-77ae-5990-b958-26832a94c466,2022,Argentina,Defender,24.0
b7920f95-1603-5bae-b665-defaff439804,1994,Cameroon,Midfielder,19.0
b7920f95-1603-5bae-b665-defaff439804,2002,Cameroon,Midfielder,27.0
978d6e49-57af-5f86-8f0a-f02833133b65,1966,Mexico,Forward,24.0
978d6e49-57af-5f86-8f0a-f02833133b65,1970,Mexico,Forward,28.0
af4f0d84-4bf7-5e4c-a10a-e59306067604,1990,Uruguay,Midfielder,29.0
af4f0d84-4bf7-5e4c-a10a-e59306067604,1986,Uruguay,Midfielder,25.0
d0c6df45-d570-552d-8537-0e472ec6a298,1982,England,Forward,28.0
034c1562-9f3e-5782-bfe0-3c39c51e3aa5,2014,Costa Rica,Defender,24.0
c6982f10-8e66-5174-b3f1-4340be99b4e3,1986,Spain,Midfielder,24.0
ad7f360b-0b8e-5aba-abba-1541b739a5f9,2022,Ecuador,Midfielder,24.0
5d94aefc-c2c4-5438-a0d9-fa532865e324,2010,Mexico,Forward,34.0
5d94aefc-c2c4-5438-a0d9-fa532865e324,2006,Mexico,Forward,30.0
acd5bb18-6249-5dec-9a5c-fa5e784ad362,2002,Paraguay,Defender,29.0
b37ead4c-8288-514c-a800-97d2f7f7ddee,2006,Argentina,Goalkeeper,29.0
da467d62-986c-52d7-9088-c9b439d53f1c,1998,Denmark,Midfielder,28.0
90400b06-941c-5e8d-9d4c-11eb158b997b,2014,Australia,Defender,27.0
768da609-166c-5eef-81b4-ab7fef00a0e3,1982,West Germany,Goalkeeper,34.0
112dc818-bd96-54b1-8be7-e5e5cf8d62d4,2022,Poland,Midfielder,27.0
6cdf1d9d-2641-51dd-ad62-b1865dd6629b,1938,Norway,Forward,25.0
22119742-b97c-56b3-acbc-04cdbb8e1a42,1934,Austria,Goalkeeper,29.0
7837fc33-51ba-5042-b578-94e565721525,1974,Haiti,Goalkeeper,28.0
991f3900-2572-5d5e-a953-95fb24478479,1974,Haiti,Midfielder,27.0
dc121665-86a6-5d1c-bc39-455df108c8b1,1990,Netherlands,Defender,24.0
40c0d4bd-ebe2-5c5d-aa6d-1cd5774e0983,2022,Canada,Midfielder,24.0
ead96849-04d5-56f4-a51f-87c204e72748,2002,Portugal,Defender,25.0
9146242d-daf2-5df3-b9c3-9c4e2d4f4365,2014,Brazil,Forward,31.0
9146242d-daf2-5df3-b9c3-9c4e2d4f4365,2006,Brazil,Forward,23.0
4314cc57-73ab-5d34-8183-78289e81c601,2018,Brazil,Midfielder,25.0
4314cc57-73ab-5d34-8183-78289e81c601,2022,Brazil,Midfielder,29.0
6f670a2c-a315-5053-ae4f-e4315e9a1e8f,1986,Portugal,Defender,29.0
54777d1a-00cc-59be-99d5-09d360061a01,2010,Switzerland,Forward,31.0
54777d1a-00cc-59be-99d5-09d360061a01,2006,Switzerland,Forward,27.0
e90b7af8-c40b-5fcc-99a3-b363fb82c303,2022,Switzerland,Midfielder,33.0
c41b0160-f0df-5a8f-be3b-d69b429fed2d,1934,Argentina,Goalkeeper,23.0
098dead5-d724-5f8e-9382-486608d612dc,1950,Paraguay,Forward,27.0
c366f61f-29ff-5676-878c-60e4b7dabb4f,2018,Switzerland,Midfielder,26.0
c366f61f-29ff-5676-878c-60e4b7dabb4f,2022,Switzerland,Midfielder,30.0
781ec769-1a0a-5bac-a016-ccd3f0238319,1998,Germany,Midfielder,28.0
4b83b01d-4428-5b91-92bd-ff88d2bfbc1b,1950,Brazil,Forward,26.0
631d49d5-ecd8-58bf-b529-d93c694296c5,1934,Switzerland,Midfielder,
78e991dd-101e-5fe6-94b7-b2e05f31ad33,1994,United States,Goalkeeper,23.0
78e991dd-101e-5fe6-94b7-b2e05f31ad33,2002,United States,Goalkeeper,31.0
78e991dd-101e-5fe6-94b7-b2e05f31ad33,1998,United States,Goalkeeper,27.0
5626f89e-5fbc-50b2-9191-f4acb877e06b,1950,Switzerland,Forward,30.0
28902f1b-6fc4-5678-88ec-d3a7481a8297,1958,Hungary,Forward,24.0
d1f527ad-a8cd-50d7-beb3-9000d4eab9cb,2010,Germany,Defender,31.0
d1f527ad-a8cd-50d7-beb3-9000d4eab9cb,2006,Germany,Defender,27.0
09a3070e-72a0-580c-a9bd-26336bc991eb,1974,East Germany,Goalkeeper,28.0
6c512e05-33c5-57e4-a525-a0024a6421dc,1938,Switzerland,Forward,24.0
598a5d53-5685-536e-9bad-0a3fd3a11c71,1962,Switzerland,Forward,24.0
80aa9b3e-722f-51e9-8701-db464c207480,1954,Italy,Forward,22.0
70f99e32-11a3-581f-a3f8-8b75033740d3,1986,Denmark,Midfielder,24.0
662888a7-eec4-53ac-a54c-c852cfa2969f,2022,Netherlands,Defender,22.0
ad7a28f9-aca9-5cfb-a001-c221c939b14e,2002,Germany,Midfielder,26.0
ad7a28f9-aca9-5cfb-a001-c221c939b14e,2006,Germany,Midfielder,30.0
09f2bf34-a439-51b2-a1ab-ff8330436c82,1974,East Germany,Defender,23.0
deecb22a-24c3-54da-867f-2cf0785f03cb,2018,Iceland,Midfielder,22.0
b71c2d8f-8d55-5b03-b663-d2dd6435d205,1954,Switzerland,Midfielder,24.0
00dfa2d5-d6fb-59b0-b4ca-5394b264e20e,1978,Austria,Goalkeeper,26.0
df11cb7c-4e90-5318-be9d-fa3265e8df0a,2014,Uruguay,Defender,30.0
df11cb7c-4e90-5318-be9d-fa3265e8df0a,2010,Uruguay,Defender,26.0
b1a44f3d-af5e-514e-93f8-e301d5ad2b6b,2010,Chile,Defender,29.0
2bc5ae62-c2b2-5927-a816-ef087419b270,1970,Peru,Defender,29.0
389542f5-ffb0-534c-a439-1feaee99d409,1998,Chile,Defender,29.0
9dad510b-219f-5915-81be-99db894b850e,2014,Chile,Midfielder,29.0
801b2aa3-19ce-5bf5-ac34-578669e0db4d,2002,Japan,Midfielder,26.0
801b2aa3-19ce-5bf5-ac34-578669e0db4d,2006,Japan,Midfielder,30.0
f45c1621-3ba2-56e9-a950-d6917d52b324,2022,Costa Rica,Defender,28.0
9db6f76d-b789-5225-8311-a3f5da3b0f3b,2022,Mexico,Forward,31.0
00c5573a-1f72-53e2-9b80-e9fd45178f02,1950,Italy,Defender,27.0
475da604-53ea-500c-988d-faae0eb1b0a3,1970,Italy,Defender,24.0
98e168e6-d684-59c6-9833-efe5e42392ad,1986,Poland,Forward,24.0
2ccef436-b744-5886-af7a-7bf63e99c25e,1966,Spain,Midfielder,25.0
e7a497db-22a1-5ed2-b19a-96684afb5bd2,1986,Portugal,Forward,20.0
89acf0f1-e17a-5a7f-a6e2-1309eb150c8e,1934,Hungary,Defender,26.0
15514a6c-4496-59ae-a484-501eb9f0a7bc,2014,Spain,Midfielder,27.0
15514a6c-4496-59ae-a484-501eb9f0a7bc,2010,Spain,Midfielder,23.0
15514a6c-4496-59ae-a484-501eb9f0a7bc,2006,Spain,Midfielder,19.0
650b5c5a-ecb1-5dce-a283-9e34874b8721,2022,Portugal,Forward,23.0
9ef99151-45ed-5031-9189-82c46ebef72b,1970,Brazil,Goalkeeper,33.0
8315c30c-3ecf-5e4d-9680-13d177eac2ce,1982,West Germany,Defender,26.0
86f13ee7-034a-5d7d-b5fd-46bee20c49c3,1986,West Germany,Defender,28.0
86f13ee7-034a-5d7d-b5fd-46bee20c49c3,1982,West Germany,Defender,24.0
d61a8386-51f8-5121-8ed5-ba7e36df7222,1966,Switzerland,Midfielder,29.0
4ca0f520-b305-5951-b4e7-4b78f1d31fed,2022,Germany,Forward,29.0
81c7b43c-5b66-59fb-99f2-d7e236e40b67,1978,Hungary,Midfielder,23.0
97e8c7f6-6bb4-57a3-abfb-db9015d216fd,2022,Qatar,Midfielder,20.0
b1b6bfff-647c-5fc7-b21a-d677b40ffb7b,2018,Egypt,Midfielder,26.0
bf1a8934-35c9-595d-b2d3-c989303f2583,2018,Egypt,Defender,29.0
7950e25f-0909-510f-854b-fd5723657c72,2014,Nigeria,Midfielder,24.0
e0a85550-f233-5860-aaa3-fa71f589c3ae,2002,Mexico,Defender,31.0
c92e1008-d99c-5efa-a1b0-16dc176030a0,1934,France,Midfielder,20.0
fbeffded-2a52-56a1-b2ea-2e9e87386d44,2002,Tunisia,Midfielder,28.0
01c7a64c-1fe3-596b-9b2b-a95fe8866276,2018,Russia,Goalkeeper,35.0
e58b6019-08d1-5aa1-a382-4faf0a0505f9,1974,Poland,Forward,28.0
2d448296-6ebf-52e8-bc86-175926eb64ed,1950,United States,Forward,26.0
1a2177f7-5e62-5138-be8b-9bfec47afd47,1966,Bulgaria,Defender,25.0
1a2177f7-5e62-5138-be8b-9bfec47afd47,1970,Bulgaria,Defender,29.0
76e3416b-6cef-56e5-88a8-acda4f57d509,2014,Argentina,Midfielder,28.0
fd52f9ab-2ef8-5200-90e5-cd1af76fd56a,1954,Czechoslovakia,Forward,20.0
fd52f9ab-2ef8-5200-90e5-cd1af76fd56a,1958,Czechoslovakia,Forward,24.0
aa6c488a-e00d-54ff-bdc1-9720368c17fc,2002,Slovenia,Defender,28.0
a3274bb0-0d01-54cb-9c08-1eaca2e7127d,2022,Netherlands,Forward,23.0
65043f91-7824-547b-9f5d-94c85537d34b,1934,Argentina,Forward,22.0
73200e11-339b-5ad0-8575-6ac18989f191,1986,Italy,Forward,23.0
25aab7b7-db95-50f0-a2d6-56079335ea5d,2014,Australia,Goalkeeper,33.0
25aab7b7-db95-50f0-a2d6-56079335ea5d,2010,Australia,Goalkeeper,29.0
7e21f626-b3b2-5de9-93a5-4a124546ea6b,1994,Russia,Defender,31.0
75b1b1e6-f10e-5997-ba7e-2be2fea7ed41,1994,Mexico,Midfielder,34.0
a055d50c-9515-5ed7-821d-4fe5599a3a8d,1974,Chile,Defender,23.0
a055d50c-9515-5ed7-821d-4fe5599a3a8d,1982,Chile,Defender,31.0
d49ae7f4-4059-5647-a4d1-a490dd9def0d,1930,Peru,Midfielder,24.0
ad4d76cc-caf9-5114-98f6-0ec5ef8bca62,1962,Yugoslavia,Midfielder,24.0
b1cf4c65-d471-54ec-960a-a6020cfe4082,2002,Slovenia,Defender,32.0
0115f7f6-f80e-5dd9-b51e-199ab7ecbf67,1998,Scotland,Forward,32.0
b3ed9ec2-c75f-5898-a05f-40bde639e86d,2022,England,Midfielder,22.0
a1f806e7-b168-544f-9301-85f5c4311aff,1930,United States,Midfielder,29.0
a1f806e7-b168-544f-9301-85f5c4311aff,1934,United States,Midfielder,33.0
a146f175-ea49-57c8-80eb-b0043d35250d,1970,Peru,Midfielder,30.0
629870dd-b5be-546c-bf40-417692b8e52c,2018,Mexico,Defender,24.0
629870dd-b5be-546c-bf40-417692b8e52c,2022,Mexico,Defender,28.0
312a40f0-d07a-5032-9cf1-e488b1f7d93c,2002,Argentina,Midfielder,26.0
312a40f0-d07a-5032-9cf1-e488b1f7d93c,1998,Argentina,Midfielder,22.0
0354bee4-b264-5c67-a91b-fb331effda38,2010,France,Defender,33.0
0354bee4-b264-5c67-a91b-fb331effda38,2006,France,Defender,29.0
983b1fc2-0bb5-57f4-9bb6-cf89a42bd6b9,1978,Argentina,Midfielder,23.0
983b1fc2-0bb5-57f4-9bb6-cf89a42bd6b9,1982,Argentina,Midfielder,27.0
d948d195-1510-5895-9d05-fca416bfecde,1986,Spain,Midfielder,27.0
d948d195-1510-5895-9d05-fca416bfecde,1982,Spain,Midfielder,23.0
329fd27b-2991-50ea-8d74-b7e4a3844ca8,1966,Spain,Defender,22.0
364f96f6-8715-57ee-bde8-6920838f3cef,2018,Peru,Goalkeeper,28.0
90112ae0-a652-5094-b3f9-89efaae189dc,1954,Italy,Forward,23.0
32e1798f-fab2-5824-a054-3edce4a1d66e,1986,Italy,Goalkeeper,28.0
32e1798f-fab2-5824-a054-3edce4a1d66e,1982,Italy,Goalkeeper,24.0
f789e8fd-849a-5bfb-b0ad-aec0efba3846,1978,Argentina,Defender,30.0
f789e8fd-849a-5bfb-b0ad-aec0efba3846,1982,Argentina,Defender,34.0
d4fd17d4-7c11-5e8c-b909-d8c0c7fccbf1,1978,Argentina,Midfielder,26.0
a404ad7d-219e-595d-b3be-f92a3a6d4bb4,1990,Brazil,Defender,29.0
a404ad7d-219e-595d-b3be-f92a3a6d4bb4,1986,Brazil,Defender,25.0
be82fa46-cc51-5c3c-8f57-fd05645a5802,2006,Czech Republic,Midfielder,33.0
4a293b10-c343-508c-9828-bf5470295cea,2022,Ecuador,Goalkeeper,35.0
0389a8ba-34e8-53e6-8392-1dc1746a8ed2,2002,Paraguay,Defender,31.0
0389a8ba-34e8-53e6-8392-1dc1746a8ed2,2006,Paraguay,Defender,35.0
0389a8ba-34e8-53e6-8392-1dc1746a8ed2,1998,Paraguay,Defender,27.0
9b029e3f-6217-5d2a-8fa8-8661c1d66b4c,2010,Paraguay,Forward,22.0
a7c62eb6-a446-5465-951a-6b6961814557,1950,Uruguay,Defender,30.0
10db224c-015c-50a6-b925-26b16e6dee91,2018,Costa Rica,Defender,29.0
10db224c-015c-50a6-b925-26b16e6dee91,2014,Costa Rica,Defender,25.0
1243ab73-f581-5f95-841f-e3d84d924b9c,1962,Colombia,Forward,26.0
cdbb0f94-e419-55fa-a2b0-8e6152359df9,1982,Chile,Forward,31.0
4a53f543-20e8-514c-9018-5dfbda931651,2006,Poland,Defender,25.0
11c86479-dd75-5558-86fa-c31aea04f5f4,2002,China,Midfielder,25.0
88d69747-3378-543f-94f6-cf4e18bbe0cc,2010,Algeria,Goalkeeper,33.0
80d04b9a-aa99-5fb3-9539-ad6ddd82225d,1986,Hungary,Defender,28.0
80d04b9a-aa99-5fb3-9539-ad6ddd82225d,1982,Hungary,Defender,24.0
51472359-bf4d-53d3-a120-2a2d6d889da8,2014,Argentina,Defender,28.0
2adf742d-b843-5967-82b1-3d54ff27401d,1962,Spain,Defender,32.0
1c941872-9ae0-5854-a3fa-3c75885778f2,1930,Paraguay,Midfielder,
c4620c63-50c2-59dc-b077-5485b50a4d21,2010,Australia,Midfielder,29.0
afbde671-e424-5ced-a436-922e6b699496,2010,Argentina,Defender,31.0
b570bbb8-8c5e-51cc-8df3-e43e8690511f,2014,Honduras,Defender,30.0
b570bbb8-8c5e-51cc-8df3-e43e8690511f,2010,Honduras,Defender,26.0
d1dc6204-9908-52f5-b36c-6297a9a1d44d,1930,Peru,Midfielder,
ec71db9a-c8c9-50b9-9fc9-c10b981ff1c2,2022,Spain,Defender,21.0
3dcd4962-7c38-5a5d-8c58-a82b2cd990d0,2014,Honduras,Defender,26.0
d80c6f65-1b98-52c8-91ae-0134a03eec2b,2006,Spain,Midfielder,28.0
5abb268a-dc18-5019-946d-9719bf05d079,2002,Uruguay,Midfielder,25.0
ffdce26c-c69e-5447-aae4-924468cfdb40,2002,Mexico,Midfielder,28.0
ffdce26c-c69e-5447-aae4-924468cfdb40,2006,Mexico,Midfielder,32.0
a9c96d41-442a-5dee-94b0-353f7fff6930,1974,Chile,Defender,32.0
5d4d3101-6e59-56a8-8113-83b297ab86ce,1994,Mexico,Midfielder,27.0
5d4d3101-6e59-56a8-8113-83b297ab86ce,2002,Mexico,Midfielder,35.0
5d4d3101-6e59-56a8-8113-83b297ab86ce,1998,Mexico,Midfielder,31.0
80e15466-bad9-5d37-a61c-469f988594d6,1994,Mexico,Forward,25.0
80e15466-bad9-5d37-a61c-469f988594d6,1998,Mexico,Forward,29.0
309f29c3-31b1-51ce-b5e9-35d5c97895a5,1950,United States,Goalkeeper,28.0
7ce0be50-edc6-55d1-b63d-572af1a12901,1998,Jamaica,Defender,20.0
4e4a772b-406c-5bfb-9d54-96cce43b05ea,2014,Uruguay,Midfielder,30.0
4e4a772b-406c-5bfb-9d54-96cce43b05ea,2010,Uruguay,Midfielder,26.0
5586c706-8a0d-54f5-b6fa-827acfb7131a,1974,Uruguay,Defender,29.0
8f7df4d5-eb83-5efb-8dfe-213f181594e6,1982,Chile,Defender,25.0
68a9ae46-e0d6-54ac-9009-45843fb408f5,2014,Honduras,Midfielder,24.0
5d98496e-60cc-555e-a138-b918f80168ca,1966,Brazil,Forward,33.0
5d98496e-60cc-555e-a138-b918f80168ca,1958,Brazil,Forward,25.0
5d98496e-60cc-555e-a138-b918f80168ca,1962,Brazil,Forward,29.0
4e749db6-ee36-5fdb-8972-21306f3908ee,1986,Argentina,Defender,30.0
e1249a29-9e79-529e-92ba-ad3c2194379b,1930,Mexico,Defender,26.0
d901229f-485e-58cc-93c3-eabd3ac55697,1930,Mexico,Defender,34.0
6208ee99-4f94-5db5-8dca-36b411774057,1990,England,Midfielder,23.0
80db09c1-9ea1-5c55-9de9-0c3eb4645a9f,1978,Tunisia,Midfielder,25.0
9016596b-d29d-5af5-857e-cfc42fdf3541,2018,Senegal,Defender,29.0
2638c74f-9027-5764-8033-12dbb3c5188f,1982,Peru,Defender,24.0
d11c1ee9-2459-5021-8af1-ac6fa281ff4d,1966,Argentina,Goalkeeper,22.0
bfe0837b-82c8-538c-bb6a-93cb5a200c09,2010,Italy,Midfielder,32.0
bfe0837b-82c8-538c-bb6a-93cb5a200c09,2002,Italy,Midfielder,24.0
bfe0837b-82c8-538c-bb6a-93cb5a200c09,2006,Italy,Midfielder,28.0
07b4a9c3-527e-53fb-870c-338cb33c9499,1938,Germany,Forward,22.0
ac1edd81-5017-5b03-afa7-49b49ddaf5f5,1994,Germany,Midfielder,28.0
33f6312a-41c2-51c3-b52f-51530fe1dfe1,2022,Spain,Midfielder,18.0
b14aeee2-2c74-54b4-8171-1ab57c492d13,2002,Paraguay,Midfielder,22.0
b14aeee2-2c74-54b4-8171-1ab57c492d13,2006,Paraguay,Midfielder,26.0
58e545e8-c0ed-5ce4-9299-2093d6192980,1950,Paraguay,Defender,30.0
8c94d033-8889-5cf3-bc72-df06f9f27334,1994,Colombia,Midfielder,25.0
d2eaec25-d0d7-500b-9654-5dc3853ea377,2018,Switzerland,Forward,29.0
d2eaec25-d0d7-500b-9654-5dc3853ea377,2014,Switzerland,Forward,25.0
e35d88ae-2ada-5efa-9361-a6a4c3d26b9e,2006,Serbia and Montenegro,Defender,28.0
607da6a7-c497-5ec0-84c8-9b2569c4dc24,1982,Soviet Union,Midfielder,29.0
974c47ac-59ec-5ef0-b33c-3dba2a7c07a0,2010,South Africa,Defender,26.0
3af2cbb0-d268-5676-8160-7810e57768b1,1970,Bulgaria,Defender,24.0
3dfd4afc-fa48-591c-8778-0773856c349b,1998,Jamaica,Forward,28.0
336abee6-6cb9-5c9f-98db-d5abf74dcab5,1930,Mexico,Forward,25.0
80650796-37ca-5480-9734-c12065fd0c1c,2018,Russia,Midfielder,29.0
58d52e07-0d81-5ac0-bc2d-3085ee55104c,1950,Spain,Forward,28.0
93010c57-ee8b-5db1-b65e-08e80e9dca1f,1990,Brazil,Forward,28.0
973c89a3-f756-589b-8243-3bf1fa0f0540,1938,Poland,Defender,32.0
0b8755a1-910a-5677-a60c-ac8b955f5238,2014,Ivory Coast,Goalkeeper,26.0
c29f4701-370c-5fdb-846f-64e39bcd7b6a,1974,Netherlands,Midfielder,26.0
4ad0a27a-1161-5d78-91b0-f0545a9b1e25,1954,Belgium,Goalkeeper,24.0
a899d0ef-2b85-59fa-886a-7b0c7ecc3665,1994,Switzerland,Defender,34.0
5bfeba22-4081-598c-813d-38fa193a4984,2014,Greece,Forward,34.0
5bfeba22-4081-598c-813d-38fa193a4984,2010,Greece,Forward,30.0
780b5833-6117-5b57-9c97-f11b44cfd639,1966,Hungary,Goalkeeper,28.0
2bb3b3de-20f2-57e4-91f9-23be2f98382f,1938,Germany,Forward,24.0
585c7ba8-c1dc-5daa-b409-912eee4b87d4,1954,Hungary,Goalkeeper,29.0
d73798cb-46c6-508a-a52a-82c31bffd32e,1978,Scotland,Midfielder,31.0
b591c005-830a-5ea4-bd30-c5ace8c2893c,1998,Scotland,Midfielder,27.0
3722548f-b643-5fb6-b630-13a15f4d13c1,1994,Bulgaria,Midfielder,30.0
dbeb4d83-0fce-5d35-86ab-b33d6fd78aab,1986,France,Midfielder,28.0
dbeb4d83-0fce-5d35-86ab-b33d6fd78aab,1982,France,Midfielder,24.0
0fef2ceb-7565-5217-ac26-1cfae4ab398d,1938,Italy,Midfielder,26.0
6d18f086-b8b4-5a2c-a7c2-5d67c7b5c821,1978,Italy,Defender,25.0
6d18f086-b8b4-5a2c-a7c2-5d67c7b5c821,1982,Italy,Defender,29.0
028c6c5d-7b30-50b1-a64e-e57f4ff35df8,1930,United States,Forward,26.0
3ef9f754-9993-52b6-a029-eabb424efc88,1966,Spain,Forward,33.0
3ef9f754-9993-52b6-a029-eabb424efc88,1962,Spain,Forward,29.0
de17e928-a7c1-509d-a603-0267018936fa,1994,Nigeria,Midfielder,23.0
de17e928-a7c1-509d-a603-0267018936fa,1998,Nigeria,Midfielder,27.0
eaf482a9-041e-5fac-bc6d-babd17e25c25,1994,Bulgaria,Midfielder,31.0
b7ed8e11-57e1-5e9f-bd26-bda7f61dcefb,2010,Cameroon,Defender,32.0
b7ed8e11-57e1-5e9f-bd26-bda7f61dcefb,2002,Cameroon,Defender,24.0
874d4fb2-e378-5740-b3b6-d9f25d1b304f,1990,Belgium,Defender,36.0
874d4fb2-e378-5740-b3b6-d9f25d1b304f,1986,Belgium,Defender,32.0
874d4fb2-e378-5740-b3b6-d9f25d1b304f,1982,Belgium,Defender,28.0
648f28d6-90f5-5871-a277-cf693e7df1c5,1970,Romania,Defender,29.0
1333076c-47ac-597b-ba91-7f62957d64c6,1998,Brazil,Goalkeeper,28.0
0fd8bfc5-12f5-5ccc-8b79-101ca168df16,1934,Brazil,Goalkeeper,23.0
42b35c2e-379a-5b99-ba2b-4409425205e0,1966,Portugal,Defender,33.0
2ced9c05-ac1a-5b8d-904e-0a8f4771d17e,1954,Belgium,Goalkeeper,27.0
b16df7ad-86da-5a86-aa5b-fe0ccde3710e,2018,Brazil,Defender,33.0
1c3e15e2-1ad3-521e-9797-24853b631906,2014,England,Midfielder,34.0
1c3e15e2-1ad3-521e-9797-24853b631906,2010,England,Midfielder,30.0
1c3e15e2-1ad3-521e-9797-24853b631906,2006,England,Midfielder,26.0
0f40ee19-effb-50d6-8d83-78984228cdbd,2014,Ivory Coast,Forward,27.0
0f40ee19-effb-50d6-8d83-78984228cdbd,2010,Ivory Coast,Forward,23.0
390434b4-c3ee-5bd0-9175-a28ba93926a3,1930,Uruguay,Midfielder,23.0
50f54c5a-a5e5-5856-87f3-0a08c35af623,1966,Soviet Union,Defender,26.0
9e529cf9-4f89-5ee1-a9ac-97542403b343,1986,Bulgaria,Midfielder,27.0
7411f0d3-211d-53b3-a61d-bd87d45360ff,1970,Morocco,Midfielder,22.0
08601e54-0d82-54e5-83f6-dfbce2254bf8,2022,Tunisia,Midfielder,27.0
f3f34643-f4e5-569f-9fcc-592483930b07,1990,United Arab Emirates,Defender,26.0
272ab1c3-a72f-580a-86ba-ee1056ff0580,1990,United Arab Emirates,Defender,27.0
199f9c6d-7bcf-5958-84df-4dbaaee0a4e4,1978,Iran,Midfielder,22.0
f1ac6083-0060-5a84-9a43-7a6b403f74e8,1970,Morocco,Midfielder,24.0
e56b2b48-30d4-5486-bd63-755388d1cf11,1978,Iran,Defender,24.0
541f254f-ebee-5c4f-a24b-576df16cd6d2,2010,Algeria,Forward,26.0
89925964-3d66-5f22-bec4-b16d845b8577,1954,Italy,Goalkeeper,24.0
b0ad567b-bb18-5345-a79e-cea117e60fbf,1950,Uruguay,Forward,24.0
41216a58-aa6b-53df-9538-93756e95b3eb,2014,Algeria,Forward,24.0
ce1e1bca-7924-5eac-adf0-1f55abbd0966,2018,Iran,Midfielder,25.0
ce1e1bca-7924-5eac-adf0-1f55abbd0966,2022,Iran,Midfielder,29.0
3ccf2d6e-e4b3-52c6-b82a-fd7e79e188d9,2002,Tunisia,Midfielder,26.0
3ccf2d6e-e4b3-52c6-b82a-fd7e79e188d9,2006,Tunisia,Midfielder,30.0
3ccf2d6e-e4b3-52c6-b82a-fd7e79e188d9,1998,Tunisia,Midfielder,22.0
f7c44f1f-a354-5131-8286-79f96a681e4e,2022,Iran,Midfielder,26.0
f63190b2-7837-516d-8c5c-43b3ea1407f3,1978,Tunisia,Midfielder,25.0
f71e8d75-d152-5c96-8632-91f564b7b0a9,2018,Iran,Forward,31.0
f71e8d75-d152-5c96-8632-91f564b7b0a9,2014,Iran,Forward,27.0
2521628f-75c0-5325-a2ac-633a846e83c2,2014,Algeria,Defender,23.0
5da5150d-c9c3-5b4e-aa82-b80f984373e7,1990,United Arab Emirates,Forward,21.0
ccf070d8-2eca-58a5-b674-aca71802c5ce,1954,Italy,Defender,26.0
1db21474-f32f-5b0c-9506-9c0281891142,1954,France,Defender,29.0
6a7394a3-3a38-50f2-90aa-c367b6e14935,1990,Italy,Midfielder,26.0
638b61cb-f6f6-5a01-a5ba-f8193d386d03,1938,Poland,Defender,26.0
82e364cb-a012-595f-8b27-079dea9e0ce4,1962,West Germany,Midfielder,25.0
ed544cbe-0abb-58e3-9a91-90ec106626c8,1954,Austria,Midfielder,26.0
031c6c59-3d4f-5700-95be-75234ea6066a,2010,France,Forward,25.0
8c07c816-b1dd-5b7b-b521-46a4120475b7,1978,Brazil,Forward,28.0
c6a9e829-0faa-581d-a85e-7ac220a0134d,2010,Italy,Forward,28.0
c6a9e829-0faa-581d-a85e-7ac220a0134d,2006,Italy,Forward,24.0
4d60bcd4-72aa-5fff-88b6-1c11493c18e0,2010,Brazil,Defender,34.0
4d60bcd4-72aa-5fff-88b6-1c11493c18e0,2006,Brazil,Defender,30.0
6ff9c972-bc60-57b0-9f61-9d6e751f8f85,1990,Scotland,Defender,30.0
555c95e2-7f95-509c-91ad-8fc04e25825e,1990,Netherlands,Forward,27.0
cb27aaf9-64ae-5ca1-ad35-650ae2e66000,1966,Brazil,Goalkeeper,36.0
cb27aaf9-64ae-5ca1-ad35-650ae2e66000,1958,Brazil,Goalkeeper,28.0
cb27aaf9-64ae-5ca1-ad35-650ae2e66000,1962,Brazil,Goalkeeper,32.0
1c6d3d27-2e23-523a-868c-1444f626f2d9,2018,Uruguay,Defender,23.0
1c6d3d27-2e23-523a-868c-1444f626f2d9,2014,Uruguay,Defender,19.0
1c6d3d27-2e23-523a-868c-1444f626f2d9,2022,Uruguay,Defender,27.0
b7886e0d-18d4-5aa3-9232-fe6150eb9429,1998,Bulgaria,Defender,29.0
e71c9d84-5049-55ac-938c-053abd55eeee,1958,Paraguay,Defender,23.0
98dde2ed-5410-58fa-91c0-ec507166afe6,2018,Germany,Defender,24.0
98dde2ed-5410-58fa-91c0-ec507166afe6,2014,Germany,Defender,20.0
98dde2ed-5410-58fa-91c0-ec507166afe6,2022,Germany,Defender,28.0
c501dfdf-d565-57db-9c16-b4854665f6b9,1998,Brazil,Midfielder,26.0
223eef93-5f39-5711-b8d3-fe930a1bbf55,1950,Italy,Defender,26.0
3e758ae7-5744-58c3-b6c1-5e2a6d2a6728,1982,France,Midfielder,28.0
df607b03-8061-514c-8e98-b6f1527f9d87,1986,France,Midfielder,34.0
df607b03-8061-514c-8e98-b6f1527f9d87,1982,France,Midfielder,30.0
344155a3-7453-539a-b0f9-5b780436c5bd,2018,France,Forward,32.0
344155a3-7453-539a-b0f9-5b780436c5bd,2014,France,Forward,28.0
344155a3-7453-539a-b0f9-5b780436c5bd,2022,France,Forward,36.0
0339c5a2-7c64-5773-830c-87eae8644dcf,1990,Argentina,Midfielder,34.0
0339c5a2-7c64-5773-830c-87eae8644dcf,1986,Argentina,Midfielder,30.0
7f64101b-5981-5f21-89cc-f47cafb0730d,2002,Republic of Ireland,Goalkeeper,26.0
10855ee6-61e5-5da9-8eb4-c1de48d0f8ee,2006,France,Defender,25.0
df091528-80f9-5880-960e-a9bb2e3cf001,2006,Poland,Midfielder,26.0
25b6e440-c4d0-5393-89d9-a038d7ab3962,1974,Argentina,Defender,26.0
0031806d-d320-5781-97a1-0770ca82429b,1966,Spain,Midfielder,24.0
9fdd11d3-d9f3-550c-80a5-a79c213a7408,1990,Austria,Midfielder,22.0
ab003099-9254-536b-a35a-07046a0bc0a6,2006,Trinidad and Tobago,Forward,26.0
882a8eb7-3c58-5094-b3cb-87d44a2c8351,2018,Poland,Defender,30.0
882a8eb7-3c58-5094-b3cb-87d44a2c8351,2022,Poland,Defender,34.0
464d10c0-c46b-52dd-89b2-c4c975efaf48,1954,France,Forward,26.0
aab7e924-41cc-5dfc-bae5-9ee940f4a532,2014,Russia,Midfielder,27.0
335737c0-1278-5313-8f10-b26dac5ee193,2014,Greece,Goalkeeper,28.0
d9da6ded-ce17-5ec6-835f-52bbd0df49d8,2022,Germany,Forward,27.0
f7e52eb4-5e68-505f-bca3-c464cffefdfb,2006,Ivory Coast,Goalkeeper,27.0
9da8172c-bc32-545d-b93d-a0dd5d647aa7,2018,South Korea,Defender,30.0
01d7ad83-557d-5bd9-970a-4e1f30b0ad9f,1934,Switzerland,Defender,26.0
c7ab57f9-e907-5c6b-8632-24eea59b53ae,1966,Chile,Goalkeeper,30.0
c7ab57f9-e907-5c6b-8632-24eea59b53ae,1962,Chile,Goalkeeper,26.0
b730780c-6398-5988-bda4-24b864225717,2018,Panama,Midfielder,28.0
783142a3-2d18-5e24-97a3-dac54002ae19,1950,Bolivia,Forward,26.0
1b3ba58d-cfeb-527e-9c38-ad028e454b0d,2018,Uruguay,Defender,32.0
1b3ba58d-cfeb-527e-9c38-ad028e454b0d,2014,Uruguay,Defender,28.0
1b3ba58d-cfeb-527e-9c38-ad028e454b0d,2022,Uruguay,Defender,36.0
1b3ba58d-cfeb-527e-9c38-ad028e454b0d,2010,Uruguay,Defender,24.0
2620a26d-3a6e-557b-9074-7dd2830406e8,2010,Ivory Coast,Defender,29.0
e7d56691-2adb-5373-917b-a140b30f7db4,1986,Spain,Defender,30.0
e096c5a1-1ded-5190-948d-320f3e0b8c0c,1994,Spain,Forward,29.0
08ac7c87-6eb1-54ca-a225-3d9ff4abe295,1938,Germany,Defender,30.0
585dae78-5081-5ecf-99c8-365e2921a4f9,1998,Denmark,Midfielder,30.0
df08cda4-6aa6-554c-bb23-13e69828f211,2006,Iran,Defender,35.0
74b6aee6-4aff-5949-bc8e-6ba96630cbd4,2018,Russia,Midfielder,22.0
cbb36740-342b-5241-b745-983758428bf6,1986,Portugal,Forward,30.0
42e3f830-3ae8-54a4-a9bd-ce97dea8781d,2010,Brazil,Goalkeeper,29.0
bc4fe705-4f34-5662-ae2f-25909ade5b38,2002,Portugal,Forward,26.0
bc4fe705-4f34-5662-ae2f-25909ade5b38,2006,Portugal,Forward,30.0
a41b06a6-944e-5835-a35d-417c33afc20b,1990,Brazil,Defender,26.0
f47cacc5-3dc2-5ca2-af34-596508a3f8b0,2010,United States,Forward,28.0
22a6477b-7d5b-5cac-86fd-6a81b5f73eb3,2018,Senegal,Goalkeeper,25.0
22a6477b-7d5b-5cac-86fd-6a81b5f73eb3,2022,Senegal,Goalkeeper,29.0
e8d70d32-6d48-5172-941f-01009d323bae,1938,Belgium,Defender,21.0
061ced05-627c-502b-b8ca-ce3f11866563,2014,Japan,Goalkeeper,25.0
061ced05-627c-502b-b8ca-ce3f11866563,2022,Japan,Goalkeeper,33.0
26ba1360-9ba0-5ef6-a1f7-76f187dfe65d,1966,France,Forward,24.0
fdf2203d-6ecd-5e1e-bb36-b0b32932aabd,1930,United States,Midfielder,22.0
fdf2203d-6ecd-5e1e-bb36-b0b32932aabd,1934,United States,Midfielder,26.0
802d9310-2bb9-58a4-9b06-ceda1ab52722,1934,France,Defender,27.0
c0bf8deb-22db-51f6-92ca-8edaa2a78313,2014,United States,Defender,26.0
7c594f20-b1fb-506e-8945-5b054c41a3de,1950,Spain,Defender,30.0
a17b3bf8-3c34-57eb-8fde-a7481234806d,1950,Spain,Midfielder,28.0
1c46f5da-f58b-542e-8e8d-cc515243550b,1966,Argentina,Forward,25.0
1c46f5da-f58b-542e-8e8d-cc515243550b,1962,Argentina,Forward,21.0
48e722e8-89f2-5865-beef-c96c4e674262,1950,Paraguay,Defender,
5b1e0ce8-6eae-5b6a-9747-5700ae1e5ea1,1950,Paraguay,Midfielder,
99b68ddf-22de-52aa-9c45-f082f04eec31,1930,Paraguay,Forward,25.0
c4d3ec76-2051-5896-b028-13a4460f8867,1958,Mexico,Forward,23.0
04aacbae-028f-5875-a5c7-e005f0657477,1962,Uruguay,Midfielder,26.0
65cb083e-285e-57cb-80b1-a2979f0b7046,2018,Costa Rica,Defender,30.0
65cb083e-285e-57cb-80b1-a2979f0b7046,2014,Costa Rica,Defender,26.0
8897be73-6ecb-5729-b438-c58753f419a8,1962,Colombia,Forward,25.0
b7f45a57-13ae-554f-8401-df16171eb2fa,2010,Uruguay,Midfielder,28.0
683ca42f-82cf-5ee6-9d41-b690aea5ca03,1962,Colombia,Defender,24.0
e08c1507-03b4-5b2f-bca3-eed8d16ef5e9,1970,Peru,Midfielder,31.0
eda0b15c-2cc6-58be-90c1-0f5a25e910ca,1982,El Salvador,Forward,24.0
28a619f7-9b25-580e-a3aa-9130e4ce2902,1982,Peru,Goalkeeper,28.0
aee3fcce-2930-5671-a46e-b455ee73734e,1966,Mexico,Midfielder,24.0
aee3fcce-2930-5671-a46e-b455ee73734e,1970,Mexico,Midfielder,28.0
e9060e55-9a88-5028-81bd-dad5498f7e27,1950,Uruguay,Defender,26.0
541a94a0-6f16-556c-9395-e1ba927347ff,2002,Argentina,Midfielder,28.0
bf5b70a3-a01b-5df4-a01e-6158e76cd1d5,2006,Costa Rica,Defender,26.0
fa8aff3d-c116-53b8-ace6-b473c69c7133,2006,Argentina,Midfielder,25.0
30cf4fe3-7983-5d7b-8033-ccdf76bbb875,1974,Uruguay,Defender,24.0
86729503-bbee-5803-80eb-7f20c7de7112,2010,Chile,Forward,26.0
b5c54ac9-b8a1-555c-9949-52c7dc75d4d8,1950,Uruguay,Defender,25.0
620d3ec1-b5e1-57e8-81c4-ef6c34caeb95,1970,Peru,Midfielder,27.0
9d4ef107-a74b-5882-9b51-3ba36dff858f,1974,Chile,Defender,24.0
1e5ce656-b93d-509a-ad8c-ac7cd94deceb,1962,Uruguay,Defender,23.0
d82c3fbe-11c7-5454-8a76-55dec5bde15a,2014,Uruguay,Midfielder,30.0
2ce62645-53d9-5377-b739-dfc6c04b3508,1990,Costa Rica,Defender,20.0
2f1a89bd-f7d5-5997-a531-cef3e51b5108,1966,Uruguay,Defender,30.0
2f1a89bd-f7d5-5997-a531-cef3e51b5108,1962,Uruguay,Defender,26.0
2920c56b-2fe2-5911-a86c-480e45283a3a,1998,Brazil,Defender,32.0
408fdbaa-2131-5826-8da5-80f0487427df,1998,Jamaica,Defender,26.0
29b8a090-ed98-540b-b25c-5a775cb1230c,2010,United States,Defender,28.0
046c681b-ea28-5548-b289-046b9019c9b9,2022,Australia,Forward,31.0
3c9715d1-4c42-57bb-a1a2-4fe96295395b,2002,Belgium,Midfielder,29.0
f449eb1b-d85a-50bb-83fa-18b4f80fc68a,1998,South Africa,Goalkeeper,28.0
f8451b05-5b4f-50ca-bd74-121481bfdbad,1990,Scotland,Goalkeeper,26.0
f8451b05-5b4f-50ca-bd74-121481bfdbad,1986,Scotland,Goalkeeper,22.0
d12f2ba1-986a-51b0-b752-c1f52ca0e4cd,1974,Bulgaria,Goalkeeper,24.0
43d6b57d-9aaf-5343-b7ee-8cf3774e1577,1986,Spain,Defender,29.0
43d6b57d-9aaf-5343-b7ee-8cf3774e1577,1982,Spain,Defender,25.0
110010c2-6328-5e02-8b76-ee8f99e1aeb6,2018,Germany,Midfielder,23.0
110010c2-6328-5e02-8b76-ee8f99e1aeb6,2022,Germany,Midfielder,27.0
92599acb-4372-588d-8de0-0bd05f14a9aa,1986,Iraq,Midfielder,25.0
1ecf05fd-d214-5414-adcb-2dfe7c8f6017,1978,Poland,Defender,29.0
1ecf05fd-d214-5414-adcb-2dfe7c8f6017,1974,Poland,Defender,25.0
0b51f79a-0027-545c-8455-587069d0c93e,1970,Italy,Forward,24.0
57720f33-17db-5058-9712-a22c10a07b0a,1994,Russia,Defender,33.0
f85015e6-5490-55b8-ba09-27403addb7d4,1990,Soviet Union,Defender,29.0
d30eb2a1-3368-5f72-a055-adc3e22b0ce8,1970,Romania,Goalkeeper,26.0
e32537c4-8b51-5614-9e3f-5798380fcf4e,1934,Spain,Forward,25.0
c6e0b03b-a783-5840-91a9-ca88fa72be20,1978,Peru,Midfielder,22.0
77a6d1b2-d05b-5a2b-bfe9-ae84fe89089b,1986,Bulgaria,Midfielder,29.0
72d84472-ba7a-54c0-848f-545db17ac8d9,2010,Ivory Coast,Midfielder,27.0
8a19a9b9-3bdd-5e99-8e5d-e08b98a0527f,1966,Switzerland,Midfielder,25.0
1ce283f9-c17f-57ab-8515-7e7a2b060638,2022,Cameroon,Midfielder,25.0
af80ef0b-0d78-503f-87d9-9eb6ae2ca7ed,1990,Scotland,Defender,28.0
af80ef0b-0d78-503f-87d9-9eb6ae2ca7ed,1986,Scotland,Defender,24.0
7c2eae88-a8a9-5fd5-a1c6-2cdef6fd3a2e,1998,Scotland,Goalkeeper,30.0
82950388-eccf-52b7-9b01-52c7473f62c4,2010,France,Midfielder,24.0
c63d1aa5-60ea-5b6a-a05e-0ee2d292ef42,1998,Yugoslavia,Midfielder,29.0
80e0c369-02ea-5ebb-87e4-00a5bbc8ba95,2010,France,Forward,31.0
80e0c369-02ea-5ebb-87e4-00a5bbc8ba95,2006,France,Forward,27.0
ffd0cfdb-cef6-5419-b43f-972934ee66a8,1994,Argentina,Goalkeeper,31.0
ffd0cfdb-cef6-5419-b43f-972934ee66a8,1990,Argentina,Goalkeeper,27.0
2ef39461-eb7f-5d8d-a3dc-d878753def83,1970,Peru,Goalkeeper,23.0
b0bd29ce-71a4-5aad-9182-a98b59a68d58,1934,Netherlands,Forward,25.0
7b859028-27d3-5643-829e-c356dea9399e,2022,Poland,Goalkeeper,23.0
ea0c7dd8-ebab-5858-b1ec-4db9bee17092,1966,West Germany,Forward,22.0
ea0c7dd8-ebab-5858-b1ec-4db9bee17092,1970,West Germany,Forward,26.0
ea0c7dd8-ebab-5858-b1ec-4db9bee17092,1974,West Germany,Forward,30.0
f52746ff-cb90-5687-9f4e-bc2cbeea5a8b,2014,Ivory Coast,Forward,27.0
90d6eaa7-bf5e-5675-b3af-97f8ad194d8d,2010,Brazil,Forward,31.0
41027d62-bcee-56f7-bda6-2f184556ca65,1958,Northern Ireland,Defender,33.0
7dd37653-a43f-5818-97ec-ebe90f3b19cc,1938,Sweden,Midfielder,24.0
c1c0a280-5c33-52b2-b634-845e2ca71a53,1970,Sweden,Midfielder,27.0
c1c0a280-5c33-52b2-b634-845e2ca71a53,1974,Sweden,Midfielder,31.0
2bacc145-91ba-5418-a81f-caab7e8a7eab,1934,Germany,Midfielder,26.0
053e5e30-c6e7-5b6f-9e3a-d0a30ebef68a,2014,Costa Rica,Midfielder,29.0
5c624c80-a5a0-5184-bdbf-f79e5f74d20e,2018,Russia,Defender,31.0
5c624c80-a5a0-5184-bdbf-f79e5f74d20e,2014,Russia,Defender,27.0
403323cf-4a5e-5e95-98da-1a76a2ca6f6d,1934,Sweden,Midfielder,
0a96e548-f5e9-56ad-96bc-6c850177b0af,2018,Sweden,Defender,33.0
3a323cb1-8928-509b-bca1-bdf45d9f4b47,1994,Switzerland,Forward,26.0
57b7b094-22c0-5647-bc5a-7743c488e852,1938,Switzerland,Forward,28.0
f30304bc-0ddd-5159-b2a8-8fdfc6d2b6a3,1954,Italy,Midfielder,22.0
e631f8ae-03a4-5e5c-aa2d-257589883afa,2002,Denmark,Midfielder,26.0
2fbe9f54-fe23-5d25-9186-101ff42019d4,2006,Trinidad and Tobago,Defender,33.0
52d95f2e-43ab-5876-b0c0-4e7ef10f211e,1982,Scotland,Defender,28.0
e6a266d7-00d1-5911-8073-5b9e993a7e5a,1986,Canada,Midfielder,25.0
daf5d8eb-597e-5cf5-ba38-9f4a1ad604c0,1978,Italy,Forward,26.0
daf5d8eb-597e-5cf5-ba38-9f4a1ad604c0,1982,Italy,Forward,30.0
c5fa540f-7350-5b0c-89e5-d37f46f44683,1966,Portugal,Midfielder,24.0
e03bebd0-8bd9-51ab-98ec-6a888bfef201,2022,Croatia,Goalkeeper,26.0
9339b57f-2f50-566b-9fb1-41a472e1cfcc,2022,England,Forward,27.0
c4f1a444-dc6b-5380-8656-cdc8d0c09ad9,1966,England,Forward,26.0
c4f1a444-dc6b-5380-8656-cdc8d0c09ad9,1962,England,Forward,22.0
d676e6b4-9597-5d40-b005-a68ee6785650,1950,Bolivia,Defender,27.0
ff87cdd6-ea0a-513c-b414-074b055ce9d8,2014,United States,Midfielder,19.0
83a6311a-f69b-549c-8fd8-620ad6a34c81,1954,England,Defender,30.0
53c3485f-7023-5e7f-a4d1-ffb542b64126,2010,England,Goalkeeper,30.0
d454fac3-81b0-594c-b1cd-463999540c3a,1958,Northern Ireland,Goalkeeper,26.0
0994b1e7-afda-5895-95da-e46b4314ac1c,2010,Australia,Midfielder,31.0
0994b1e7-afda-5895-95da-e46b4314ac1c,2006,Australia,Midfielder,27.0
90cd1f99-2003-51a2-a7b8-c64f3f6a3baa,1958,Sweden,Forward,38.0
aab2b89f-b110-5acb-9a1e-74de67edbc93,1990,Sweden,Defender,27.0
ed791075-2b6f-53e7-b1a9-8e2526e9c98c,2010,Switzerland,Defender,31.0
ed791075-2b6f-53e7-b1a9-8e2526e9c98c,2006,Switzerland,Defender,27.0
b0e9893a-85a2-5be7-b3fc-19822921599c,2018,France,Forward,27.0
b0e9893a-85a2-5be7-b3fc-19822921599c,2014,France,Forward,23.0
b0e9893a-85a2-5be7-b3fc-19822921599c,2022,France,Forward,31.0
c376d659-3553-5be8-ab0b-c735c93ecbdc,1990,Czechoslovakia,Forward,29.0
0b34f2f8-1cec-55b7-a749-7d70115d6a6b,1970,Bulgaria,Forward,25.0
0b34f2f8-1cec-55b7-a749-7d70115d6a6b,1974,Bulgaria,Forward,29.0
2f4b682b-45e3-5f32-9f3f-ec43f851de9c,1934,Belgium,Forward,32.0
59022868-1f3c-586b-bff1-c26e138c9fcc,1954,France,Defender,29.0
92f44191-6df7-531d-be1a-1173d65884e9,1970,Sweden,Defender,29.0
92f44191-6df7-531d-be1a-1173d65884e9,1974,Sweden,Defender,33.0
1ecf0fbe-aad8-578c-b96c-7419f0c1a791,1934,Argentina,Goalkeeper,20.0
4a187900-e474-5e69-9f0d-a64c67c3067f,1966,Switzerland,Defender,33.0
4a187900-e474-5e69-9f0d-a64c67c3067f,1962,Switzerland,Defender,29.0
7687988b-108f-5631-b63f-0e263bc694c9,1994,Norway,Goalkeeper,30.0
7687988b-108f-5631-b63f-0e263bc694c9,1998,Norway,Goalkeeper,34.0
8fadfe73-d38a-5b8a-ad83-937d53cac1c1,2018,Poland,Midfielder,30.0
8fadfe73-d38a-5b8a-ad83-937d53cac1c1,2022,Poland,Midfielder,34.0
a06b6fb6-a26e-5d41-b788-9212010e5173,1954,Hungary,Goalkeeper,28.0
a06b6fb6-a26e-5d41-b788-9212010e5173,1958,Hungary,Goalkeeper,32.0
a06b6fb6-a26e-5d41-b788-9212010e5173,1962,Hungary,Goalkeeper,36.0
82dc87b3-9ac6-5c5a-857a-2827872108ea,2006,Italy,Defender,29.0
33e805d4-91e1-5df4-9771-0162c5f0635f,2014,Germany,Defender,26.0
b972b260-e939-5430-8565-bd79b9dc5f58,2014,Ecuador,Midfielder,19.0
b972b260-e939-5430-8565-bd79b9dc5f58,2022,Ecuador,Midfielder,27.0
b288f8a6-ba8a-5c5f-9359-f31b7b44c0be,2018,Serbia,Midfielder,22.0
b288f8a6-ba8a-5c5f-9359-f31b7b44c0be,2022,Serbia,Midfielder,26.0
f529e453-ba3e-532b-a978-f240f614b926,2006,Czech Republic,Defender,26.0
21868d00-8d52-5d93-ac1f-5772f03d057b,1962,Spain,Defender,30.0
f7ef1a9e-4c15-56f2-949c-4879d4fc77de,2010,Denmark,Midfielder,33.0
f7ef1a9e-4c15-56f2-949c-4879d4fc77de,2002,Denmark,Midfielder,25.0
63790632-5ee0-591c-a13f-fc5ab04c5be6,1994,Belgium,Defender,32.0
63790632-5ee0-591c-a13f-fc5ab04c5be6,1990,Belgium,Defender,28.0
63790632-5ee0-591c-a13f-fc5ab04c5be6,1986,Belgium,Defender,24.0
73f6f3d2-b0f8-5db1-8f26-87cc4819a353,1994,South Korea,Defender,30.0
73f6f3d2-b0f8-5db1-8f26-87cc4819a353,1990,South Korea,Defender,26.0
4200c873-00ee-5084-92ba-847bdfc5ca34,2014,Ecuador,Defender,33.0
4200c873-00ee-5084-92ba-847bdfc5ca34,2006,Ecuador,Defender,25.0
9780531c-9f7e-5106-bf9b-fe291809cfe6,1934,Italy,Forward,24.0
56e5304d-49c9-5858-b6dc-3cbaf0f8b80d,2018,Mexico,Midfielder,32.0
56e5304d-49c9-5858-b6dc-3cbaf0f8b80d,2014,Mexico,Midfielder,28.0
56e5304d-49c9-5858-b6dc-3cbaf0f8b80d,2022,Mexico,Midfielder,36.0
56e5304d-49c9-5858-b6dc-3cbaf0f8b80d,2010,Mexico,Midfielder,24.0
56e5304d-49c9-5858-b6dc-3cbaf0f8b80d,2006,Mexico,Midfielder,20.0
e65acc1f-cc25-5001-9397-8564bb2ebb93,1994,Spain,Midfielder,23.0
9a184738-1a55-55cf-9c00-3e9bcf1c48e5,1934,Italy,Forward,29.0
5496fa27-903c-5b50-babe-4d23cf0834f5,1966,Italy,Defender,28.0
c85996bc-af81-524e-b34a-f14ebb0389bd,2014,Colombia,Midfielder,28.0
40255639-0fef-5544-937e-802bc7fa0a09,1986,Paraguay,Midfielder,25.0
ebb22a33-ae33-5dfd-9ffb-c0631fb885fd,1982,Yugoslavia,Midfielder,22.0
87f498f8-09a6-5823-8543-b134b17547b9,2022,Serbia,Midfielder,31.0
6836f97e-1d6a-5f68-8263-deba3fff466b,2022,South Korea,Forward,24.0
38925d1d-4a73-5204-810c-1a2ff93dad61,2018,Portugal,Forward,22.0
d8b05dca-57fc-5922-879b-267ba15d2f62,2010,Algeria,Midfielder,25.0
b2675712-f836-55de-937d-2358a2e73ac4,2006,Tunisia,Forward,25.0
9829d535-cf08-5184-ab87-d72fd4438fff,1986,Algeria,Defender,33.0
9829d535-cf08-5184-ab87-d72fd4438fff,1982,Algeria,Defender,29.0
7b892b83-55fb-540b-85ab-3d2a828a3016,2022,France,Midfielder,23.0
11ba0a4f-64c7-5f90-8c4b-2f1806759d66,1950,Bolivia,Forward,23.0
18373958-82c5-5b29-9187-8643469559cb,2018,Portugal,Defender,25.0
18373958-82c5-5b29-9187-8643469559cb,2022,Portugal,Defender,29.0
73bd5594-c71f-5f10-9a26-79cd6473df75,1994,Spain,Midfielder,20.0
73bd5594-c71f-5f10-9a26-79cd6473df75,1998,Spain,Midfielder,24.0
97c37900-1dd5-5ccc-8fa7-630a38da5530,1990,Colombia,Forward,23.0
e84b8042-5371-5baa-99d8-d99ec2cba8f8,2018,Peru,Forward,34.0
cdc2a767-8fa5-5a9d-ae98-ed18ed9f30dd,2002,Ecuador,Defender,26.0
2510ba5c-ab0c-5a2d-b532-3b9350ac555d,2010,Honduras,Midfielder,34.0
36f00a49-18a7-597e-8b55-234176ae288e,1950,Mexico,Midfielder,
0d2fcf8c-8e85-541d-854f-9afbb21804da,1982,El Salvador,Goalkeeper,21.0
89658e3e-15aa-5099-8f4b-39cae16f5c1f,2018,Senegal,Midfielder,29.0
89658e3e-15aa-5099-8f4b-39cae16f5c1f,2022,Senegal,Midfielder,33.0
bf9e912c-a167-5273-a3d1-5947e74e82f5,2022,Senegal,Midfielder,23.0
59357eb5-9cb6-5bd0-b8d0-27bf8dad11c5,2018,Sweden,Forward,26.0
87f7700c-e239-5958-90fc-766aebc56af0,2002,Uruguay,Midfielder,27.0
3a58c03a-8e2c-58cf-a5ab-2aeebe5c2fea,2022,Spain,Defender,22.0
9be2c321-ab88-51a8-aeb2-91d516fc1123,1978,France,Midfielder,33.0
78803324-2381-5bc2-af5e-65a691f1be01,1990,Costa Rica,Midfielder,31.0
9c839ae5-4aa7-52e6-9a25-6bb02acd960f,2022,Brazil,Midfielder,25.0
b715aa40-1843-5d47-ae77-e91e0c0967ea,1938,Switzerland,Midfielder,24.0
b715aa40-1843-5d47-ae77-e91e0c0967ea,1934,Switzerland,Midfielder,20.0
3ed09eed-bc68-5a00-bd0f-bf899191e77d,1998,France,Forward,28.0
84ee1ddc-8b75-50be-82d2-5a1746064167,1978,Hungary,Goalkeeper,27.0
e24e5634-01e1-5fa7-8293-1ee1a51c203c,1990,Netherlands,Midfielder,28.0
2409a990-ec4b-5991-822c-0b88b217eb13,1954,Hungary,Goalkeeper,23.0
5bdba127-ec21-5b21-b427-e624837aa2d6,2022,Poland,Defender,24.0
fd548861-5ee0-531c-929a-2ffffa1eb4ef,1990,Scotland,Goalkeeper,27.0
3390daff-a97f-53c2-ba39-2f4d26a48c37,2018,Iceland,Midfielder,29.0
8f7a7bfc-0183-5645-9b9e-39f0a4a44852,2022,Wales,Defender,33.0
f9993f5e-2a33-5e89-a5ca-c061d6a83c87,1958,Soviet Union,Forward,21.0
f9993f5e-2a33-5e89-a5ca-c061d6a83c87,1962,Soviet Union,Forward,25.0
b1b69862-8137-5142-b980-0d0e4ad27454,2014,Brazil,Midfielder,27.0
f2b4b1bb-d629-5daf-a15d-412613dd2fec,1958,Sweden,Defender,30.0
084ffc08-3203-50a7-9894-b33cc0a1fcf8,1934,Sweden,Forward,27.0
d3f895a0-947c-5941-b7c2-67f1c8e2801d,1974,Poland,Defender,25.0
3c96bfd1-ff7e-598d-a5d3-2d70dff76ced,1950,Bolivia,Forward,25.0
3292e8ea-8ec5-5509-8da9-e46d46b7d21d,1958,Mexico,Forward,25.0
9a57a6a1-705b-5711-a97f-f1f79010888d,1950,Bolivia,Goalkeeper,25.0
0bec96de-22d6-5cdf-b43f-f76c50408889,1982,Honduras,Defender,28.0
b853620b-6d62-5ae0-a475-4e6c12f2b871,2014,Chile,Midfielder,24.0
fa1fc12a-76ec-52b2-b5c0-5886d19b45ea,2010,Argentina,Midfielder,27.0
eac87728-75f9-5dc2-893d-c5a3b1b13e00,2018,Costa Rica,Defender,29.0
7cd4d1df-e0a8-53d4-bee4-20d45aae0c65,1950,Mexico,Defender,30.0
3e1545be-fdcd-578d-b003-26d0ca64cccf,1958,Mexico,Forward,27.0
b25c2adb-8796-590d-b217-a23c5b876ad1,1982,Peru,Midfielder,26.0
c40da763-22d8-5e17-9d05-bd5646d8a710,1990,Uruguay,Defender,28.0
c40da763-22d8-5e17-9d05-bd5646d8a710,1986,Uruguay,Defender,24.0
16ceefa2-c0d9-55a8-bb46-4f1cdfaac85a,1994,Mexico,Defender,28.0
d47f0254-548c-5065-9dbe-9fcfaa335961,2014,Colombia,Forward,29.0
4ff6701e-ae80-55ad-8943-867939d66389,2018,Mexico,Midfielder,23.0
4ff6701e-ae80-55ad-8943-867939d66389,2022,Mexico,Midfielder,27.0
ea2227b8-6b4e-5c3c-8ffd-24445b887405,2014,United States,Goalkeeper,30.0
ea2227b8-6b4e-5c3c-8ffd-24445b887405,2010,United States,Goalkeeper,26.0
ee899b50-6886-518f-a935-d12f63f78397,1978,Spain,Midfielder,25.0
bfe9ebb3-8214-56f7-9236-52c2197ed2a8,2018,Costa Rica,Midfielder,28.0
f262ba38-5361-5cb8-b17b-04dad938d6f6,1970,Mexico,Defender,25.0
59d98630-90cc-5206-be2b-a3f8dd784649,2018,Argentina,Goalkeeper,32.0
87922815-e1ac-5db9-b991-2d74bfa02929,2018,Iceland,Midfielder,21.0
5a6ea5a4-fb04-578c-98fa-b10c2f44118e,2018,Iceland,Midfielder,28.0
36ab7d14-983c-579b-bb04-67ed33fd4d7d,2022,Croatia,Defender,20.0
25acf578-7d54-5b0c-9ef7-60287405b645,2014,Ghana,Forward,29.0
25acf578-7d54-5b0c-9ef7-60287405b645,2010,Ghana,Forward,25.0
25acf578-7d54-5b0c-9ef7-60287405b645,2006,Ghana,Forward,21.0
197ed80a-9087-5f9e-8edb-cbbbc376004c,2006,Switzerland,Forward,25.0
ac603186-18e6-5d3c-b6c1-2ebffb984fc1,1950,Switzerland,Defender,30.0
98c3e7db-6fc1-5e2b-a367-8aa1c120196e,1994,Romania,Midfielder,22.0
98c3e7db-6fc1-5e2b-a367-8aa1c120196e,1998,Romania,Midfielder,26.0
6ead5c6e-ee84-5500-9bc6-18ec6721adcb,1950,Sweden,Midfielder,29.0
1a069141-4ce6-5d33-bb11-56a1d74bcb66,1966,Hungary,Goalkeeper,22.0
fde6dd31-12ed-5ee1-a28e-400c3c833f7c,1966,Brazil,Midfielder,25.0
fde6dd31-12ed-5ee1-a28e-400c3c833f7c,1970,Brazil,Midfielder,29.0
cb698f87-2cf9-584d-a88b-9d89a45a6f4f,2018,Iceland,Midfielder,30.0
b4852719-c728-5965-bd00-76fb3a636a96,1970,Uruguay,Forward,26.0
db938f3c-37df-53f6-8863-c46273f6d859,1978,Mexico,Defender,26.0
1218328c-e5a2-5117-ad5e-86b872049871,2006,Paraguay,Goalkeeper,34.0
4d174640-f8c6-5cd0-b3d4-3d407607784d,1994,Colombia,Midfielder,35.0
4d174640-f8c6-5cd0-b3d4-3d407607784d,1990,Colombia,Midfielder,31.0
618f8a4d-269b-5f57-94f5-106d0c48e7d7,2018,Panama,Midfielder,34.0
7abf767a-7358-55f9-a0de-26386d358447,1990,Colombia,Defender,27.0
26bc3ff3-bfbb-5001-93cd-93a3d987707d,1950,Mexico,Defender,26.0
8f0f78a9-ece0-5cbd-89d4-4bc20f69e7f5,1930,Bolivia,Forward,23.0
85607b2f-9e81-5036-9dae-5c1479ca308a,1958,Mexico,Goalkeeper,29.0
85607b2f-9e81-5036-9dae-5c1479ca308a,1962,Mexico,Goalkeeper,33.0
02924510-c48e-5e2c-9072-82b1888444cc,1974,Uruguay,Forward,25.0
77d8460d-3169-57a7-9096-c74a4ac9b1a6,1954,Mexico,Defender,30.0
f960a705-75a8-5928-9ef2-3f5d177596cb,2002,Ecuador,Midfielder,30.0
49db5d6b-1365-54c8-8a85-52de7f685bf7,2018,Germany,Forward,33.0
49db5d6b-1365-54c8-8a85-52de7f685bf7,2010,Germany,Forward,25.0
61d12cd3-57ec-59fe-97b9-a48ea2f6b472,2018,Uruguay,Forward,22.0
61d12cd3-57ec-59fe-97b9-a48ea2f6b472,2022,Uruguay,Forward,26.0
19f54fd9-07b8-5322-8103-9589c1b9774a,2022,Argentina,Midfielder,34.0
fb75f75e-4619-546c-bcbd-69722e8ed2e4,1990,Costa Rica,Midfielder,25.0
cb0f7fde-257a-574b-a495-bfe09f8f10ca,2002,Costa Rica,Forward,27.0
cb0f7fde-257a-574b-a495-bfe09f8f10ca,2006,Costa Rica,Forward,31.0
6e42e7ad-8b0e-540f-8d55-eb155e103e89,1930,Peru,Forward,24.0
6447acbd-842c-5810-aff9-1faf8a9c202f,1938,Poland,Midfielder,22.0
440b4c91-57de-57b0-b500-409166b3cf5f,2018,Poland,Midfielder,26.0
abe9e291-6c32-5e80-b3d7-5e0458b7adaf,1990,Spain,Defender,32.0
86eff28d-4a40-54b5-ba30-711fd9277f7b,1962,Hungary,Forward,23.0
69436fee-0880-5452-9c72-cebb4c754b3a,2014,Germany,Midfielder,22.0
69436fee-0880-5452-9c72-cebb4c754b3a,2022,Germany,Midfielder,30.0
7c05d2f4-1713-5d42-b556-7c60522ac476,1982,Honduras,Forward,27.0
5993bef6-126d-5e82-b622-ce46fa27dbc6,1954,Turkey,Defender,22.0
28f9d79b-e834-5352-a27a-c92866a6cbc1,2018,Germany,Midfielder,28.0
28f9d79b-e834-5352-a27a-c92866a6cbc1,2022,Germany,Midfielder,32.0
016228ab-b848-572e-818f-a69decd76bfe,2022,Germany,Defender,29.0
ec863dfc-898b-5377-b846-a98832dfe8b3,2002,Poland,Defender,23.0
6b74b4d9-634f-569c-9b6e-ff10fa217728,2014,South Korea,Midfielder,29.0
eaa53b95-1542-5333-8a3c-a98945e1640b,1966,North Korea,Defender,24.0
246ca413-9f06-516e-9523-67f6c5ce075e,1994,South Korea,Midfielder,26.0
246ca413-9f06-516e-9523-67f6c5ce075e,1998,South Korea,Midfielder,30.0
83113e72-71c2-5e30-82c2-6360791a29ad,1978,Netherlands,Midfielder,30.0
83113e72-71c2-5e30-82c2-6360791a29ad,1974,Netherlands,Midfielder,26.0
102b59ea-f878-5d15-8ef9-5fb67f1fbb1c,1998,Austria,Forward,24.0
e59ea7d5-67bb-5ab7-9dba-0a6f6baa9c1b,1994,Morocco,Midfielder,27.0
025bec5e-4299-564c-b68f-d858e3c2b71d,1986,Canada,Goalkeeper,25.0
aa5bf592-3cdc-5b21-8684-bf5c1e96741e,1938,Poland,Forward,24.0
00a2b040-beda-5b68-a324-d18718d6727c,1998,Morocco,Forward,26.0
04597c71-3f46-50fa-9746-6f1d72c9f7de,2018,Tunisia,Defender,26.0
44879630-f74f-518a-9846-629c9a90dcd9,2014,Iran,Midfielder,31.0
2a4852e6-1420-5b3b-8f17-7ba50ae9509a,1958,Scotland,Defender,33.0
89537173-e69d-575e-9139-1eb78ce36c6c,1994,Morocco,Midfielder,23.0
89537173-e69d-575e-9139-1eb78ce36c6c,1998,Morocco,Midfielder,27.0
b76176d0-a3c6-5fe0-a96b-ee85600eac57,1974,Yugoslavia,Defender,29.0
2ef9d4d6-615e-575a-a4f3-cfaf26085936,1990,Yugoslavia,Defender,33.0
63554370-343a-5cb1-8b09-a6bc873ccec5,2014,Bosnia and Herzegovina,Midfielder,25.0
9cc954d7-cd50-5757-849a-c4d7e67ea45f,1970,Czechoslovakia,Defender,27.0
576be1cd-c2e1-5a9f-99fe-7075534cfc2c,1978,Sweden,Goalkeeper,31.0
576be1cd-c2e1-5a9f-99fe-7075534cfc2c,1974,Sweden,Goalkeeper,27.0
cdfe1366-f8ad-59ef-b43a-1f970d2973c2,2006,Tunisia,Defender,22.0
3d675840-965f-5f39-8a74-d07398086ca6,2014,Iran,Goalkeeper,26.0
2b5e2b64-abb9-50c9-99b3-55af251df28f,2014,Iran,Midfielder,25.0
c37b6d4f-ab8e-5fc6-a5f1-6ba445066cbf,1994,Romania,Midfielder,29.0
c37b6d4f-ab8e-5fc6-a5f1-6ba445066cbf,1990,Romania,Midfielder,25.0
c37b6d4f-ab8e-5fc6-a5f1-6ba445066cbf,1998,Romania,Midfielder,33.0
9129a9bb-2e9b-5803-b9f8-84bc61e2a510,1982,Austria,Forward,26.0
6a2df3ea-cce8-5338-ab3d-873c9d58fcd9,2010,United States,Goalkeeper,38.0
6a2df3ea-cce8-5338-ab3d-873c9d58fcd9,2006,United States,Goalkeeper,34.0
aa1aaaf0-b4eb-5689-8393-11117df9b6ed,1938,Germany,Forward,24.0
af6b78b0-3028-5017-a813-d06f2751b442,2014,Bosnia and Herzegovina,Midfielder,23.0
94f3666a-9fcb-5613-a7c5-54f3f469534c,2018,Iran,Defender,28.0
94f3666a-9fcb-5613-a7c5-54f3f469534c,2014,Iran,Defender,24.0
94f3666a-9fcb-5613-a7c5-54f3f469534c,2022,Iran,Defender,32.0
c6a42c2a-4d70-5ac7-8dd1-750f93e02005,1986,Hungary,Midfielder,25.0
441840b3-798a-5955-aade-1982fdbd7212,2002,Poland,Defender,30.0
c397c574-3d7b-5d82-befe-bdc1785e2356,2018,Morocco,Defender,20.0
c397c574-3d7b-5d82-befe-bdc1785e2356,2022,Morocco,Defender,24.0
4faeae5e-cd75-5f17-86c4-87ac9c8cbc17,1982,Yugoslavia,Forward,30.0
e29366ba-9708-5caf-a88d-060d3594cd17,1934,Egypt,Midfielder,24.0
9701a969-2c79-539f-9bc4-f91f7e8b69d8,1998,Jamaica,Forward,26.0
948cb36a-100b-5c65-ae37-098d12f936a5,1954,Austria,Defender,23.0
948cb36a-100b-5c65-ae37-098d12f936a5,1958,Austria,Defender,27.0
c2ca7fdd-2605-5b1c-a792-e541c7f9a5cc,2018,Iceland,Goalkeeper,34.0
da261846-3611-5865-aa94-2f33f8a125d1,1994,Norway,Defender,29.0
da261846-3611-5865-aa94-2f33f8a125d1,1998,Norway,Defender,33.0
9b3f65ab-e864-5a89-8ce4-c42566ca18ea,1934,Netherlands,Goalkeeper,31.0
9f33a8a5-02b8-5290-bede-e946023a7c13,1966,West Germany,Forward,27.0
9f33a8a5-02b8-5290-bede-e946023a7c13,1970,West Germany,Forward,31.0
9f33a8a5-02b8-5290-bede-e946023a7c13,1962,West Germany,Forward,23.0
01b74d0e-09ca-5b36-8055-5e46d2515133,2018,Iceland,Midfielder,34.0
650f6775-ca7a-5e16-acdf-a76d123eee5e,2014,Algeria,Defender,28.0
650f6775-ca7a-5e16-acdf-a76d123eee5e,2010,Algeria,Defender,24.0
4ce772be-97bd-5ce5-88d7-707b29c2e18d,2014,Australia,Midfielder,22.0
084bddd8-f1a7-5e1f-8eae-f424e94b116d,1978,Hungary,Midfielder,27.0
ee3d28b1-6d09-54cd-be5a-ed0d940c545d,1954,South Korea,Goalkeeper,24.0
7ecfaf5e-9346-5c6a-a9ec-cd2923292ac1,2002,Germany,Midfielder,29.0
7ecfaf5e-9346-5c6a-a9ec-cd2923292ac1,1998,Germany,Midfielder,25.0
c3f56912-ceaa-5015-9b70-4d903ce0ef0d,1974,East Germany,Midfielder,30.0
bd06a43b-376d-5eba-a458-5ae75be299c0,2022,Morocco,Forward,32.0
f0470243-28f6-5871-a3b3-eb40bb5297e1,2018,Egypt,Defender,23.0
09a265fa-abb9-5f4d-850f-8ba802160198,2018,Egypt,Midfielder,30.0
4d07046f-ce4e-5c3e-b9ab-9f696f2461d4,1998,Iran,Midfielder,24.0
74f75b41-ec17-592d-b726-37b394319379,1986,Iraq,Forward,23.0
5fc0eceb-0889-53e0-9cc4-f36b74937bc5,1970,Israel,Goalkeeper,24.0
8f6912e1-c563-5ec9-8d3f-a9a96e9e1511,1958,Austria,Forward,27.0
3a38ddbd-c21a-55ec-964c-6e220b708bcc,2010,Cameroon,Goalkeeper,37.0
95433979-694b-5ff2-b266-9946a1c97517,1934,Egypt,Defender,
6a315ec0-c431-5dfb-9e2f-da288f6d8c95,1958,Northern Ireland,Defender,25.0
913ef08f-0a59-5dd1-97de-aa3c0468f3a6,1986,Northern Ireland,Forward,29.0
913ef08f-0a59-5dd1-97de-aa3c0468f3a6,1982,Northern Ireland,Forward,25.0
bf31e236-3c28-5ac7-845f-07a2bf97635c,1954,Scotland,Forward,37.0
1911c28b-d7ba-5672-b332-c4773a25095a,1986,Iraq,Goalkeeper,28.0
324e7e7e-783a-57f0-96cb-65acdf04a64a,1958,Sweden,Midfielder,24.0
8294f1fe-c9a4-561c-9ea4-d9d7c28ebfab,2010,Slovakia,Midfielder,23.0
65053042-1c76-506f-a415-f4164543b52c,1966,North Korea,Midfielder,21.0
efd52298-6012-5b74-a0e4-c6a1848fb1fa,1954,South Korea,Defender,32.0
73879ca8-8968-5cf2-b719-0fce52a53a51,2014,South Korea,Midfielder,24.0
fb757e09-1d5c-514e-b4b1-a519cbcd3703,1954,Austria,Defender,25.0
fb757e09-1d5c-514e-b4b1-a519cbcd3703,1958,Austria,Defender,29.0
dc2c2ab5-1155-5be6-a753-12bb5da9d593,2010,Slovenia,Goalkeeper,32.0
1f60ef6f-2344-5994-938f-08d6ddc2681f,2010,Slovenia,Goalkeeper,26.0
3b2d9047-a0ec-56fc-b55b-436d41ec559c,2006,Germany,Forward,23.0
f60982a6-e889-56f4-93bb-7757101666af,1982,West Germany,Defender,25.0
058348d4-9495-5273-9097-dc847a8957d7,1986,Hungary,Midfielder,29.0
9febc9d9-6aaf-5379-89b4-2a02f4224068,1982,Scotland,Defender,27.0
8c3264f6-5a98-5bae-b3af-d5a151c46cef,1938,Norway,Midfielder,25.0
d75c6670-b2bc-5867-8faa-2693262184e6,1938,Sweden,Forward,27.0
a756fb36-dfbe-5fcc-a704-f58fb74184c6,2006,Sweden,Defender,30.0
3109d726-1a4d-5f6b-92fb-b08813f651a6,1994,Greece,Midfielder,28.0
48cdd7a4-8234-5991-bb7f-90d39f44a581,2002,China,Forward,32.0
80109956-3b34-5bb2-83d7-c0b8ad6e049f,1954,Austria,Defender,29.0
80109956-3b34-5bb2-83d7-c0b8ad6e049f,1958,Austria,Defender,33.0
a3d5032a-fbfa-597c-a00b-83fe527180c6,1978,Austria,Midfielder,26.0
b410ad80-8d2e-55ee-bce1-fefe6367ce8a,2018,Japan,Midfielder,27.0
8a51ef77-15d3-58fc-8e9f-f141e5be0507,1958,Sweden,Goalkeeper,30.0
e24e7429-da7f-5417-a3a4-bc4c5826e9f7,1974,Australia,Defender,28.0
de7bc486-bb24-57c4-8c3a-021cf17af9d6,2002,England,Midfielder,21.0
de7bc486-bb24-57c4-8c3a-021cf17af9d6,2006,England,Midfielder,25.0
87496580-8a71-5d38-a795-d0d1b7835423,1934,Germany,Defender,26.0
bde9aede-f5c0-56c5-9743-36b4b91d2cc6,2018,Morocco,Midfielder,21.0
6577ed26-83c5-5a20-9dab-71184c71131f,1934,United States,Defender,24.0
8797965d-8891-511a-b64e-aa82b02a7bf5,1994,United States,Midfielder,27.0
8797965d-8891-511a-b64e-aa82b02a7bf5,1990,United States,Midfielder,23.0
55bcac9e-a27b-5147-ae5a-0bb4d49903d3,1986,Algeria,Forward,30.0
1a2733eb-847e-55fc-9a15-8885c8ad98b9,1978,Scotland,Forward,30.0
67a26991-3879-5cea-bfc3-5958b575c63c,2022,Wales,Forward,24.0
fed30260-7e0d-5c40-aa8b-bc5a4b042027,2014,England,Goalkeeper,27.0
fed30260-7e0d-5c40-aa8b-bc5a4b042027,2010,England,Goalkeeper,23.0
01b2b5b2-c939-5bb7-a60c-48c592c03bd0,2002,Republic of Ireland,Defender,25.0
e72dbd48-501f-51b2-950a-2a28657b714d,1978,Scotland,Midfielder,28.0
e72dbd48-501f-51b2-950a-2a28657b714d,1982,Scotland,Midfielder,32.0
45a38954-4996-5418-aa78-c7534ded66d0,1938,Dutch East Indies,Defender,
4d82d457-5e48-57d0-91d4-91aa1398e55b,2010,Nigeria,Midfielder,20.0
6638bca1-de9b-5e7e-8912-524e0ac17f4c,1974,Scotland,Goalkeeper,26.0
5963285f-0084-52bb-837f-8757985699a5,2018,Japan,Midfielder,34.0
5963285f-0084-52bb-837f-8757985699a5,2014,Japan,Midfielder,30.0
5963285f-0084-52bb-837f-8757985699a5,2010,Japan,Midfielder,26.0
78384cc0-6b4e-5152-8018-302c2ca1b40e,2006,Iran,Forward,30.0
dd28724a-2a60-5371-9338-52a1b3c08310,1986,Iraq,Midfielder,26.0
cd6d0f8b-6e89-5ffc-9fbf-1c0d16a70e5f,1978,Tunisia,Forward,26.0
aa87c174-3a78-5d92-84a1-d4de9c8cd334,2022,Qatar,Midfielder,29.0
0c13610f-c9cb-500d-ac31-81a8339cdbb1,1990,United Arab Emirates,Goalkeeper,28.0
8099c6a1-efdf-5162-b53c-06e1a58e96d5,1990,Egypt,Forward,24.0
a1d5ea4e-ff80-5587-af07-706e663f569d,1990,Egypt,Defender,24.0
565a5047-1058-57c3-8dda-b442253cd316,1934,Egypt,Forward,29.0
00b74fef-1240-5f05-a6db-8c4383c85bf1,2022,Qatar,Goalkeeper,26.0
aae4ae74-1c2a-529d-b2ee-c8bf109b4d77,1998,Netherlands,Forward,26.0
a848bf0f-2a98-5c95-8963-2a430072b9b7,2018,Tunisia,Goalkeeper,23.0
a848bf0f-2a98-5c95-8963-2a430072b9b7,2022,Tunisia,Goalkeeper,27.0
ecf11062-6e6d-555f-9382-464c343e85f5,1934,Austria,Forward,24.0
7af76126-5533-54d6-ad78-1211b319ea22,1986,England,Forward,25.0
b8ca47e4-b318-5492-ab69-11db73c5e9e5,2022,Qatar,Midfielder,32.0
d338c001-5d61-549b-a3d5-158beba4d203,1978,Austria,Midfielder,30.0
d338c001-5d61-549b-a3d5-158beba4d203,1982,Austria,Midfielder,34.0
0a56b369-7d15-515d-9f31-43c51909de3e,2002,Japan,Defender,29.0
0a56b369-7d15-515d-9f31-43c51909de3e,1998,Japan,Defender,25.0
8895de6d-cc62-5e9a-91be-c621a085ddd9,1954,Austria,Forward,26.0
4001757b-06f5-5bd6-9b99-2ea31510634b,1966,France,Forward,27.0
77a92261-bf8e-5236-ad73-8dfefb673713,2022,Germany,Forward,23.0
914f2129-f8c0-5ad1-810e-297cdb2a4f55,2002,Turkey,Midfielder,32.0
691af12b-c3b9-5e83-9aea-0d7471bd1808,2018,Saudi Arabia,Defender,26.0
5e3b7b65-e16a-5325-8045-af9763f77995,2018,Saudi Arabia,Defender,33.0
667b4875-0c55-5edb-8d78-d936f1a267eb,2018,Saudi Arabia,Defender,34.0
247684d8-e5d8-5730-985a-9bb4e641e6e1,1974,Scotland,Midfielder,26.0
86caec5d-726f-54a2-9ff7-310e75d8d5ca,1954,England,Forward,20.0
86caec5d-726f-54a2-9ff7-310e75d8d5ca,1958,England,Forward,24.0
86caec5d-726f-54a2-9ff7-310e75d8d5ca,1962,England,Forward,28.0
3826fb70-8da7-50c7-9b18-33659f9be60b,2018,Belgium,Midfielder,27.0
3826fb70-8da7-50c7-9b18-33659f9be60b,2014,Belgium,Midfielder,23.0
3826fb70-8da7-50c7-9b18-33659f9be60b,2022,Belgium,Midfielder,31.0
c3ffa4e8-726c-5afb-83d7-5c0e68ecb150,2018,Belgium,Midfielder,25.0
c3ffa4e8-726c-5afb-83d7-5c0e68ecb150,2022,Belgium,Midfielder,29.0
a421fe74-3bfc-5f55-bbac-064f94a841c0,1970,Morocco,Goalkeeper,26.0
f4d8bbde-875c-58b6-912d-82d375c6ca97,1990,Czechoslovakia,Midfielder,27.0
2c9f3fa8-2479-5bb1-aa58-510ba4c45d62,1982,Northern Ireland,Forward,27.0
4c6b0047-699f-51f0-8fac-f4a70d76280e,2018,Germany,Defender,28.0
a9c0ec9e-0572-5ee9-aa54-48498c9c3bfe,1994,Sweden,Goalkeeper,21.0
a9c0ec9e-0572-5ee9-aa54-48498c9c3bfe,2002,Sweden,Goalkeeper,29.0
e22646f2-41da-5845-8d9b-65856608e535,2018,Egypt,Defender,27.0
dd119a15-4f53-583f-878a-b80f99d121fb,1998,Norway,Defender,23.0
78663538-c671-55c0-a1bf-e992339a36b3,1934,Germany,Forward,22.0
17983722-b17c-51f8-87c7-28174450c353,1998,Germany,Defender,29.0
d40ba2ad-d42d-5feb-a151-b7d690cd2500,2002,Denmark,Defender,39.0
d40ba2ad-d42d-5feb-a151-b7d690cd2500,1998,Denmark,Defender,35.0
12653e4d-9e52-5692-9c84-bddb16c6eba2,2006,Czech Republic,Forward,29.0
4ef11193-d7da-5cec-8d76-765c6771520c,2010,Argentina,Defender,32.0
4ef11193-d7da-5cec-8d76-765c6771520c,2006,Argentina,Defender,28.0
ce787ecc-0cc2-53e1-9dee-69c2b58d36e6,1938,France,Forward,24.0
a98fb38d-dd4e-5129-8967-8542e771a86d,2010,Netherlands,Defender,27.0
a98fb38d-dd4e-5129-8967-8542e771a86d,2006,Netherlands,Defender,23.0
115930f9-4537-5d7f-8c6c-45558a093200,1978,Iran,Goalkeeper,29.0
639e382b-0d10-55c3-9b93-4605b888f854,2002,United States,Defender,28.0
639e382b-0d10-55c3-9b93-4605b888f854,1998,United States,Defender,24.0
6d208dbd-34d8-51d9-adf8-b3a62d4c8bb6,2018,Sweden,Defender,25.0
bd99bee9-1dad-5ca2-ae1a-48231c73ed26,1966,West Germany,Forward,24.0
bd99bee9-1dad-5ca2-ae1a-48231c73ed26,1970,West Germany,Forward,28.0
1390567e-774b-5a72-9c91-19f9df2a8483,2002,Spain,Midfielder,27.0
50a90952-4c27-54b6-8368-9c87dd1296a8,1930,Belgium,Midfielder,23.0
50a90952-4c27-54b6-8368-9c87dd1296a8,1934,Belgium,Midfielder,27.0
67deb014-c8b9-5172-b00c-5e5ecd4219fc,1978,Sweden,Goalkeeper,29.0
67deb014-c8b9-5172-b00c-5e5ecd4219fc,1970,Sweden,Goalkeeper,21.0
67deb014-c8b9-5172-b00c-5e5ecd4219fc,1974,Sweden,Goalkeeper,25.0
babbe8ec-811c-50dd-9c58-86e928aad9b4,1994,Germany,Defender,29.0
babbe8ec-811c-50dd-9c58-86e928aad9b4,1998,Germany,Defender,33.0
847478d7-84fb-5ad3-8e86-4b54a8eee96d,2002,Denmark,Defender,31.0
847478d7-84fb-5ad3-8e86-4b54a8eee96d,1998,Denmark,Defender,27.0
139784f5-ba26-562f-a7cd-7c07175be8ea,1954,Czechoslovakia,Forward,28.0
d8925f93-c11f-5fb5-acd2-428fd49b0459,1990,United States,Midfielder,20.0
145e404c-cd5f-5670-aad8-43c71f6c745f,1954,Scotland,Forward,22.0
c37433ee-39cf-5988-b8e9-6254c8ec9298,2018,England,Midfielder,28.0
c37433ee-39cf-5988-b8e9-6254c8ec9298,2014,England,Midfielder,24.0
c37433ee-39cf-5988-b8e9-6254c8ec9298,2022,England,Midfielder,32.0
300d6690-28b8-5f95-a16e-3fd1e836600f,1998,Scotland,Defender,33.0
f5b8a0f1-93ff-56c5-a36c-059c21fa3e6a,2022,Wales,Goalkeeper,35.0
0968d790-51cc-56de-bd09-45a001892261,1938,Norway,Midfielder,27.0
a3bd7958-8816-5221-9149-ee34cb448130,2002,Denmark,Defender,33.0
a3bd7958-8816-5221-9149-ee34cb448130,1998,Denmark,Defender,29.0
d546058d-2a0d-5bdc-9b8a-079c1c3ceeb5,1966,Brazil,Defender,23.0
133add6f-9a33-5f4e-8e06-bd092f059e03,2014,Brazil,Defender,28.0
43a88840-08b6-51a6-bca3-7eda9a40f6d5,1938,Belgium,Midfielder,26.0
b866a057-04bd-5761-8ef9-92536686762e,2010,France,Forward,33.0
b866a057-04bd-5761-8ef9-92536686762e,2002,France,Forward,25.0
b866a057-04bd-5761-8ef9-92536686762e,2006,France,Forward,29.0
b866a057-04bd-5761-8ef9-92536686762e,1998,France,Forward,21.0
f928f814-9095-5633-9b3f-a055188f13ca,1998,Austria,Midfielder,31.0
9c7664f7-1687-5da4-ba31-e63a83cea8c5,1982,New Zealand,Defender,21.0
e6bd4d86-2915-5e63-8d14-6439ac9d8a4a,1966,France,Midfielder,21.0
3661f728-e7f9-5abf-bd38-9347edbb8e94,1966,France,Midfielder,27.0
9124f0e3-d14f-5c7e-87a2-12893161e0db,1986,Mexico,Goalkeeper,29.0
3195482c-5532-5225-a32e-9b4758279f37,1974,Argentina,Defender,23.0
c32c43e7-29e9-509d-90c4-06b76f28532a,1934,Belgium,Forward,28.0
cca97e78-6c52-5776-9ab8-046d3938bab1,1986,West Germany,Defender,31.0
7299c692-2590-5ad5-b00b-84cc08ae29b8,1958,West Germany,Goalkeeper,30.0
8d9419ce-279e-5fbe-b1e4-846c0cd4d786,1990,West Germany,Midfielder,30.0
a4700d38-cadc-5b0c-a00b-c807c5df5db2,1994,Mexico,Forward,30.0
a4700d38-cadc-5b0c-a00b-c807c5df5db2,1986,Mexico,Forward,22.0
50652b5b-dda4-5863-a12c-51b4aae6981d,1930,Brazil,Defender,22.0
98d63889-be23-57f5-8cb5-664e4cbb6ac3,2018,France,Defender,22.0
98d63889-be23-57f5-8cb5-664e4cbb6ac3,2022,France,Defender,26.0
cdc01cfe-ba98-5564-8c2c-73430cecc07e,2022,France,Defender,25.0
c2023191-ffb5-5af8-ba75-eb100e4a8bdc,2014,Brazil,Midfielder,29.0
acf3f080-9f42-52e9-bf8c-d08f60d1f494,2014,Uruguay,Forward,24.0
159d5391-6bf4-557d-ab34-813c106cef67,1958,Mexico,Midfielder,23.0
159d5391-6bf4-557d-ab34-813c106cef67,1962,Mexico,Midfielder,27.0
78875df6-292d-5cdb-8339-32c2e2d1df14,2022,Costa Rica,Midfielder,21.0
b747a3e8-79e8-54e4-8867-885075abd092,2006,Costa Rica,Midfielder,24.0
cb8b6d4c-afeb-5b59-a472-40f9bd90ebf8,1982,El Salvador,Goalkeeper,24.0
9d6f4c40-9a79-5741-908d-5ae17d271cf3,1982,El Salvador,Forward,24.0
ebe0fca4-9648-5bac-adc0-34ce51906c0d,1950,Mexico,Midfielder,26.0
29b9871e-affb-58db-afb8-145c1416c5c6,1966,Mexico,Defender,24.0
29b9871e-affb-58db-afb8-145c1416c5c6,1970,Mexico,Defender,28.0
cb8cd46f-c1bd-5137-bca2-37302e35f345,1962,Mexico,Forward,27.0
7d0b97ec-6b58-51cb-8768-27e247a954dd,1986,Mexico,Midfielder,25.0
f8eb718f-d397-5788-9d66-a4191abc65b1,2018,Mexico,Forward,30.0
f8eb718f-d397-5788-9d66-a4191abc65b1,2014,Mexico,Forward,26.0
f8eb718f-d397-5788-9d66-a4191abc65b1,2010,Mexico,Forward,22.0
30c559b3-7af1-50cd-bc5c-c2c3dbbcf55f,2002,Mexico,Forward,34.0
30c559b3-7af1-50cd-bc5c-c2c3dbbcf55f,1998,Mexico,Forward,30.0
37520ca0-a4cd-5aaf-a5d6-0f46c8231f4f,1982,Argentina,Midfielder,26.0
f10e1b68-fd20-5605-a3cf-9f84ec3a8fd9,1950,Spain,Forward,29.0
8d0f309c-c427-546e-bca4-88c8a7b924b6,1990,Colombia,Forward,25.0
ee9c16f7-9057-5a24-b98f-16ea6b57e813,2002,Belgium,Goalkeeper,28.0
93577f7a-3343-5547-af21-e9f81147b575,1994,Switzerland,Midfielder,29.0
ac223c3d-f3b4-5946-8675-d4f184bff8a8,2018,Mexico,Defender,28.0
ac223c3d-f3b4-5946-8675-d4f184bff8a8,2014,Mexico,Defender,24.0
ac223c3d-f3b4-5946-8675-d4f184bff8a8,2022,Mexico,Defender,32.0
8862f958-5764-5725-8ed7-98d4f75bdc62,2014,Chile,Goalkeeper,33.0
0bbe6c4d-e6bd-5527-8cf1-882663e6e522,1990,Uruguay,Defender,25.0
736f3a15-c3ab-57ee-94a3-d1232bb96ce5,1994,Colombia,Defender,32.0
736f3a15-c3ab-57ee-94a3-d1232bb96ce5,1990,Colombia,Defender,28.0
ed0c9122-a51a-55d2-a17d-dc5e538f073e,1962,West Germany,Midfielder,23.0
c9237ab0-0f52-5d25-a589-25972f0b9732,1954,West Germany,Forward,31.0
e5457876-5040-54e9-b6ef-43decd059aa9,1954,Czechoslovakia,Midfielder,25.0
e5457876-5040-54e9-b6ef-43decd059aa9,1958,Czechoslovakia,Midfielder,29.0
e4e77b5f-7355-5379-8e1a-8c0d40da31f4,1990,Austria,Midfielder,22.0
e4e77b5f-7355-5379-8e1a-8c0d40da31f4,1998,Austria,Midfielder,30.0
8da097d7-3f98-584d-8baa-1984ae603b5a,1974,West Germany,Midfielder,28.0
7870a8ce-5eff-5604-95db-d8a681586044,2010,England,Forward,32.0
7870a8ce-5eff-5604-95db-d8a681586044,2002,England,Forward,24.0
e51907d9-42f4-5893-8f92-eaacc00db0fc,1998,Netherlands,Goalkeeper,33.0
d63eeb6e-4b6d-58aa-b1d7-711fb87d31f1,1958,Scotland,Defender,31.0
3f55d5f0-3768-5b55-b3f5-653d8bbbe992,1958,Wales,Forward,30.0
a73b4a95-19ed-5c31-ac06-72b0d20bc829,2014,Iran,Defender,31.0
d81a62eb-febb-5048-973b-a1a3234aae78,1970,Belgium,Defender,29.0
55b6a940-1f38-5b25-abd3-db70561cf56f,1974,West Germany,Forward,29.0
3d77126f-dd19-5e46-9b22-e34b14cc53bc,1978,Austria,Midfielder,30.0
c382fd0b-8ac8-5213-a277-6180ed8cf5d5,1986,Paraguay,Forward,27.0
b31fba41-6cd6-5ab7-8ba4-abc9f0ccd988,1954,Hungary,Forward,32.0
b31fba41-6cd6-5ab7-8ba4-abc9f0ccd988,1958,Hungary,Forward,36.0
77e81e02-7752-590c-8a0c-06f828e29626,1998,Austria,Defender,25.0
d9f3f863-3b8b-5566-bf91-4b082799c172,1990,Netherlands,Goalkeeper,32.0
8f9205a5-ac35-5a6d-981f-313510e8a77f,1982,West Germany,Defender,23.0
eeb4eadb-5ff1-5396-9016-1114c1431539,1994,Spain,Defender,26.0
eeb4eadb-5ff1-5396-9016-1114c1431539,1990,Spain,Defender,22.0
eeb4eadb-5ff1-5396-9016-1114c1431539,2002,Spain,Defender,34.0
eeb4eadb-5ff1-5396-9016-1114c1431539,1998,Spain,Defender,30.0
303de653-d567-5d09-8942-50ad75072937,2018,Japan,Goalkeeper,32.0
84230533-2edd-5cfc-b6cb-3c440bee7514,2018,Argentina,Forward,31.0
84230533-2edd-5cfc-b6cb-3c440bee7514,2014,Argentina,Forward,27.0
84230533-2edd-5cfc-b6cb-3c440bee7514,2010,Argentina,Forward,23.0
62fa2b1c-fc85-5b5b-985d-d2028c5061eb,1990,Colombia,Goalkeeper,24.0
aaf007c5-9da1-57d8-be5f-c7eb43eb43d0,1934,Spain,Midfielder,29.0
33f2a794-f6c5-5412-b1e4-f9184a9c5d63,2006,Germany,Goalkeeper,27.0
7d32c720-8cf9-5533-99d5-253c4b4ff74e,2018,Sweden,Midfielder,26.0
d12dc663-8c9d-5da6-bfbd-b991077b238d,1982,New Zealand,Defender,32.0
037a6950-b3c6-5409-be25-781b0f83d408,1966,Portugal,Midfielder,27.0
92219821-3e6e-5739-b45b-92e00064b555,2022,Ecuador,Defender,20.0
25604d8c-65fb-50ce-a9e5-ed7d23453c6e,1982,Austria,Midfielder,26.0
891f80b4-092d-5490-a9b3-4a6f8ac3b819,2006,Angola,Goalkeeper,21.0
93199bb7-eb7a-58a9-819d-87a922b5b637,1998,Japan,Midfielder,24.0
654e51ea-1b98-5f72-81ad-c6184c421b21,2006,Trinidad and Tobago,Goalkeeper,37.0
f02ebb3e-89a9-5c68-bdd6-fe8b8f076541,1962,England,Forward,28.0
fc22b950-eae7-5d1f-8f5b-0cddb6b11214,2006,Germany,Midfielder,24.0
69305c71-9ce3-58b5-a082-3c15584fb7cd,1934,United States,Goalkeeper,31.0
acfe93bd-2705-5c1d-af36-4642a08f6554,1954,Czechoslovakia,Forward,29.0
20f4ca0e-d717-5ead-b285-65b7db5c96ca,1954,Czechoslovakia,Midfielder,25.0
f8212d34-826f-563c-8d19-2ce75174919e,1986,Morocco,Goalkeeper,25.0
89ad36e1-659d-562f-ae5c-e171efcaee77,1958,France,Midfielder,29.0
336964a3-bb30-503e-a436-f593b19d20f4,1934,Switzerland,Forward,
fe62cb4b-4a95-5801-bc96-9e824cc68a2f,1986,England,Midfielder,29.0
fe62cb4b-4a95-5801-bc96-9e824cc68a2f,1982,England,Midfielder,25.0
005fd96c-8706-5e39-8fb4-a0dce78b9c5b,1966,Chile,Midfielder,22.0
0a83cdce-8c53-5361-9d81-0a3fb29a0a4e,1990,England,Midfielder,28.0
0a83cdce-8c53-5361-9d81-0a3fb29a0a4e,1986,England,Midfielder,24.0
4e37f38c-e134-5a3f-8eac-f5a7be72c893,1958,England,Goalkeeper,22.0
4e37f38c-e134-5a3f-8eac-f5a7be72c893,1962,England,Goalkeeper,26.0
df906249-5a27-5cff-a388-b2b5632b7a88,1986,West Germany,Forward,33.0
64525fc6-f13f-5952-86ea-75f3aac3d4c3,1974,West Germany,Forward,22.0
19f564b4-dbf1-54b9-b635-1c85f6e59ee3,1974,East Germany,Forward,19.0
9b900032-86e8-5954-ad9d-9de95a618a4f,1958,West Germany,Midfielder,23.0
ce55c46a-47a5-575f-b1ea-8258cf1311a3,1934,Brazil,Defender,26.0
8697a6be-8cfe-5ed5-bcab-2928af35f7be,2022,Germany,Midfielder,30.0
dad6bf69-ac61-581e-b507-2a77f0caaab8,1934,Austria,Midfielder,29.0
2cfd7ff7-ea18-5982-afdc-c717692f3daa,1998,Norway,Defender,29.0
9473f87e-cbd8-5f0c-a991-0d7c4cac27df,1938,Netherlands,Midfielder,19.0
c17c9541-b768-5958-aada-b882313a107a,1954,Uruguay,Forward,28.0
722ac545-5bfc-50ee-8a8c-4bb3ccecee20,1934,Germany,Midfielder,26.0
08513f7d-4dde-59d1-a33f-33cf591e6b02,2022,Canada,Midfielder,32.0
0b09fccf-7459-55d2-b0be-6b6fc546af97,2010,United States,Midfielder,25.0
9f4872ad-d1b4-5222-bdab-21720eb0ad9b,2014,Greece,Defender,30.0
eaebb855-9de9-5cf8-b242-aa09ac2754ed,2014,Australia,Midfielder,25.0
95cd6593-9b64-57e0-b80a-556ef8d907fe,2002,Republic of Ireland,Midfielder,28.0
d14984e5-dc62-59c4-a6ee-7ac8dc600a45,2010,Australia,Forward,26.0
2edaf01b-1ceb-5953-b34f-b30beda5ab7b,1934,Sweden,Forward,28.0
583085f6-1f93-546c-8b89-2b289682d2f6,1938,Norway,Midfielder,24.0
9d3c5758-14fb-58e6-afd6-e717647746b3,1938,Norway,Defender,26.0
a6bc23a0-ea43-57c1-92aa-1f84f79cfdf2,2010,Slovakia,Forward,26.0
7baab524-dbb8-5144-8eb6-b7d723076f0c,1974,Scotland,Defender,23.0
5dda8623-05c3-5936-b719-6ef6f7dd9dc0,2018,Japan,Midfielder,32.0
5dda8623-05c3-5936-b719-6ef6f7dd9dc0,2014,Japan,Midfielder,28.0
5dda8623-05c3-5936-b719-6ef6f7dd9dc0,2010,Japan,Midfielder,24.0
f4c4149b-297d-5c24-b38f-48e0011e44ca,2018,South Korea,Defender,28.0
f4c4149b-297d-5c24-b38f-48e0011e44ca,2022,South Korea,Defender,32.0
a25ba1f2-8301-54ba-ab8a-ca2db16c7ae5,1954,South Korea,Goalkeeper,33.0
4cd8b418-17ea-5fec-a788-057788414171,2014,South Korea,Defender,25.0
57cda019-5723-50c3-b65a-c9d43cb4a66f,1994,South Korea,Defender,25.0
57cda019-5723-50c3-b65a-c9d43cb4a66f,1990,South Korea,Defender,21.0
57cda019-5723-50c3-b65a-c9d43cb4a66f,2002,South Korea,Defender,33.0
57cda019-5723-50c3-b65a-c9d43cb4a66f,1998,South Korea,Defender,29.0
51e0a8c4-a190-55a2-9ca0-78681cb94336,2010,North Korea,Forward,28.0
b35badb5-af81-5fba-9328-70ffa388b6f3,2022,Cameroon,Midfielder,24.0
8f9e874e-fc84-551b-859a-f50fcd96a378,1954,England,Forward,21.0
57d9c6c9-cd7c-558d-8b01-70983155678d,1958,Wales,Defender,24.0
dee5c0cc-5fd8-5030-9980-955457486e31,1958,England,Goalkeeper,23.0
2ec9ce78-dfb8-5dbb-9b83-997c206e0246,1958,Austria,Forward,27.0
5fe907c5-6021-5abc-a442-2f0899cd7236,1966,West Germany,Forward,29.0
4d34d469-e40b-5c5a-89dd-e19910785b69,1982,Algeria,Defender,29.0
b2df0e8e-426e-5591-84c1-7c2e7a3f2c7d,2022,Portugal,Forward,28.0
0bff8546-a99b-5d78-a452-376d60612a50,1954,Yugoslavia,Defender,28.0
0bff8546-a99b-5d78-a452-376d60612a50,1950,Yugoslavia,Defender,24.0
b1c715c4-0397-5300-8d04-72f5d42d9bda,2022,United States,Goalkeeper,27.0
41aeeade-dbf9-58de-b677-a829988ea849,1934,Austria,Forward,31.0
ecd6b19e-ead9-5fe0-8e51-42e81b186ac8,1970,Czechoslovakia,Defender,32.0
3d73032f-9313-562f-8d65-7361cb97c151,1938,Czechoslovakia,Forward,26.0
dde3c49d-1bc6-55cd-ba85-5c622cfb7426,1966,Switzerland,Forward,27.0
56a62fc7-98ce-5999-a739-9646ec38ac16,2022,Iran,Goalkeeper,30.0
86c30c32-2630-57c5-9e0f-8ba66aa48e6f,2014,Iran,Defender,32.0
6fca086c-5481-5f9a-8b6c-c8159a06d70e,2018,Iran,Defender,22.0
6fca086c-5481-5f9a-8b6c-c8159a06d70e,2022,Iran,Defender,26.0
bfe1c581-2653-513c-90d1-9d6c3c55ba2f,1994,Switzerland,Defender,27.0
e0fb0018-56bd-58a9-baa8-b1fbe073cea0,1954,Belgium,Forward,22.0
464ec021-a5f7-5598-93b2-db6688b34785,1994,Republic of Ireland,Midfielder,32.0
464ec021-a5f7-5598-93b2-db6688b34785,1990,Republic of Ireland,Midfielder,28.0
9a53ccc5-5801-5c59-b589-938c87f0d68f,1978,Argentina,Midfielder,25.0
9a53ccc5-5801-5c59-b589-938c87f0d68f,1974,Argentina,Midfielder,21.0
8d6bdabc-58bf-5667-8b4e-fc1659be3019,1978,Netherlands,Defender,28.0
30334dce-b37b-52a2-851d-b11faea4189d,1982,Soviet Union,Midfielder,27.0
dc8c3ec2-8e74-5055-aec7-5ed712e71426,1958,Czechoslovakia,Forward,27.0
95ccb07a-dda4-5603-a8ea-1d94451690d8,2014,United States,Goalkeeper,35.0
95ccb07a-dda4-5603-a8ea-1d94451690d8,2010,United States,Goalkeeper,31.0
95ccb07a-dda4-5603-a8ea-1d94451690d8,2006,United States,Goalkeeper,27.0
b05492cc-2be6-5fc0-80e2-c3f4a9ca646c,1958,England,Defender,23.0
b05492cc-2be6-5fc0-80e2-c3f4a9ca646c,1962,England,Defender,27.0
97b49574-e414-5cde-871d-46e07a4b3d74,1930,Belgium,Defender,30.0
290fe60b-bbc8-5975-9f5a-5a32f02405de,1990,Colombia,Defender,28.0
38298dbe-30bd-58ad-8f20-cffbc8bdab26,1970,Czechoslovakia,Midfielder,27.0
6553fc82-2738-5328-b4f9-2b66176e57cc,1998,Bulgaria,Midfielder,25.0
d5efba71-0ada-5052-a43b-02f87c9414bf,1970,Czechoslovakia,Defender,25.0
4e7dab78-4bdb-5125-b3db-b3ea9fa4a4af,1930,Yugoslavia,Midfielder,22.0
c92ce033-db3e-50a1-9bb0-1edad04a8c4b,1982,Yugoslavia,Defender,27.0
25941e13-9444-535e-94fb-84543cecf062,1982,West Germany,Forward,31.0
ee495f53-560d-5e99-aaaf-8a0b8dbbfb31,2022,Australia,Midfielder,26.0
d9ca84b8-94fe-5a91-a4dd-eba59a8b5f4d,1982,Czechoslovakia,Goalkeeper,28.0
7ea1143c-6bfb-5b2c-9635-f631f6a5972b,1938,Dutch East Indies,Defender,
8e021903-0694-5f64-adb3-8fda3c63e853,1994,Bulgaria,Defender,30.0
52fcd09a-c31e-5d55-b723-4271631f972a,1938,Switzerland,Goalkeeper,25.0
52fcd09a-c31e-5d55-b723-4271631f972a,1934,Switzerland,Goalkeeper,21.0
63556fec-35ef-5467-97c1-75b1402a74e7,1982,El Salvador,Midfielder,26.0
34d67108-bb62-54a9-ad74-5fb3c33d4696,1934,Switzerland,Midfielder,21.0
ddc48bbd-4360-5eee-9868-ac49ce70562f,1950,Switzerland,Goalkeeper,27.0
7f3fc8f1-6f0a-5181-af32-826a2227ab65,2010,Switzerland,Midfielder,33.0
1c4d47d9-3a69-5740-8add-4066e6c03da8,1970,England,Midfielder,23.0
3ac02755-7020-5bcc-8a8e-a8cb7b299873,1950,England,Defender,26.0
22605201-7ef9-5fbd-aa0e-6b4dccb3d3e4,1986,Northern Ireland,Goalkeeper,22.0
661f06a6-e9f9-5b79-bf61-2ec3208bed56,1990,Republic of Ireland,Defender,32.0
3468b018-a8e0-5174-a494-dc0d5201aac9,1986,South Korea,Midfielder,31.0
8a92d1a6-7872-5d6e-aabe-22614669cd9f,2014,Brazil,Forward,28.0
3de9755e-7ee0-51b0-bf4d-7fdaf654b988,1934,Sweden,Goalkeeper,24.0
1c7ee3f1-c12c-511e-b94a-9a2f8fdc14f8,1954,Brazil,Forward,20.0
1a1232b2-c845-5c04-9bca-98eef2c4c695,2018,Germany,Defender,30.0
1a1232b2-c845-5c04-9bca-98eef2c4c695,2014,Germany,Defender,26.0
0a957de4-47b3-5486-8468-6c40e85b8c43,1966,England,Forward,28.0
0a957de4-47b3-5486-8468-6c40e85b8c43,1962,England,Forward,24.0
9d207795-8b84-58fd-9c84-6082ea13c366,2014,Netherlands,Forward,31.0
9d207795-8b84-58fd-9c84-6082ea13c366,2010,Netherlands,Forward,27.0
81838b16-753f-5aa2-9bc9-a733e621d7d5,1966,England,Defender,23.0
81838b16-753f-5aa2-9bc9-a733e621d7d5,1970,England,Defender,27.0
1bbb56d9-1b86-5bfb-8928-450222411144,1966,England,Forward,25.0
1bbb56d9-1b86-5bfb-8928-450222411144,1970,England,Forward,29.0
8364ff4f-13c8-56b6-8d51-cb9b61681e1b,2002,Ecuador,Defender,28.0
8364ff4f-13c8-56b6-8d51-cb9b61681e1b,2006,Ecuador,Defender,32.0
5b7280a5-c5a5-5715-b17d-096838dc1247,2018,Peru,Midfielder,28.0
bbcfb48e-c070-53b9-adec-13c993552e32,2002,Argentina,Midfielder,28.0
25cc1cfc-35d4-5269-8d13-9d3d0119b5d0,2006,Ukraine,Midfielder,34.0
0312e68e-fdd5-5904-a71c-25eb19300696,1990,United Arab Emirates,Defender,25.0
8cc2fec7-6677-5df6-8a2e-75b91ff3f90f,1986,Iraq,Midfielder,25.0
3f373f4a-751c-5405-aafa-cea6ca404734,2006,Ukraine,Midfielder,23.0
7021ac8a-d3a1-5fbb-b707-721801bb8726,2022,Canada,Midfielder,39.0
7e94856c-d49f-5fa9-b0c0-050eea841d39,1974,Scotland,Midfielder,27.0
22a354d2-ccea-5c15-bd88-ce01d4d0402f,2006,Germany,Defender,22.0
1eafdb49-5ddd-5891-ac95-34f8a065a322,1954,Belgium,Defender,26.0
aa57f32b-5cbd-5d31-be07-37e6a8907743,2018,South Korea,Midfielder,22.0
aa57f32b-5cbd-5d31-be07-37e6a8907743,2022,South Korea,Midfielder,26.0
c21acd4f-07f0-5719-82cb-a21374c88dbe,2014,South Korea,Defender,25.0
9c6df43a-2450-5242-9228-e470b32fb61d,1994,South Korea,Forward,26.0
9c6df43a-2450-5242-9228-e470b32fb61d,1990,South Korea,Forward,22.0
9c6df43a-2450-5242-9228-e470b32fb61d,2002,South Korea,Forward,34.0
9c6df43a-2450-5242-9228-e470b32fb61d,1998,South Korea,Forward,30.0
e8027334-cdd8-5cf8-a978-0ec11ad07d9a,1990,South Korea,Midfielder,25.0
44f88a71-3efb-5ef2-b9bf-f2d5edd283b0,1990,Sweden,Defender,31.0
6e0feb4c-b1f8-5fe0-8779-f5b881a03021,2002,South Korea,Defender,23.0
342f8d71-4087-5929-ae0c-99e3e8280014,1938,Hungary,Goalkeeper,27.0
342f8d71-4087-5929-ae0c-99e3e8280014,1934,Hungary,Goalkeeper,23.0
7de4b701-1c89-5a0d-badf-52dca7b536b7,1994,Germany,Midfielder,28.0
7de4b701-1c89-5a0d-badf-52dca7b536b7,1998,Germany,Midfielder,32.0
a29bb0dd-a91f-55ec-ad82-f320d4751cbf,1990,West Germany,Midfielder,24.0
db4a5904-0f73-548c-a5c0-3bae9ee4eedb,1958,Sweden,Midfielder,31.0
66324b99-6f0f-5ac9-8809-f0139315873b,1994,Norway,Defender,22.0
b89690c2-1810-5e57-a986-cf55c1e82e6d,1938,Brazil,Forward,26.0
5e6d39a1-2c06-5261-90e1-add65e2d7996,1978,West Germany,Forward,32.0
5e6d39a1-2c06-5261-90e1-add65e2d7996,1974,West Germany,Forward,28.0
07a71eef-dd0e-571b-8115-82fd2a1681b2,1990,Austria,Midfielder,24.0
e667508d-0a9f-5426-827f-bbd799db9d80,1966,West Germany,Defender,23.0
e667508d-0a9f-5426-827f-bbd799db9d80,1970,West Germany,Defender,27.0
e667508d-0a9f-5426-827f-bbd799db9d80,1974,West Germany,Defender,31.0
6bc86ff1-0ee8-5658-958c-3fa960cc0768,2014,Germany,Defender,26.0
794548b4-8380-5a57-9b81-9a1aaaaa1106,1998,Denmark,Defender,32.0
fe339354-03ba-5ddc-980a-30b5fda90af7,1986,Denmark,Goalkeeper,27.0
84b64dbc-f679-59d9-b4e4-cb6bf0df752b,2022,Denmark,Midfielder,27.0
9ec6452a-820a-50b9-950e-efe78ce214d2,1954,Switzerland,Forward,24.0
b26fc2bc-4b92-550f-9c45-4732811776d4,1990,Czechoslovakia,Forward,28.0
65f1f3cd-9d4d-5005-a3d1-1ab18cff97ab,1934,Spain,Forward,22.0
4989ff76-153b-5463-93d8-9bd6bf77a90a,2010,Italy,Forward,31.0
4989ff76-153b-5463-93d8-9bd6bf77a90a,2006,Italy,Forward,27.0
7d0f584b-acd1-5817-a23f-a213674cb751,2014,Colombia,Forward,24.0
7c666175-9074-567d-ae6e-84afdac41106,2002,Ecuador,Goalkeeper,33.0
6f0f12b9-b5bd-5876-b429-70d3d434f3e5,2014,Ecuador,Midfielder,23.0
ba71f5ae-66b7-5540-bcda-45e75bab84cd,2022,Ecuador,Midfielder,28.0
7cd206eb-daf0-537c-b41d-8e6b890e43db,2014,Bosnia and Herzegovina,Forward,30.0
b23cfec1-685a-5471-9a52-968ea944dcc8,1986,Iraq,Defender,26.0
24b84794-1df4-5aaf-93fd-504e3d423416,2002,Sweden,Forward,21.0
24b84794-1df4-5aaf-93fd-504e3d423416,2006,Sweden,Forward,25.0
66762fb2-f791-55f0-8ec4-cf20b16dd9fd,2014,Bosnia and Herzegovina,Midfielder,29.0
1ea8da59-cb44-5cc9-81a2-4a287b00d122,1950,Chile,Forward,20.0
8bcd3c0c-ff8b-5285-a3f9-103e0c8a56ac,2006,Spain,Defender,25.0
6944960e-243a-5603-b669-3a4a42fc393b,2002,Japan,Midfielder,22.0
1823a43f-32ba-5882-bf37-623f72579811,2010,Nigeria,Forward,22.0
805c2349-60ed-5f8b-803d-c48711efca14,2018,Nigeria,Defender,26.0
2f4d8390-8b4c-5094-9f82-5e7e12956778,1994,Saudi Arabia,Forward,22.0
3052f0ff-8198-5aa2-8997-5388d38e073c,2010,Cameroon,Forward,30.0
bd9108ad-6c8f-5e72-8bc5-ba9d8e93c1ad,2022,Tunisia,Defender,32.0
92fbda18-885e-53fb-9d41-e344adf74378,2018,Nigeria,Forward,29.0
02427a57-3df9-52e8-8f5f-73da761c0e15,2018,Russia,Defender,39.0
02427a57-3df9-52e8-8f5f-73da761c0e15,2014,Russia,Defender,35.0
2051fe3a-4ef3-516f-854b-8cd9a7a1cf44,1950,Spain,Forward,30.0
a2e16d6f-ec6a-51ea-9506-744a167d8653,1990,Colombia,Forward,33.0
535f8998-7d60-560b-be29-30078a944993,1998,Japan,Defender,31.0
8ba1d861-f1a5-54c9-9116-e365245482dc,2018,Nigeria,Forward,22.0
74b51d8a-e0e5-53f7-83ba-7c48ab935ad9,1966,Hungary,Defender,25.0
74b51d8a-e0e5-53f7-83ba-7c48ab935ad9,1962,Hungary,Defender,21.0
41d89aff-3224-5622-9d6b-3918bbe9f841,2002,Nigeria,Midfielder,22.0
0adb063f-499f-5f58-9e6e-8e243e4d0b68,1994,Nigeria,Forward,21.0
0adb063f-499f-5f58-9e6e-8e243e4d0b68,1998,Nigeria,Forward,25.0
e1bd2cef-2a58-5f46-8a09-7fb01403ad9f,1938,Norway,Forward,25.0
6fde2180-a416-55f1-8b16-3613a8581457,1998,Romania,Forward,24.0
7bf1d139-b1ce-58d6-9078-432d5169f42c,1962,Bulgaria,Forward,26.0
e8df36e0-80ae-5e2f-8832-0e7838dd6fda,1998,Bulgaria,Midfielder,30.0
61cbf2cb-003e-515b-a71b-09990cbc4522,1994,Bulgaria,Defender,30.0
9a61244c-1856-5767-9bbc-474b8207dbba,2010,Slovenia,Defender,27.0
b9d670f9-73f2-5034-b08d-a6bdac13ac40,2022,Serbia,Midfielder,21.0
b6b295ec-1db9-5c48-801e-91ba3186a7be,2006,Serbia and Montenegro,Midfielder,29.0
f62c62aa-9383-53d7-ae44-690bed0c95fb,1958,Hungary,Goalkeeper,25.0
f62c62aa-9383-53d7-ae44-690bed0c95fb,1962,Hungary,Goalkeeper,29.0
36eb2d8a-4ba1-5788-a392-f952af6f352e,1994,Germany,Goalkeeper,27.0
f2e55b5e-3c89-5f08-9e0e-9db7ba65ad09,1990,West Germany,Goalkeeper,23.0
0bab22af-0d4e-50af-88f8-692a44f83f2a,1974,Zaire,Defender,25.0
51d8469f-547a-5927-b477-766f74f3d4d7,1958,Soviet Union,Forward,27.0
4a55fd41-8ead-5152-8f5d-930f2f14b614,1966,North Korea,Midfielder,20.0
7af2f1e4-4cd8-502f-bab5-7c02e3354f10,1958,Scotland,Forward,26.0
f3333857-bed9-5884-b985-840fb525f5f1,1986,West Germany,Goalkeeper,26.0
f3333857-bed9-5884-b985-840fb525f5f1,1982,West Germany,Goalkeeper,22.0
e2c330e3-8e0c-520d-b61d-b5197afaedc5,2014,Italy,Forward,24.0
d5737d5f-1bad-5d24-a963-16a247325d2b,2022,South Korea,Midfielder,26.0
2d906b3d-0e4b-5513-a482-5fe0848b1b19,2010,Japan,Midfielder,31.0
2d906b3d-0e4b-5513-a482-5fe0848b1b19,2002,Japan,Midfielder,23.0
2d906b3d-0e4b-5513-a482-5fe0848b1b19,2006,Japan,Midfielder,27.0
daed7aca-69a3-5329-9eff-c1d35f886119,2006,Trinidad and Tobago,Goalkeeper,34.0
b64cbec4-5e4a-5cdc-84f9-8a2ab45fcfde,1998,England,Midfielder,31.0
828a80dd-9d36-5539-a1c5-2cb542b4b472,1950,Chile,Forward,22.0
83b3ff82-ba72-5c30-aed6-58415a987c50,1958,Argentina,Forward,34.0
8b25067a-99c9-5f48-b481-1e0a86abccb8,2018,Iceland,Defender,25.0
c50aa3f3-baf7-51f6-a43c-244057aac5b5,1994,Sweden,Midfielder,26.0
c50aa3f3-baf7-51f6-a43c-244057aac5b5,1990,Sweden,Midfielder,22.0
6d906822-b293-5958-ad28-035170d80222,2018,Spain,Midfielder,34.0
6d906822-b293-5958-ad28-035170d80222,2014,Spain,Midfielder,30.0
6d906822-b293-5958-ad28-035170d80222,2010,Spain,Midfielder,26.0
6d906822-b293-5958-ad28-035170d80222,2006,Spain,Midfielder,22.0
3526b2c3-09bc-5f92-992c-bccb96bd6c34,2014,Ghana,Defender,25.0
3526b2c3-09bc-5f92-992c-bccb96bd6c34,2010,Ghana,Defender,21.0
9cccfe5f-0988-5208-9418-8d63ec4355dc,2014,Switzerland,Midfielder,30.0
9cccfe5f-0988-5208-9418-8d63ec4355dc,2010,Switzerland,Midfielder,26.0
6e262074-8e9e-5611-9988-9acde8fd91f5,2014,Japan,Defender,31.0
34ffa8d6-c318-5a25-8913-b8745c934b79,1958,Paraguay,Forward,23.0
a201c744-2695-5676-80b1-4bf0779f7dfb,1958,Paraguay,Forward,23.0
c9a91652-ff21-5b7c-a5aa-bf0e6b8bb749,2014,Italy,Forward,23.0
239b187c-1da8-5988-bf16-98b2cbd78007,2018,Japan,Midfielder,30.0
3e511f93-08a7-503a-be58-6f97933928f3,2002,Italy,Forward,29.0
3e511f93-08a7-503a-be58-6f97933928f3,2006,Italy,Forward,33.0
3e511f93-08a7-503a-be58-6f97933928f3,1998,Italy,Forward,25.0
e043e3ab-39d9-5b9b-abf5-6a76be342403,1986,Portugal,Defender,31.0
e91309f0-5c93-54af-8577-549146d18620,1986,Canada,Midfielder,23.0
02881ba7-5996-510d-9dd4-ed5d03878b64,2014,Russia,Forward,25.0
8656842f-49c0-5443-937c-a1c3b48e9fcf,1998,Cameroon,Forward,25.0
1e52521b-364a-5bc2-a91c-8eeb8fcb8f44,1934,Spain,Forward,22.0
4535b9e7-7d0f-5757-94bc-c0be3913fa0f,1934,Argentina,Forward,19.0
0e19f0f6-1e53-5b01-ad8a-9a2fe0886607,1930,Uruguay,Forward,28.0
a657b130-06ce-54c0-bfd9-c2c11b69c9d5,1966,Spain,Goalkeeper,23.0
615ef561-dd13-5ad3-b51a-70bb635199fa,1974,East Germany,Midfielder,28.0
edd58235-2650-5174-9413-e929b362345d,1994,Nigeria,Defender,25.0
edd58235-2650-5174-9413-e929b362345d,1998,Nigeria,Defender,29.0
60b10d46-2685-5efa-bb03-95949f71f490,1958,Yugoslavia,Goalkeeper,24.0
d3cca438-df4a-51f4-8f19-43fc23534010,1966,Argentina,Goalkeeper,28.0
9b617354-2202-50f4-a073-1b60077c3c72,2018,Australia,Midfielder,25.0
9b617354-2202-50f4-a073-1b60077c3c72,2022,Australia,Midfielder,29.0
d3f476fc-9d77-591f-ad67-dd457554976b,1994,Republic of Ireland,Defender,29.0
41ac01a2-a92c-5c19-ae14-afba8e068e20,2010,Serbia,Goalkeeper,30.0
3e0cd450-4236-596a-8e7f-ab7fd9115538,1938,Norway,Forward,28.0
8ce9df9a-dd3e-57c5-a38e-ef7ce9d18cd6,2002,Sweden,Goalkeeper,21.0
8ce9df9a-dd3e-57c5-a38e-ef7ce9d18cd6,2006,Sweden,Goalkeeper,25.0
72c81678-e180-5730-9fee-e159028a7134,1986,Paraguay,Forward,31.0
3a6fe832-fc24-52a3-b600-bb806d579b7a,2018,Spain,Midfielder,26.0
163c9f45-20f7-5ef3-9485-dcf413d57711,1938,Belgium,Forward,24.0
8498027a-d3ce-5820-98e3-77b3f459d6af,1982,Brazil,Midfielder,29.0
522861e2-dd80-5b8a-be03-5f3d3e19c788,1978,Mexico,Forward,26.0
9fd06754-52b5-5403-b317-3a196b8c0bc7,1986,Bulgaria,Midfielder,24.0
4e0ea840-03b3-5c2e-b587-3b9e2bbf70fd,2014,Chile,Midfielder,26.0
4e0ea840-03b3-5c2e-b587-3b9e2bbf70fd,2010,Chile,Midfielder,22.0
c7d75554-0af7-5a83-9455-e412a6cc80a0,1994,Argentina,Goalkeeper,29.0
c7d75554-0af7-5a83-9455-e412a6cc80a0,1986,Argentina,Goalkeeper,21.0
7cdd524a-fce3-5f18-8196-fda821950278,1990,United Arab Emirates,Midfielder,25.0
77f7783c-acbb-5f20-8d92-5f9cc57da4fd,1974,Netherlands,Defender,32.0
c96239c1-03d2-51a1-a596-b03d4ae88676,2002,South Africa,Defender,27.0
c96239c1-03d2-51a1-a596-b03d4ae88676,1998,South Africa,Defender,23.0
fa9da073-44f1-5370-bd8a-c9d00166abd4,2022,Ghana,Midfielder,18.0
4f0c34ac-3cae-590d-a75a-c8de876f0225,2022,Japan,Defender,25.0
f07c6f1b-8e14-5669-9831-5dd19ff78a4f,2014,Cameroon,Goalkeeper,32.0
c7691a16-301f-5bb9-8f04-9e05214663b3,2022,Japan,Defender,23.0
f3cbbaaf-045e-53cc-bbc8-3d58f5d02c87,2022,Japan,Midfielder,29.0
cc89a2ac-889a-546c-9b65-c871a7efd588,1998,Japan,Midfielder,24.0
19baeae0-b0ee-50ef-a88d-5d9cfef395ed,1930,Brazil,Defender,23.0
d70775cd-6179-568d-ba84-ff6910eb3ac0,2002,Italy,Defender,29.0
9f2bcaf6-da86-5ad4-b802-551fb73baaa8,1994,Romania,Forward,25.0
34a0ba13-04ef-5323-929f-93120055ecb6,1958,Soviet Union,Forward,30.0
cce4cbb8-5374-5c41-a91e-68d5b12e66c0,1998,Bulgaria,Forward,22.0
6dcb31c3-1fe8-5690-b15b-015f7eb0290d,1962,Bulgaria,Goalkeeper,20.0
fde60e6a-a52b-518d-86bf-2c9833eb9ca0,1994,Bulgaria,Defender,29.0
fde60e6a-a52b-518d-86bf-2c9833eb9ca0,1998,Bulgaria,Defender,33.0
c3a55f0c-af27-50ce-bacc-d1c7dd66ff90,1958,Soviet Union,Forward,24.0
c3a55f0c-af27-50ce-bacc-d1c7dd66ff90,1962,Soviet Union,Forward,28.0
47f79dbb-32db-5fb8-aca6-8d5eadfae43a,2018,Serbia,Defender,34.0
47f79dbb-32db-5fb8-aca6-8d5eadfae43a,2010,Serbia,Defender,26.0
e580347a-462c-51ec-a74b-b20736f014ea,1974,Bulgaria,Midfielder,28.0
5d6581a9-4b72-5979-bbbe-0d4094707f3c,1930,Yugoslavia,Defender,24.0
94a4a064-0dc9-50e7-9f7b-7e8eccb767f4,1990,Yugoslavia,Goalkeeper,30.0
fa2f3136-537b-5b53-b6fe-263934ffd959,1962,Yugoslavia,Midfielder,31.0
16a88a0c-b277-59df-a74b-385383a9bda4,2022,Croatia,Goalkeeper,27.0
6904c1af-5145-5dd0-a809-1252b53f5820,1970,Romania,Defender,28.0
d2a4a77c-748d-5790-b28d-3c5f51a13a4b,2010,Japan,Defender,28.0
28b39e04-99f7-581b-a2ae-e9156b1f36b2,1978,Poland,Forward,19.0
28b39e04-99f7-581b-a2ae-e9156b1f36b2,1982,Poland,Forward,23.0
2dbd2ada-6353-5316-937f-a72dfcd80135,2018,Nigeria,Forward,22.0
d17ba324-b10e-54dc-825e-2742da0a99eb,2014,Honduras,Defender,28.0
d17ba324-b10e-54dc-825e-2742da0a99eb,2010,Honduras,Defender,24.0
957dce38-1233-5c9c-be22-822b692236a3,2002,Russia,Midfielder,20.0
5866abac-843c-51b7-8df2-7295abe29210,2018,Colombia,Forward,26.0
6901ae64-b97f-5531-97cc-c23ef3550766,2002,Turkey,Midfielder,28.0
7137be2e-c9f5-5ce0-a0d1-7701b50f2b64,1934,Argentina,Forward,
c5e4ecad-c86e-5430-9094-f7ffb2c9415f,1998,Tunisia,Defender,25.0
72de0c3b-86a7-59c8-96a4-3081fa124735,2022,Morocco,Midfielder,31.0
9fc33309-79ca-5267-b3c2-90ec1ff9af14,1934,Switzerland,Midfielder,27.0
974155cc-466c-5845-bf74-54238e8a5e48,2006,Trinidad and Tobago,Goalkeeper,30.0
d29681b2-d579-5107-a2e1-ad8890d2b539,1998,Scotland,Forward,32.0
3d8e1411-8eeb-522e-ae6d-bbbbf27a293c,2022,Senegal,Forward,21.0
dd1efcd5-dc62-5684-a9b8-be3381aba2c9,1998,South Africa,Defender,26.0
9a357dfe-2152-530c-9285-03096b555737,2010,Denmark,Defender,31.0
990c5e7b-651c-57de-aef8-af468d41cbe1,1938,Sweden,Midfielder,24.0
8745ec1d-b7f4-57c6-a4a8-178bf7a254c2,2014,England,Defender,32.0
aba886a6-30f3-533c-b2e6-40ba09a111b3,2018,Iran,Midfielder,25.0
aba886a6-30f3-533c-b2e6-40ba09a111b3,2014,Iran,Midfielder,21.0
aba886a6-30f3-533c-b2e6-40ba09a111b3,2022,Iran,Midfielder,29.0
599b3c69-9fa2-5755-a4bd-778323f3a630,1978,Iran,Forward,28.0
1c9aa21f-b14b-5d6f-b10c-68c9bd88d49a,1990,Costa Rica,Forward,24.0
e90b7ad6-4aec-5116-b386-323fe57374b8,1950,Brazil,Forward,29.0
df7e95f2-669e-5d66-a9d7-99afeae3c90a,1966,Brazil,Midfielder,22.0
df7e95f2-669e-5d66-a9d7-99afeae3c90a,1970,Brazil,Midfielder,26.0
df7e95f2-669e-5d66-a9d7-99afeae3c90a,1974,Brazil,Midfielder,30.0
c85fe41a-b144-5bbc-9ae2-538f0005d910,2022,Croatia,Midfielder,25.0
4d05a48a-9e2a-5777-b3a2-aae05849b0d3,1938,Germany,Goalkeeper,30.0
4d05a48a-9e2a-5777-b3a2-aae05849b0d3,1934,Germany,Goalkeeper,26.0
0ff2060b-b6aa-5a3e-9caf-bd74741689df,1986,West Germany,Defender,33.0
b3c365f6-418f-5fd9-84dd-dd56e21a0685,2022,Senegal,Defender,23.0
a648ef29-00d9-52cd-8fee-a7dec5a11f0d,1994,Norway,Midfielder,29.0
a648ef29-00d9-52cd-8fee-a7dec5a11f0d,1998,Norway,Midfielder,33.0
fe856757-0ef4-5c5b-ab0e-4491a24d6ced,2002,Sweden,Defender,30.0
e304eda6-79e9-50c0-baba-32503e5fff87,1982,Czechoslovakia,Defender,26.0
bf90de8d-4e1d-59fb-9a0c-28ecdb10c562,2010,Slovakia,Forward,30.0
0ec43b09-700a-55d2-9181-84d689aae228,1974,Poland,Forward,28.0
0d76cade-4f72-5586-8c5c-e4a3f3f12372,1930,Yugoslavia,Goalkeeper,21.0
094fc497-2d9a-5ed2-bc9e-95705d70611e,2022,Iran,Defender,24.0
d57fdd5e-2b0e-50a2-b097-2e81bf8355eb,2006,Netherlands,Defender,28.0
f1007201-c337-5c53-a423-9e4aa8a1de3a,2006,Angola,Defender,29.0
422c30d7-a08e-5271-8d68-74bf3ee2af03,2022,Wales,Forward,25.0
bccbecb4-58a4-5e30-a816-0bc19000c0b7,2010,England,Goalkeeper,40.0
bccbecb4-58a4-5e30-a816-0bc19000c0b7,2002,England,Goalkeeper,32.0
bccbecb4-58a4-5e30-a816-0bc19000c0b7,2006,England,Goalkeeper,36.0
1f7d57f4-822e-5f35-9930-ab757cabbbad,1986,Canada,Midfielder,23.0
a644cd4e-f0da-5a80-9866-be84c0d349dd,1982,Northern Ireland,Midfielder,24.0
6074640a-d4b4-52af-9224-b72d91276fe2,1994,Saudi Arabia,Defender,24.0
6074640a-d4b4-52af-9224-b72d91276fe2,1998,Saudi Arabia,Defender,28.0
696d7b87-2d58-53dd-95a2-a8e6bb24dc47,1982,Poland,Defender,29.0
af645808-a8f5-54b5-b5a0-95c1a1c15455,2002,Germany,Forward,28.0
0f62fc56-526a-5143-ab2f-365a84bfa35b,1934,Austria,Defender,30.0
5e590b0f-fcda-50c3-9936-3401e0437541,1938,Germany,Defender,26.0
5e590b0f-fcda-50c3-9936-3401e0437541,1934,Germany,Defender,22.0
ed0271e9-1683-5338-a889-cf333f86674c,1982,Czechoslovakia,Forward,25.0
de70118c-4f9b-5a0c-bd20-4f8c4b636aa9,1998,South Korea,Defender,23.0
c08633bb-51f0-570c-8cb4-ff5c850c7881,2018,South Korea,Defender,27.0
46724b51-d255-5ddc-8ce8-f3d468130ab6,1998,South Korea,Defender,26.0
88610e2c-c56a-536f-bd0a-f7c517edd938,1966,Italy,Defender,29.0
88610e2c-c56a-536f-bd0a-f7c517edd938,1962,Italy,Defender,25.0
ad066270-09bd-5614-9717-674e5120b04d,2006,Czech Republic,Defender,29.0
109b1700-57fd-57a4-a09b-44f22b6fb16a,2014,Netherlands,Defender,25.0
3c4f7f2d-0ee4-500f-80d7-70a553c9304f,2010,Germany,Defender,25.0
3c4f7f2d-0ee4-500f-80d7-70a553c9304f,2006,Germany,Defender,21.0
f77f6152-4964-5692-b2df-234faf0631bd,1978,Netherlands,Defender,32.0
f77f6152-4964-5692-b2df-234faf0631bd,1974,Netherlands,Defender,28.0
e816b438-4500-5446-91be-3c08dc06ed3e,2022,Netherlands,Forward,28.0
fb69d5ff-54eb-59ad-b3b6-102b46f472d2,1970,Belgium,Forward,25.0
0c84a052-ee0f-5d93-84de-103e0403f562,1934,Sweden,Forward,27.0
8bb53c41-34d2-59b7-b362-79d8979c30a8,2018,Sweden,Defender,27.0
28f18b94-0d87-5860-8d19-dcfc80b1c001,1990,Sweden,Midfielder,22.0
708dceda-fde4-5f75-a105-e5f750ee6925,2018,Belgium,Midfielder,23.0
708dceda-fde4-5f75-a105-e5f750ee6925,2014,Belgium,Midfielder,19.0
a25e2010-5e03-527d-8142-4f4404eff79c,1978,France,Defender,25.0
a25e2010-5e03-527d-8142-4f4404eff79c,1982,France,Defender,29.0
84ebfb8b-ab53-57d0-86e8-53c22afe370c,1990,Costa Rica,Forward,31.0
e74c1705-2eea-5c85-9086-6cdc6a5a3f8d,1966,Mexico,Forward,25.0
9c4de2ed-bc63-59bf-8cf0-7c75fd4cddfa,1990,Costa Rica,Defender,23.0
c819f11e-a58a-51ab-ad02-54898114d0cd,2014,Chile,Defender,29.0
c819f11e-a58a-51ab-ad02-54898114d0cd,2010,Chile,Defender,25.0
6771c0e1-1743-51d9-b4c9-9f985804ce4f,1978,Austria,Midfielder,28.0
6771c0e1-1743-51d9-b4c9-9f985804ce4f,1982,Austria,Midfielder,32.0
0a04ce94-29e4-5452-bc71-28f1d645d1eb,1950,Paraguay,Forward,20.0
ccc3812e-efef-58de-aa6f-4377bebce6fd,1978,Scotland,Defender,30.0
ccc3812e-efef-58de-aa6f-4377bebce6fd,1974,Scotland,Defender,26.0
5dd118ff-e5d2-56c8-922c-45bf5a2159a1,1970,Morocco,Forward,26.0
bfca0860-a9c5-5110-9996-4c8818bfe6b0,2002,Croatia,Defender,34.0
bfca0860-a9c5-5110-9996-4c8818bfe6b0,1998,Croatia,Defender,30.0
d7110c90-6e18-525a-b251-1b472d3406bc,1990,Yugoslavia,Midfielder,22.0
1574f005-6575-5a78-b19a-ccd769232553,2006,Czech Republic,Midfielder,27.0
70264aba-ec92-5816-a4c6-cf72c2b79300,2022,Switzerland,Midfielder,20.0
794940b4-0709-5f4a-bd3b-44e05a3a1572,1938,France,Midfielder,25.0
b6183c23-8676-52e1-b791-1a69bf909100,1986,Iraq,Goalkeeper,26.0
9766be9d-243a-5e57-b3ed-92b28822afb0,1962,Mexico,Forward,27.0
f0ea9d82-1505-5939-ad7e-9364ba8d198b,2022,Tunisia,Forward,29.0
f5f47ef5-e27c-58c0-9cd3-e075a91a9df6,2002,Tunisia,Forward,24.0
f5f47ef5-e27c-58c0-9cd3-e075a91a9df6,2006,Tunisia,Forward,28.0
f9a12ec2-3baf-5991-9d67-232ef9702891,2002,Tunisia,Defender,27.0
f9a12ec2-3baf-5991-9d67-232ef9702891,2006,Tunisia,Defender,31.0
390fc32f-ce2e-5018-8b29-e67029567e36,1938,Brazil,Defender,29.0
cb09ad34-cf91-54e3-8191-a89d512b9560,1982,Poland,Defender,25.0
e0825feb-ab6a-5471-a43f-cd25741015cf,1974,Haiti,Midfielder,26.0
285bbf57-0d74-5535-80f0-66f95e43731f,1978,Tunisia,Defender,22.0
82da554f-953e-5a05-9f87-82cfcbe438ab,2022,Tunisia,Forward,31.0
3a84b705-dc54-5a5a-bfaa-d83f24f16e13,1994,Saudi Arabia,Midfielder,21.0
e7604eba-df7e-52b5-b558-0531f77e7de1,1970,Belgium,Defender,23.0
84163814-c8bf-5b52-9a13-43804342add0,2018,Australia,Midfielder,34.0
84163814-c8bf-5b52-9a13-43804342add0,2014,Australia,Midfielder,30.0
84163814-c8bf-5b52-9a13-43804342add0,2010,Australia,Midfielder,26.0
a1cbb613-e408-5830-8e4c-e22902e683ae,2018,Croatia,Defender,23.0
e9f52cb0-3e27-5fe0-af2e-34c385e93108,2014,Brazil,Goalkeeper,31.0
06e5dc20-a773-5b02-bad7-1d71e35c42b6,2002,Tunisia,Forward,31.0
06e5dc20-a773-5b02-bad7-1d71e35c42b6,1998,Tunisia,Forward,27.0
fd21698d-3d89-5ed5-a4df-9145fef5969f,2014,Croatia,Forward,29.0
cdbd7ef6-1d92-55cf-be73-2238cbd75124,2006,Poland,Forward,25.0
89c2b416-0047-517c-9e6d-8b87439e646f,1962,Czechoslovakia,Forward,21.0
b1b5fb9a-5166-5b14-9ff0-37e7e67edcaa,2006,Tunisia,Defender,32.0
7c97c806-6e19-5765-a962-7e6ae75e4c9f,2006,England,Midfielder,23.0
d14bfdd9-7459-52e5-ac02-45896956e468,2010,Slovakia,Forward,24.0
0b5de39f-c360-51c2-846a-193b9c606397,1986,Northern Ireland,Goalkeeper,41.0
0b5de39f-c360-51c2-846a-193b9c606397,1982,Northern Ireland,Goalkeeper,37.0
f50200b5-1d48-5359-bf41-8852fb42fc51,2002,Denmark,Midfielder,25.0
cf621b73-35b9-5b93-b910-fdd88b0f9754,2010,Denmark,Midfielder,31.0
16423e63-c902-5658-8a24-01f8f2607b3b,2022,Denmark,Midfielder,26.0
2fb540a8-95a6-5e99-a8cc-4c4ca8120143,2002,Denmark,Defender,28.0
feacbafd-c5cb-5181-9e17-5216a4cd5f82,1990,South Korea,Goalkeeper,29.0
35744793-0be8-5625-ad59-5daddd9406a6,1950,Sweden,Forward,25.0
0bedbbc5-2c4a-544f-a8be-0b2d47089fab,2002,Germany,Midfielder,28.0
0bedbbc5-2c4a-544f-a8be-0b2d47089fab,1998,Germany,Midfielder,24.0
75b3b90f-aa66-5aab-b80d-4beb9c53b59f,1958,Yugoslavia,Forward,22.0
75b3b90f-aa66-5aab-b80d-4beb9c53b59f,1962,Yugoslavia,Forward,26.0
30a91dbb-2896-5860-a423-21df68f4dc76,1974,Yugoslavia,Midfielder,24.0
30a91dbb-2896-5860-a423-21df68f4dc76,1982,Yugoslavia,Midfielder,32.0
72d6dc27-0c72-5f21-b500-722d27519f69,1982,Yugoslavia,Defender,24.0
3985c5b0-0941-523b-afc6-696c13f34362,2018,Brazil,Forward,21.0
3985c5b0-0941-523b-afc6-696c13f34362,2022,Brazil,Forward,25.0
f831f0c2-854c-5a62-be76-3e582b97f3ec,2006,Serbia and Montenegro,Goalkeeper,32.0
57f27dc6-23b5-542d-82b2-0859ce2e93b2,1954,England,Forward,27.0
527dd252-d341-51df-bd47-61112b1f2baa,2014,South Korea,Forward,23.0
78484e41-f751-51be-834d-2470d4fec024,2010,North Korea,Defender,34.0
20448d00-9b6a-5aaf-bde1-7c88aab1cc69,2002,China,Goalkeeper,34.0
6062e20d-fed4-5e66-b868-8f2b1cb0ea2a,1986,Morocco,Midfielder,22.0
a4677893-0a49-5195-93b9-74e7f5150fc8,1974,Uruguay,Midfielder,20.0
36628587-a557-5a01-9887-5b1c09c4d0db,1982,Spain,Defender,26.0
0e7097b5-b396-539d-8fa9-f4532e749d40,1990,Spain,Defender,26.0
6d88a3a8-4341-5b77-97a3-af7e9a3f7402,2018,Mexico,Forward,27.0
6d88a3a8-4341-5b77-97a3-af7e9a3f7402,2014,Mexico,Forward,23.0
6d88a3a8-4341-5b77-97a3-af7e9a3f7402,2022,Mexico,Forward,31.0
784d82f9-17a4-5f5d-8465-a9cbc55a460a,2022,South Korea,Defender,30.0
ed2d8991-d784-523b-b334-8db8765759d5,1954,Mexico,Forward,27.0
f6839eb9-831d-57af-85b7-382e12d4fbeb,2006,Czech Republic,Defender,27.0
002696e0-cafd-55c5-b670-6db8f855ca08,2018,South Korea,Goalkeeper,27.0
002696e0-cafd-55c5-b670-6db8f855ca08,2022,South Korea,Goalkeeper,31.0
25e03d08-df14-5373-a668-d3f1e81de9c2,1998,Japan,Forward,23.0
56e248dc-27a8-5a0d-82d1-79503e3756b7,1934,Belgium,Defender,26.0
a04e443d-1bc7-5bf4-88a5-e2e515561508,1982,Spain,Midfielder,26.0
66c209ee-f8fa-56d5-a999-b5ee162656fb,2002,Spain,Midfielder,21.0
66c209ee-f8fa-56d5-a999-b5ee162656fb,2006,Spain,Midfielder,25.0
506405f6-2b11-5074-a77e-96e872e5a699,2002,Cameroon,Forward,25.0
506405f6-2b11-5074-a77e-96e872e5a699,1998,Cameroon,Forward,21.0
6b005b5b-114b-5ff6-8217-2cdb3d1e5e55,1930,Brazil,Goalkeeper,26.0
3c683e14-0019-5189-afa9-651048534a5c,1970,Brazil,Defender,24.0
ed454e68-fe37-5d44-9028-24cf6adeef7b,1938,Norway,Defender,28.0
2058f647-1763-54d4-bead-8440787d2e89,1938,Norway,Goalkeeper,34.0
bf952899-020c-546a-9d5b-a50723ce96ff,1950,Sweden,Defender,26.0
68e39488-0cf1-5125-b21a-b3000424d67c,1958,Sweden,Defender,30.0
3725b138-ed7f-5196-a49d-9277682d958a,2006,Trinidad and Tobago,Defender,31.0
23220d19-110b-5367-be49-7bb2e6710900,2006,Trinidad and Tobago,Forward,30.0
ded761bd-e5c5-5793-87c0-7d855e38e0ef,1994,Norway,Defender,27.0
6a16d278-44d6-554e-9f35-5cb5f31fca64,1998,Norway,Defender,29.0
3197fb37-d925-566b-8233-a98a54fd8a24,2022,Wales,Forward,21.0
566396a2-5194-5abc-bf02-56665170fea3,2006,United States,Forward,22.0
a64c1f45-798a-53aa-9978-33c1ce337612,2014,United States,Defender,27.0
6f461d35-17d4-5e77-a284-7ab45c0fc179,2014,England,Defender,30.0
6f461d35-17d4-5e77-a284-7ab45c0fc179,2010,England,Defender,26.0
615d7b65-3c51-58ff-bcd3-d3aaf2b446de,2022,United States,Goalkeeper,33.0
d3be7cab-b261-51a6-ad00-7006f54c789c,1934,Sweden,Midfielder,
e8ace47c-8e41-5da1-97bc-1e0159606208,2018,Sweden,Goalkeeper,28.0
ff5683f5-085c-5367-ab10-2d51ab0cc146,2022,Canada,Defender,24.0
9f48d365-17a3-59da-aa56-b269fba97d60,1990,Scotland,Forward,27.0
48370827-dbb4-52de-8502-4b4179f82abb,1978,Scotland,Midfielder,32.0
8d5f7841-6356-58cc-bcb7-f9acb2e392a3,1954,Scotland,Forward,25.0
6b511626-e7f7-5401-a786-60b7232d75f1,1978,Scotland,Forward,25.0
db818b43-50df-52b3-8cc1-c460a940fd7a,1974,Scotland,Midfielder,30.0
9580153a-692e-5eaa-aa54-ba0b1cfa95ad,1998,Yugoslavia,Midfielder,30.0
648ad7c5-70bd-5b73-856f-d76fedc3e5af,2010,Slovenia,Defender,24.0
df59c875-65cd-54af-900e-e1d4f70733b5,1970,Czechoslovakia,Forward,25.0
98c65973-a19a-5ea7-a2e9-84cdfc8e80d9,1938,Sweden,Forward,29.0
98c65973-a19a-5ea7-a2e9-84cdfc8e80d9,1934,Sweden,Forward,25.0
d1ec3e10-b8cc-587c-9a3e-366252c403bb,2018,Australia,Goalkeeper,36.0
2661dc4e-71b3-5e7c-86e8-8bfa0bb729a1,1958,Wales,Forward,23.0
da3f6934-b0ca-550c-acc2-feb2f0081c03,1994,United States,Midfielder,24.0
da3f6934-b0ca-550c-acc2-feb2f0081c03,2002,United States,Midfielder,32.0
da3f6934-b0ca-550c-acc2-feb2f0081c03,1998,United States,Midfielder,28.0
84177ee5-9c2f-5da6-9e32-b488aace134d,2014,United States,Midfielder,33.0
1840d3ba-8828-5b5e-af83-a65faa9a8ccf,1958,Wales,Goalkeeper,22.0
596e040b-98ae-5318-8ef7-d1eb4fc0d7cf,2006,Trinidad and Tobago,Forward,22.0
372599f0-5cb4-5e62-a281-ba1edae615d0,2018,England,Defender,26.0
372599f0-5cb4-5e62-a281-ba1edae615d0,2014,England,Defender,22.0
795c9508-b8a1-5ca8-9797-f9b82b066371,2010,North Korea,Midfielder,18.0
1448cdd1-8aed-56cb-945f-a23c99fbb86f,2010,North Korea,Forward,26.0
9cea6a9d-4eb3-5c87-8cb0-c9d3002e2425,2022,South Korea,Defender,24.0
036215aa-f0ff-5f35-826b-172a296a331e,1978,Netherlands,Goalkeeper,38.0
036215aa-f0ff-5f35-826b-172a296a331e,1974,Netherlands,Goalkeeper,34.0
dba523f9-f885-5e51-b883-e18ef2abd7f8,1994,Netherlands,Midfielder,28.0
dba523f9-f885-5e51-b883-e18ef2abd7f8,1998,Netherlands,Midfielder,32.0
887baacb-a2f8-56ba-8124-e059e208d7bd,1954,France,Defender,29.0
887baacb-a2f8-56ba-8124-e059e208d7bd,1958,France,Defender,33.0
037ac3e1-4b8b-5f55-84b1-5992671ded0c,2002,Sweden,Midfielder,28.0
037ac3e1-4b8b-5f55-84b1-5992671ded0c,2006,Sweden,Midfielder,32.0
9d1b4c33-5757-518c-b6c6-2fba0b922f39,2006,Poland,Defender,28.0
92399f13-07ef-5cf2-8da7-5a2fc78a5e7e,1938,France,Midfielder,29.0
49ccd931-9bb2-5cb6-8d57-9e052248f348,1978,Scotland,Forward,27.0
49ccd931-9bb2-5cb6-8d57-9e052248f348,1974,Scotland,Forward,23.0
49ccd931-9bb2-5cb6-8d57-9e052248f348,1982,Scotland,Forward,31.0
6abb7e84-180e-5373-8539-e9c9a3f9e235,2002,Portugal,Defender,29.0
0636a156-8f9b-5c72-bd74-de5009932d9c,1994,Brazil,Defender,30.0
0636a156-8f9b-5c72-bd74-de5009932d9c,1990,Brazil,Defender,26.0
ce202212-12d8-5399-8f76-b4fb397aff4d,1974,Haiti,Goalkeeper,25.0
f69aaafe-3048-58b3-a63b-2d9090e5bfc9,2010,South Africa,Goalkeeper,30.0
3a6a82c7-cef2-5270-89ef-5d07857a4d3f,1986,Brazil,Defender,25.0
fc11b8b5-4a29-50c3-adce-9a4d9bcb3c23,2010,Brazil,Midfielder,31.0
c1b40d1f-90b3-5e68-a3ce-8470defd06c8,2010,Serbia,Midfielder,29.0
ba245724-b112-594c-a2d9-bbd9978fa350,1950,Yugoslavia,Defender,28.0
5bc3bf52-37b5-584d-aa1a-f55421e2b02e,1982,Yugoslavia,Defender,30.0
2866fd9e-b2ff-5ee4-96eb-0bdc229e61c3,1982,El Salvador,Defender,31.0
f813d087-3317-52ec-bbde-8b5664c129cc,2018,Serbia,Forward,21.0
f813d087-3317-52ec-bbde-8b5664c129cc,2022,Serbia,Forward,25.0
a95e81eb-aa30-5865-aacd-8a8a5c7f9387,1990,Yugoslavia,Defender,30.0
a110fb6b-99b3-5057-868c-16a20f22efc3,2018,South Korea,Midfielder,28.0
e6b5c153-d1f6-5ec2-8d71-49de1b78520b,2010,Brazil,Defender,31.0
e6b5c153-d1f6-5ec2-8d71-49de1b78520b,2006,Brazil,Defender,27.0
3e8a8ca1-14e7-5bdb-a1a9-88f557dbc221,1994,Spain,Forward,23.0
83163713-44d3-5330-a43c-30f9bee06219,2002,Spain,Defender,26.0
6ee70bfc-1222-5368-9d08-4e3c5c5bbef7,2014,Spain,Defender,29.0
11176aee-8654-5401-9c24-f14b707b1a29,1978,Spain,Forward,24.0
11176aee-8654-5401-9c24-f14b707b1a29,1982,Spain,Forward,28.0
b61f420b-9b5c-5013-b9ee-d42a8e81d0cc,2006,Spain,Defender,30.0
815df4a0-2122-5e7d-8898-d962a7e91e0a,1998,Yugoslavia,Midfielder,29.0
64c980b8-6e13-5a1e-88c9-bfadd04a2ce1,1934,Romania,Midfielder,23.0
14edf47f-e2e7-5896-9136-d0abfb7ce0de,1966,Italy,Defender,23.0
14edf47f-e2e7-5896-9136-d0abfb7ce0de,1970,Italy,Defender,27.0
14edf47f-e2e7-5896-9136-d0abfb7ce0de,1974,Italy,Defender,31.0
2fbca71e-2d0c-5010-bde0-d907370f43e9,1954,Brazil,Forward,25.0
1310ca53-5184-5078-8119-1150bd1213aa,1982,Kuwait,Defender,27.0
51eb64a5-e886-5277-ba6d-a75453cae771,1990,United Arab Emirates,Midfielder,22.0
5437f5a1-6764-57c6-bbca-394f0b0d2fcf,2022,South Korea,Midfielder,30.0
5835e1bb-8c71-553b-9d5b-f8d369d7e128,1950,Spain,Forward,28.0
80df91ea-231b-5e4a-bb4f-94165dde2db2,1934,Czechoslovakia,Forward,27.0
d9b06032-c4c1-5ae6-8830-0c4fb6fd6e76,2018,South Korea,Defender,24.0
f4b12d0f-38a3-539c-94d2-571e7ee33a70,2014,South Korea,Goalkeeper,29.0
f4b12d0f-38a3-539c-94d2-571e7ee33a70,2010,South Korea,Goalkeeper,25.0
c3ce37a4-30a5-594c-89cc-b5a57038809c,2018,South Korea,Midfielder,29.0
c3ce37a4-30a5-594c-89cc-b5a57038809c,2022,South Korea,Midfielder,33.0
cd7f1ec3-37ba-5dc1-a2dd-f1bf798c688c,1982,Brazil,Defender,24.0
a0fba1b4-d35d-5070-8254-cd53688b7388,1962,Brazil,Defender,22.0
f7721ed4-f3b8-5fbb-bac3-034450c010c4,2022,Croatia,Defender,27.0
9486c818-7055-5fae-af54-e3600e425017,2018,Australia,Forward,27.0
4e474e5d-f1fa-5494-9bf3-1ef3b8ebf4a8,1998,Croatia,Defender,35.0
a7901922-a036-569d-94a3-2c1a9dff3598,1970,Czechoslovakia,Midfielder,21.0
db00c429-4b2c-5709-b3eb-77deee971543,1982,Czechoslovakia,Defender,29.0
e1c6cc54-bf8d-524d-937a-c6e5352e626d,2018,Australia,Defender,29.0
209376ce-484a-5fc9-99b2-64df3769a37a,1982,Austria,Forward,27.0
8724de05-9978-5040-a012-7541732af8fa,1998,Croatia,Midfielder,29.0
d11a12b8-75bb-5d75-bf6d-c4e70661f4fe,1958,West Germany,Defender,32.0
301eb8ad-5a7a-57f9-a271-938605238061,1978,Poland,Defender,30.0
c6d4e145-df7b-5e33-b418-e997e72eb0c3,1962,Yugoslavia,Defender,23.0
aa8ebd4e-087a-5001-abcf-efcb49cc511c,1938,Norway,Defender,32.0
b23e26d2-bbf2-5970-a327-c2c67453b4a7,1950,Brazil,Defender,27.0
ae40b13c-ea42-5aaf-9251-ee1cda6cab81,2010,Mexico,Defender,22.0
c786fd44-77e0-5bf0-a372-7ea92ef2a2ff,1974,Uruguay,Defender,29.0
1766f7f6-4656-573c-801c-53769a3f5925,1966,Mexico,Defender,28.0
1766f7f6-4656-573c-801c-53769a3f5925,1962,Mexico,Defender,24.0
0402278d-3db5-5f2d-8530-da95d9942cd4,1934,Switzerland,Forward,23.0
721218f6-cf75-518a-ba9d-a2dcf7dd11da,1934,Switzerland,Forward,28.0
b43cfc43-b8f5-5424-abcc-ca4d080bfcfa,2014,United States,Forward,24.0
1632f92b-d06b-555f-81ac-66d3d4fe7c72,2014,Brazil,Forward,27.0
57d91a46-03ea-5606-93f0-61efe4e4c8a5,1950,Sweden,Forward,29.0
80262b27-88dd-566e-87f4-7e99caef58e5,2010,Denmark,Midfielder,35.0
80262b27-88dd-566e-87f4-7e99caef58e5,2002,Denmark,Midfielder,27.0
80262b27-88dd-566e-87f4-7e99caef58e5,1998,Denmark,Midfielder,23.0
3b465605-e477-5c87-8865-da907dc4200f,2018,Denmark,Defender,28.0
458e7776-709a-5741-8858-c86ab440819e,2018,Denmark,Forward,27.0
84129a1a-0afe-5169-811d-70cbef261b91,2002,Brazil,Defender,26.0
999d0674-8e3a-538b-853b-180bcce41aff,2022,Brazil,Forward,22.0
9fbae7c2-0551-5b94-ad52-41e1f30f46de,1986,Brazil,Defender,32.0
9fbae7c2-0551-5b94-ad52-41e1f30f46de,1982,Brazil,Defender,28.0
12218fc8-d627-5a62-860f-9ce4116a0c82,2002,Brazil,Defender,29.0
1c8ee44e-4119-5525-a321-9ed1ef4028a8,2018,Poland,Defender,31.0
1c8ee44e-4119-5525-a321-9ed1ef4028a8,2022,Poland,Defender,35.0
f052a14a-b8ee-520c-9272-bc1fba9806ce,1978,Tunisia,Defender,25.0
3e6e8df4-c020-5ee2-b584-910dfd4eb28e,1934,Austria,Forward,23.0
77c049d7-e4d6-56c4-a94e-0ec8b4065fce,1994,Morocco,Midfielder,21.0
25a7ce8d-3cf5-50e5-a36b-04446e34db24,1986,Algeria,Midfielder,28.0
1662ddc9-0897-598b-b28d-0bf5917f061d,2006,Togo,Forward,27.0
074b0687-8187-528c-b198-69c636e388fc,2010,Ivory Coast,Midfielder,29.0
074b0687-8187-528c-b198-69c636e388fc,2006,Ivory Coast,Midfielder,25.0
0a1a0b58-d0f7-5a75-bbe1-6a0ee5f07d70,2010,Algeria,Midfielder,27.0
df382a52-cb7d-50fa-99d8-0c0458afb681,1990,Czechoslovakia,Defender,26.0
8d446fc2-ee20-540d-a1d9-eca472522e2a,1962,Czechoslovakia,Forward,29.0
64c520d4-bf49-5762-aa08-52ca60999c65,2006,Iran,Defender,21.0
52000647-8a37-52eb-9d82-9ebcfb865c2b,1954,France,Defender,22.0
52000647-8a37-52eb-9d82-9ebcfb865c2b,1958,France,Defender,26.0
b1f2cd2a-b7e9-5556-9ddd-4cba1628f2d2,2018,Japan,Midfielder,29.0
b1f2cd2a-b7e9-5556-9ddd-4cba1628f2d2,2014,Japan,Midfielder,25.0
7a2dff60-023b-5504-8eb4-3155489a21e0,1982,Cameroon,Defender,30.0
503bc09a-e1bc-5472-8694-b3209cdb2da2,2010,Denmark,Midfielder,27.0
265bed90-69e8-5560-a174-9d2ab5ab8c9e,1994,Germany,Goalkeeper,25.0
265bed90-69e8-5560-a174-9d2ab5ab8c9e,2002,Germany,Goalkeeper,33.0
265bed90-69e8-5560-a174-9d2ab5ab8c9e,2006,Germany,Goalkeeper,37.0
265bed90-69e8-5560-a174-9d2ab5ab8c9e,1998,Germany,Goalkeeper,29.0
78eabb2c-fa92-5eb3-8ea2-1b8246f484b0,2018,Egypt,Forward,24.0
77c6e5c8-85eb-52c8-a877-c596ec9ac463,2002,Turkey,Forward,23.0
1f55922f-2fdf-52f7-87ab-025e97603a22,2010,Nigeria,Midfielder,24.0
13f4e45f-7bca-54b0-b332-99672824152a,2006,Japan,Defender,26.0
d44ebf27-7e9a-51bc-be7b-9d73dab2fdb8,2014,Japan,Forward,24.0
e2b8081d-10b5-5dc6-9f4a-da0b4d91aacb,2010,Brazil,Midfielder,28.0
e2b8081d-10b5-5dc6-9f4a-da0b4d91aacb,2002,Brazil,Midfielder,20.0
e2b8081d-10b5-5dc6-9f4a-da0b4d91aacb,2006,Brazil,Midfielder,24.0
2a92c47c-d83e-50e3-a6a5-f094df0dba14,2006,Australia,Goalkeeper,34.0
d517b609-3509-5995-bbd3-30494cf8b354,2006,Angola,Defender,28.0
82e369ce-db27-5dee-af20-e955ad029c70,2018,Croatia,Goalkeeper,28.0
539c6487-8ff1-5c3e-a527-94e991498330,2018,Croatia,Forward,30.0
f997714e-8e4e-5078-865f-7b2f12511a52,1974,Poland,Goalkeeper,25.0
3b685e33-e5e5-5b71-bb63-56a6652b09fb,1994,Greece,Defender,28.0
0ffe4831-068b-5b7f-b37e-d97235b8ef30,1994,Cameroon,Defender,19.0
0ffe4831-068b-5b7f-b37e-d97235b8ef30,2002,Cameroon,Defender,27.0
0ffe4831-068b-5b7f-b37e-d97235b8ef30,1998,Cameroon,Defender,23.0
0b9de7c5-44cf-58a9-a955-c42a33f62864,1934,Czechoslovakia,Forward,21.0
f19b0d7c-bd5f-5c38-bfcf-e7fe5012d297,2006,Ivory Coast,Forward,28.0
417f85de-66e6-5b75-9c84-d5d580610b19,2014,Ivory Coast,Forward,29.0
417f85de-66e6-5b75-9c84-d5d580610b19,2010,Ivory Coast,Forward,25.0
e063f9d6-7670-57e5-bde9-55fff3a69078,1978,West Germany,Defender,25.0
e063f9d6-7670-57e5-bde9-55fff3a69078,1982,West Germany,Defender,29.0
b4ae4795-b7a7-5ec7-ac9a-29f1c52c2aad,2006,Ukraine,Midfielder,27.0
aab97a8c-d1c2-527b-b2f9-feb4af60d6a4,2022,Japan,Midfielder,26.0
65dcfa03-0d24-51e4-8c60-8c613932199a,1982,Kuwait,Forward,27.0
444e7e0d-1c14-58bb-a846-766be34bbf50,2010,Cameroon,Goalkeeper,26.0
444e7e0d-1c14-58bb-a846-766be34bbf50,2002,Cameroon,Goalkeeper,18.0
5ba23307-4206-5826-adbf-af84da909db3,1970,Bulgaria,Goalkeeper,23.0
b8f1bba8-3f94-52c5-a216-72ff15374d18,1982,Cameroon,Midfielder,29.0
57708072-66fc-5138-bbb2-50fd35e0a2e5,2022,Poland,Midfielder,20.0
3f60ab3e-2415-584b-9d95-b971c6e7fd40,1994,Cameroon,Defender,29.0
3f60ab3e-2415-584b-9d95-b971c6e7fd40,1990,Cameroon,Defender,25.0
4d756704-644b-56e4-92d7-b99d511dd2b6,2022,Iran,Defender,28.0
9cf6c4fd-8cf5-5ba2-b963-ee29be578f7d,2018,England,Forward,25.0
9cf6c4fd-8cf5-5ba2-b963-ee29be578f7d,2022,England,Forward,29.0
35290c1d-66b7-595b-9b68-b20e01234187,1962,Soviet Union,Forward,26.0
dc1fd341-c0ca-5bba-a868-d2bade9e723b,1966,North Korea,Midfielder,23.0
63fd0198-f4c6-5881-8eae-56b64bfd932a,1954,South Korea,Midfielder,27.0
d6f6a1ac-ba96-5561-9e03-001d2dbd8626,1986,South Korea,Midfielder,25.0
d4d69149-b143-5f67-8a25-58fb1da33a6f,2010,South Korea,Defender,24.0
b0ccf59f-1886-59ad-a570-c527b4e7c3be,1966,North Korea,Forward,24.0
eef7d8ac-0b1d-54de-b582-afaed1b4ee49,2022,South Korea,Midfielder,21.0
762125c1-ba9f-537b-a935-2355c19b4085,2018,Saudi Arabia,Midfielder,24.0
762125c1-ba9f-537b-a935-2355c19b4085,2022,Saudi Arabia,Midfielder,28.0
54e5ff39-632b-541f-aaf8-15ca284dccd1,2018,France,Midfielder,27.0
e9dcfcb8-9e8a-52a1-a1bc-746ab889f6eb,2010,Nigeria,Forward,34.0
e9dcfcb8-9e8a-52a1-a1bc-746ab889f6eb,2002,Nigeria,Forward,26.0
e9dcfcb8-9e8a-52a1-a1bc-746ab889f6eb,1998,Nigeria,Forward,22.0
b8269788-f813-52a1-86d7-f7d347e12fd8,2014,Russia,Forward,23.0
8ba67ead-7b58-5b75-bc08-92baa034ca5d,1974,West Germany,Defender,25.0
230cd2fc-32ec-57fd-a5ff-ee8a956c4da4,2010,Greece,Forward,27.0
1381327f-a23c-582c-b00a-be1e60a0f084,2014,Greece,Goalkeeper,20.0
48b1c7e0-246d-52be-b458-db8ef29c831c,1974,Poland,Forward,20.0
47064ad2-92a3-52de-9cb9-ba424b8ebfc2,1970,Soviet Union,Defender,26.0
d069ce1d-c48e-5f8f-bef4-35a573aa7008,1994,Greece,Defender,26.0
454d263d-76f2-50c9-917d-09e039d3a1cb,2014,Greece,Midfielder,37.0
454d263d-76f2-50c9-917d-09e039d3a1cb,2010,Greece,Midfielder,33.0
56635303-a884-5fa3-aae1-f58e2fe88ca2,1970,Israel,Defender,25.0
a1134147-9ddd-56b7-9378-e62d62a4c5d6,1982,Kuwait,Midfielder,27.0
67648b81-d465-5a88-a2d5-6a4ed3821c86,1974,Yugoslavia,Forward,28.0
12e24927-6836-5b2d-a446-b5c0dd743de7,1994,Greece,Defender,29.0
904894b3-df67-57b4-9332-79f0c768e45d,2022,Australia,Defender,26.0
e92af558-45f5-57f1-81cd-3dedd6d30b31,1986,Poland,Forward,27.0
2ccdbd0f-54d5-530e-97b3-6becbf0dfa56,1986,Hungary,Defender,26.0
b9df357b-aa71-52fa-aa87-3b55e388b6c1,1998,France,Midfielder,28.0
78ddda7c-3dcb-57f9-9832-f57606b751c5,1978,West Germany,Goalkeeper,26.0
4777922e-e8a9-501e-8f01-6c15c0832289,2006,Iran,Midfielder,28.0
2e0b18f5-565a-51e0-a066-1543f3b63ab6,2022,Iran,Midfielder,28.0
6131fd52-6cf8-5a33-87f3-2dfbabab9bd4,2006,Saudi Arabia,Midfielder,26.0
0a200345-0301-5580-9421-50ce07b19828,2002,Slovenia,Defender,29.0
5606229d-dbc5-5402-b691-5f5dc38e6dac,1994,Greece,Goalkeeper,25.0
67dbc4ef-e030-5f23-b0d1-5ab9b082d8e2,1978,Sweden,Defender,33.0
67dbc4ef-e030-5f23-b0d1-5ab9b082d8e2,1974,Sweden,Defender,29.0
b67fcd02-f925-5aaf-a33d-00ecdf12e7c4,2014,Greece,Goalkeeper,29.0
68764692-97b1-5ff0-817c-abf91e676a7f,1978,Tunisia,Forward,27.0
6695d28b-7e86-558f-9288-478c9035b342,1994,Russia,Midfielder,25.0
6695d28b-7e86-558f-9288-478c9035b342,2002,Russia,Midfielder,33.0
44df0e24-9884-5dfa-8e02-c0c3096a6fdf,1990,Egypt,Defender,24.0
eab65800-1979-5ab0-bd31-08a303052cb3,1978,Poland,Midfielder,32.0
eab65800-1979-5ab0-bd31-08a303052cb3,1974,Poland,Midfielder,28.0
e40d7fc9-785f-59de-852c-8354d9f9233a,2006,Tunisia,Goalkeeper,23.0
432d81fb-e08e-59fe-9932-5a1fd664ac67,1934,Egypt,Midfielder,
b72d4220-6646-51be-959e-ec84de5708a3,1974,Yugoslavia,Defender,26.0
dbe736b0-f3f7-5b67-a2b4-e58c402251b8,1990,Yugoslavia,Midfielder,27.0
6b684abf-6f55-5fd1-bc73-b788a0ef3f97,1950,Yugoslavia,Midfielder,29.0
a1ecf185-4baf-5bcb-988e-8e8d21cc259d,2014,Greece,Midfielder,35.0
a1ecf185-4baf-5bcb-988e-8e8d21cc259d,2010,Greece,Midfielder,31.0
500afaa8-37ea-5cb6-963b-3f81dc2a6b92,1982,Hungary,Goalkeeper,29.0
664d21f8-71f1-5c1d-b5cf-719a943df979,1966,Soviet Union,Goalkeeper,26.0
664d21f8-71f1-5c1d-b5cf-719a943df979,1970,Soviet Union,Goalkeeper,30.0
4f5bf0b9-5b9b-5ed7-af2e-aee37b4eaf79,2002,Ecuador,Forward,25.0
4f5bf0b9-5b9b-5ed7-af2e-aee37b4eaf79,2006,Ecuador,Forward,29.0
1cefda68-5d1e-588f-ae61-c657ac5df4e5,2010,Japan,Goalkeeper,35.0
1cefda68-5d1e-588f-ae61-c657ac5df4e5,2002,Japan,Goalkeeper,27.0
1cefda68-5d1e-588f-ae61-c657ac5df4e5,2006,Japan,Goalkeeper,31.0
1cefda68-5d1e-588f-ae61-c657ac5df4e5,1998,Japan,Goalkeeper,23.0
fb656b05-3846-5c73-9253-11c3ed8cef67,2018,Japan,Goalkeeper,35.0
fb656b05-3846-5c73-9253-11c3ed8cef67,2014,Japan,Goalkeeper,31.0
fb656b05-3846-5c73-9253-11c3ed8cef67,2022,Japan,Goalkeeper,39.0
fb656b05-3846-5c73-9253-11c3ed8cef67,2010,Japan,Goalkeeper,27.0
8eab82c4-f255-52fb-932b-e4395f96fb50,2022,Canada,Midfielder,28.0
55193ef2-fbb4-5629-8863-6b1f371fa6ce,2006,Iran,Forward,25.0
f1379049-985b-550e-a117-7c64d8f1fa68,1978,Iran,Defender,31.0
370e4257-baa3-55a7-a3a1-f2326a6e925c,1986,Poland,Goalkeeper,27.0
370e4257-baa3-55a7-a3a1-f2326a6e925c,1982,Poland,Goalkeeper,23.0
a19beecd-7af1-5c17-9992-75ab9583ebec,2010,Serbia,Midfielder,23.0
1836e166-c24c-503a-8f66-c7d3b57af89b,1954,Czechoslovakia,Forward,23.0
c9fec92a-b259-5e80-91f6-b2cad1c828b4,2002,Poland,Midfielder,28.0
026bbad4-e5b3-52b9-bf77-4e331ebb1cf8,1966,North Korea,Midfielder,23.0
dbbc8cfe-e04c-54b6-a079-3e2d7d14c09f,2002,Republic of Ireland,Forward,22.0
f2540cd2-a8ce-5cf1-b669-0b5eebb5942c,1994,Republic of Ireland,Midfielder,23.0
f2540cd2-a8ce-5cf1-b669-0b5eebb5942c,2002,Republic of Ireland,Midfielder,31.0
73aa56ca-f6ce-580a-941b-931aeb27e28f,2022,Tunisia,Defender,27.0
92ee5abe-cc19-5242-9bfb-69b6916923d5,1982,England,Forward,31.0
8738beba-0fcf-56f6-b140-803794b2f038,1990,Austria,Forward,29.0
0c043fcc-a2c7-5712-b28f-39a10dceceff,1962,Switzerland,Defender,25.0
fec4d477-0e21-57c9-9ada-a7f900f4c348,2002,Germany,Defender,22.0
fec4d477-0e21-57c9-9ada-a7f900f4c348,2006,Germany,Defender,26.0
3cb8ad13-5341-5496-94af-b005611539a3,2022,Germany,Defender,26.0
ffff37ac-0aa8-5893-ad89-99ec3085a63c,1958,Northern Ireland,Defender,25.0
722d25af-18ce-59fc-b63c-a948f6b2b349,1974,Netherlands,Forward,31.0
ff04e654-828e-592b-94e6-c80d10f4bee8,1958,West Germany,Forward,33.0
2ca40706-c116-5436-9caf-e94db3feae0a,1934,France,Forward,21.0
5c2140a6-5394-504a-904c-5a4216dea339,1990,United States,Goalkeeper,21.0
5c2140a6-5394-504a-904c-5a4216dea339,2002,United States,Goalkeeper,33.0
5c2140a6-5394-504a-904c-5a4216dea339,2006,United States,Goalkeeper,37.0
5c2140a6-5394-504a-904c-5a4216dea339,1998,United States,Goalkeeper,29.0
73a69b01-0bdc-5321-b955-f6fa6f38173f,1938,Sweden,Forward,33.0
73a69b01-0bdc-5321-b955-f6fa6f38173f,1934,Sweden,Forward,29.0
54ffd9aa-d279-51bf-8731-2399a6d546ac,1994,Republic of Ireland,Goalkeeper,26.0
54ffd9aa-d279-51bf-8731-2399a6d546ac,2002,Republic of Ireland,Goalkeeper,34.0
258dd95b-bbce-5425-b828-3b1f3fe513ea,1994,Republic of Ireland,Forward,29.0
258dd95b-bbce-5425-b828-3b1f3fe513ea,1990,Republic of Ireland,Forward,25.0
cae980f1-c18e-5ba5-b584-998ee9f56421,1994,Republic of Ireland,Defender,20.0
cae980f1-c18e-5ba5-b584-998ee9f56421,2002,Republic of Ireland,Defender,28.0
b48c5f05-fb7e-5981-ae9c-48489e137a9b,1958,Wales,Goalkeeper,29.0
fdc427e4-3501-5ad1-afea-b2dda04f34a4,1974,Zaire,Midfielder,27.0
24f32533-bea2-57d3-806f-f01120e3d751,1978,Argentina,Forward,24.0
24f32533-bea2-57d3-806f-f01120e3d751,1974,Argentina,Forward,20.0
24f32533-bea2-57d3-806f-f01120e3d751,1982,Argentina,Forward,28.0
3d6cd8c8-3c3f-583d-88c4-83a0312a2880,1934,Hungary,Forward,21.0
363fe294-b0b7-5e82-9937-664d1bf98754,2010,Australia,Forward,28.0
363fe294-b0b7-5e82-9937-664d1bf98754,2006,Australia,Forward,24.0
d6ab4adf-87c3-549e-bb04-3d1734c5a7d1,1978,Scotland,Defender,25.0
00940b6b-9701-5639-8d3b-b00f8fdc34ea,1950,United States,Defender,23.0
afc25250-ed36-534a-8e5a-61fb52086df9,2002,England,Defender,36.0
afc25250-ed36-534a-8e5a-61fb52086df9,1998,England,Defender,32.0
ed34b01d-8d12-5333-8936-3d08b7392397,1982,Hungary,Defender,28.0
00f76f03-1d74-5a16-9e92-30cddf9dc197,1978,Hungary,Defender,25.0
522b6174-d1c5-5db8-8135-3155fabae742,2002,Turkey,Midfielder,32.0
9a237b96-058f-562c-ba71-1ba823bd697c,1994,Republic of Ireland,Defender,27.0
ce392b74-6afe-5eff-b59f-4fa7d84c0bca,1954,Switzerland,Defender,25.0
ce392b74-6afe-5eff-b59f-4fa7d84c0bca,1950,Switzerland,Defender,21.0
ce392b74-6afe-5eff-b59f-4fa7d84c0bca,1962,Switzerland,Defender,33.0
dbf7bd33-cf0b-5cf3-bc9a-a716cbcd60ce,2014,Russia,Forward,32.0
dbf7bd33-cf0b-5cf3-bc9a-a716cbcd60ce,2002,Russia,Forward,20.0
cfdfcd38-3f64-5ffa-8d76-44501e5e83ff,1958,Soviet Union,Defender,28.0
f33ce859-7207-51b0-a200-2b670a1c5489,1994,Nigeria,Defender,32.0
881aca17-0a3a-5f62-a48c-539ae5676f97,1954,Turkey,Forward,27.0
dc0df3ee-b14a-5c7e-a3e7-d695a3cfd625,1958,England,Forward,23.0
dc0df3ee-b14a-5c7e-a3e7-d695a3cfd625,1962,England,Forward,27.0
b3df62ef-19bb-5521-bb65-133ea815802b,2010,Australia,Forward,32.0
b3df62ef-19bb-5521-bb65-133ea815802b,2006,Australia,Forward,28.0
8925cbe8-469c-54db-8e80-4a30d55c909f,2006,Serbia and Montenegro,Forward,27.0
51a51fd6-2c24-5ccc-8970-a9383191289f,1986,Morocco,Forward,24.0
61e75b28-7621-5bc6-86e5-b8f658a8ad28,1998,Iran,Defender,29.0
6a611870-16a7-570d-9b2d-a25e2c8e4289,1986,Morocco,Defender,31.0
f0cd614c-c8cf-5727-930f-ca6bdff536b4,2018,Tunisia,Forward,32.0
01f09f47-7f86-51ee-ad2c-aa20074e974c,2018,Tunisia,Forward,24.0
02b9ce62-fa93-5184-acbb-bf96595f3232,2022,Iran,Defender,33.0
de2d4450-2fcb-5106-bd3b-55198720838b,1990,United Arab Emirates,Forward,28.0
54e3564b-2bbb-50c0-913b-2be7d695da07,1990,United Arab Emirates,Midfielder,25.0
72e676f7-a45f-5bc7-b70a-934fece2dd14,1970,Morocco,Defender,31.0
5de07a10-c28b-5a71-a276-1de00340feaf,2018,Iran,Defender,27.0
7403c8f9-de8e-5884-9e34-ddcd9b6bb626,2018,Tunisia,Forward,23.0
db0ffd76-0d94-5efa-90fa-7b4a3530a19f,1994,Russia,Goalkeeper,26.0
e7be795b-9145-51c9-868c-8e969ee10fd1,2006,Iran,Forward,28.0
df16eb26-a120-5315-8c27-3cccbd9124e7,2018,Tunisia,Forward,27.0
df16eb26-a120-5315-8c27-3cccbd9124e7,2022,Tunisia,Forward,31.0
a452f673-2ab5-5b41-aedd-3e7e65634b91,2022,Qatar,Defender,29.0
5a6f0383-e01e-50be-ad5b-d11c757f1fba,2018,Germany,Midfielder,31.0
5a6f0383-e01e-50be-ad5b-d11c757f1fba,2014,Germany,Midfielder,27.0
5a6f0383-e01e-50be-ad5b-d11c757f1fba,2010,Germany,Midfielder,23.0
5751a016-e8a1-5e83-a885-39b6374c82c1,2022,Tunisia,Forward,30.0
1d29cedf-785a-5853-99d5-e25d1ac4667f,1990,Soviet Union,Defender,31.0
1d29cedf-785a-5853-99d5-e25d1ac4667f,1982,Soviet Union,Defender,23.0
fd8cca18-68a8-5986-be6b-025c91934a1b,1994,Russia,Midfielder,23.0
a7eede18-3675-5356-aeea-0b1ba05c049c,1970,Soviet Union,Forward,27.0
c2b92b7f-1f83-58d2-b61a-c936825593e5,2002,Russia,Midfielder,27.0
26fd06f7-fd6d-5d6d-a055-622928482d3b,2006,Saudi Arabia,Goalkeeper,24.0
a97f0fd3-bf15-5be2-b0af-3e1fcd68e459,2022,Qatar,Defender,32.0
9835cb47-9a65-53a7-8c73-e9873662ec2a,2010,South Africa,Midfielder,24.0
9e9f87db-11a9-5c7b-ab3e-f92c0ba78b00,2010,South Africa,Defender,23.0
78ef7112-62ac-56e0-9b51-ccbcb5308663,1998,South Africa,Midfielder,31.0
2a6de358-ab61-5037-a0bc-18583e5d43a8,2010,South Africa,Goalkeeper,23.0
e835bd8d-5a85-53a4-b771-bf4f53c515b0,1966,Soviet Union,Defender,23.0
e835bd8d-5a85-53a4-b771-bf4f53c515b0,1970,Soviet Union,Defender,27.0
25782a84-e96c-56ad-be69-c3b4b74fde38,1966,Soviet Union,Midfielder,29.0
25782a84-e96c-56ad-be69-c3b4b74fde38,1962,Soviet Union,Midfielder,25.0
d0f52824-7135-5aff-acc0-9017d640da72,2018,South Korea,Midfielder,29.0
d0f52824-7135-5aff-acc0-9017d640da72,2014,South Korea,Midfielder,25.0
d0f52824-7135-5aff-acc0-9017d640da72,2010,South Korea,Midfielder,21.0
3323ed64-c3d6-5c1b-b638-c6d65e7dfbb5,1990,Netherlands,Forward,28.0
ff6b4725-1046-524b-95d1-a73f2d9d1616,1938,Switzerland,Forward,27.0
ff6b4725-1046-524b-95d1-a73f2d9d1616,1934,Switzerland,Forward,23.0
17602e85-d2e0-523d-a99f-1e7ac5f7d7ac,2002,Republic of Ireland,Goalkeeper,32.0
e82d26ed-bd96-54ed-923c-27a3756d7542,2018,Sweden,Forward,26.0
b1f0f1a6-915e-5494-a1d8-f2b50bd300f2,2010,Germany,Forward,26.0
d60284e0-52a8-5cfb-9959-a6fef2dea649,1938,Norway,Goalkeeper,21.0
3815b298-c881-5506-8fd0-d5d1e19fc03f,2002,Sweden,Goalkeeper,30.0
76d6714b-76e0-58f7-9a37-101b0e0ba4f5,1998,Spain,Forward,26.0
69cd56a1-08a5-5a65-a766-a09ba887a85b,2002,Republic of Ireland,Midfielder,25.0
20c6cad8-e5c9-57c0-857b-1a6a9a5a993c,2010,New Zealand,Forward,29.0
98e4ff46-c642-51dc-8e99-affb38618764,1978,Argentina,Defender,29.0
c94a3bdb-8175-57db-8ad1-a68b43c3a72d,2014,South Korea,Midfielder,25.0
c94a3bdb-8175-57db-8ad1-a68b43c3a72d,2010,South Korea,Midfielder,21.0
d2d6e507-b2e9-5877-9086-2af27e3c4d0d,1966,North Korea,Midfielder,27.0
9dfc1e26-f75c-516d-9d39-acd8ade54dbf,2002,South Korea,Goalkeeper,32.0
9dfc1e26-f75c-516d-9d39-acd8ade54dbf,1998,South Korea,Goalkeeper,28.0
d01682ea-73c9-5b1e-bba0-848ebbcc8e16,2014,South Korea,Defender,29.0
46de743b-1c1f-5e10-bf2a-9f1f576f77f3,2006,South Korea,Midfielder,24.0
616f7b0b-05f2-5488-b7da-33fc795c4ee1,1998,South Korea,Forward,28.0
609f1b0f-33de-538e-a69e-7a3fe1107ebb,1998,South Korea,Midfielder,26.0
baff717a-8914-5bdf-bca8-8d0aace85d4b,2010,South Korea,Defender,28.0
baff717a-8914-5bdf-bca8-8d0aace85d4b,2006,South Korea,Defender,24.0
32a93726-0a7a-58aa-97cc-0db6f8722bfc,2010,South Korea,Defender,26.0
0f62e8a8-6bcb-5d25-8156-c41b7105bc11,2010,South Korea,Midfielder,27.0
b383764a-e6c9-5c20-bf56-5963b8a08229,1954,South Korea,Midfielder,30.0
0e411398-8a53-5178-a680-75c13d2ee315,2018,South Korea,Goalkeeper,31.0
729f6990-5304-5046-b802-161aa324fede,2006,South Korea,Defender,21.0
c3697ffa-e54d-522c-bd93-59403641ce83,1986,South Korea,Forward,21.0
fa709334-9fb4-5c92-af3d-66dc9d793886,1994,South Korea,Midfielder,28.0
fa709334-9fb4-5c92-af3d-66dc9d793886,1990,South Korea,Midfielder,24.0
fa709334-9fb4-5c92-af3d-66dc9d793886,1986,South Korea,Midfielder,20.0
36a57f93-1cb3-5c43-9df4-d6f83958d295,2010,South Korea,Midfielder,28.0
f57dc789-2464-50a7-a166-0758fee35bd7,2010,North Korea,Midfielder,23.0
f9f26b52-f6e4-56f9-b1c6-7ddee84ebec9,2010,North Korea,Midfielder,22.0
1909826f-3076-5a7a-bb70-25903d1064a6,2018,South Korea,Defender,28.0
f0a100ae-721a-56cf-83e5-93c1fb394b42,2010,North Korea,Goalkeeper,26.0
a20640c5-1bab-54f9-b613-44dd1c4934a7,2010,North Korea,Goalkeeper,27.0
f15a419e-b7b7-57d7-a243-7863d12e8b31,2010,South Korea,Midfielder,33.0
f15a419e-b7b7-57d7-a243-7863d12e8b31,2002,South Korea,Midfielder,25.0
f15a419e-b7b7-57d7-a243-7863d12e8b31,2006,South Korea,Midfielder,29.0
90b235db-69a6-5dfd-a38e-28bbbf25de4b,1994,South Korea,Defender,28.0
1785945d-0456-5ccf-b9dc-ccb9be07b8d3,1990,South Korea,Goalkeeper,29.0
98935eed-82e4-5dca-bec5-1251cb2157ec,1986,South Korea,Defender,28.0
9fd8c430-90f9-5545-ad4f-0ba1f5b84cae,1986,South Korea,Midfielder,23.0
af5baec4-8704-5bbe-a220-47ca97bebfa5,2006,South Korea,Defender,30.0
e3445124-5a8d-5dad-8a8e-00a8b7ae5f5e,1966,North Korea,Forward,21.0
6d6d7860-34d3-55d2-8a02-984346dbb8fd,2018,South Korea,Goalkeeper,28.0
6d6d7860-34d3-55d2-8a02-984346dbb8fd,2014,South Korea,Goalkeeper,24.0
6d6d7860-34d3-55d2-8a02-984346dbb8fd,2022,South Korea,Goalkeeper,32.0
9e6af01a-4234-5cd8-a542-d40802a2c24c,2018,South Korea,Forward,30.0
9e6af01a-4234-5cd8-a542-d40802a2c24c,2014,South Korea,Forward,26.0
8aba96c3-c5bd-5a4d-819e-f32e0f13989f,2002,South Korea,Defender,32.0
8aba96c3-c5bd-5a4d-819e-f32e0f13989f,1998,South Korea,Defender,28.0
377d4d76-0f80-5150-b517-83b673a2861a,2006,South Korea,Goalkeeper,27.0
4f993aa2-3f63-5724-af33-539ea5e2d6d0,2010,North Korea,Midfielder,27.0
85025f4f-14b5-5e00-b558-8f0af6698da6,1986,South Korea,Forward,26.0
62f6e2ef-1c43-526a-8f72-34dd91e6c17c,2006,South Korea,Defender,30.0
49d8156f-85e4-5b15-b744-159641c72d2a,2018,South Korea,Defender,28.0
49d8156f-85e4-5b15-b744-159641c72d2a,2014,South Korea,Defender,24.0
49d8156f-85e4-5b15-b744-159641c72d2a,2022,South Korea,Defender,32.0
f753cde7-df60-55b8-8612-05434dd0a827,2010,South Korea,Goalkeeper,27.0
f753cde7-df60-55b8-8612-05434dd0a827,2006,South Korea,Goalkeeper,23.0
bfa62d64-4803-5510-ad56-32fd79d001dc,1966,North Korea,Defender,22.0
f48f7183-5310-5f7f-9e73-4f2d4f8b9720,2018,Germany,Defender,23.0
f48f7183-5310-5f7f-9e73-4f2d4f8b9720,2022,Germany,Defender,27.0
fe87b5ad-4f75-5c74-a33d-e12160bf437e,2018,France,Defender,23.0
ba7c21c3-560f-5a2b-800a-e97960154077,1970,Sweden,Midfielder,27.0
ba7c21c3-560f-5a2b-800a-e97960154077,1974,Sweden,Midfielder,31.0
213eeedd-0654-5aae-a673-99da68a31ce9,2022,Australia,Defender,22.0
79c6791d-97d6-5181-80e6-269c1330351f,2010,England,Defender,30.0
1b3acd27-4ed8-5cc2-baef-90da9866f97d,2010,Ghana,Goalkeeper,32.0
1b3acd27-4ed8-5cc2-baef-90da9866f97d,2006,Ghana,Goalkeeper,28.0
c3c50221-658a-523a-a165-d5df9b755544,1990,Czechoslovakia,Defender,32.0
54d3f0ea-5e6c-57f3-ba18-5b11d41f495a,2002,Republic of Ireland,Midfielder,30.0
9995df65-8060-5d7e-927c-b73ce98f1b3f,2006,Czech Republic,Goalkeeper,31.0
8693b920-593f-5449-8dcb-e040dafcff42,1986,Hungary,Forward,23.0
fdbc79d6-c89d-5bf2-9787-58fb8d02a910,1998,Bulgaria,Defender,25.0
73d7769e-c551-5364-a75d-30d03bbf683c,2010,Slovenia,Midfielder,26.0
7d772af1-1e8d-535a-8d94-39fe90565b27,1994,Germany,Forward,29.0
7d772af1-1e8d-535a-8d94-39fe90565b27,1998,Germany,Forward,33.0
f623bcaa-1dc4-5418-80d1-d389f73864c0,1994,Bulgaria,Defender,27.0
282f4602-476d-5c3a-94af-61c5a4695c58,1974,East Germany,Defender,23.0
d88211df-ed0a-52db-afe6-a143861b6404,1970,Soviet Union,Midfielder,24.0
6dfa6355-81a2-5e9d-8692-7c0e9abaf3cc,1998,Bulgaria,Defender,24.0
fe0d2574-3ea4-5f9b-92a2-53cf8f1ce1b1,1982,Hungary,Goalkeeper,25.0
af2720a3-89b4-5c4f-a4d3-f4562e03df79,1982,Hungary,Forward,26.0
9c7771a1-bdfd-5281-a497-7a9bb2adb7d3,1966,Bulgaria,Midfielder,28.0
9c7771a1-bdfd-5281-a497-7a9bb2adb7d3,1962,Bulgaria,Midfielder,24.0
7268ba73-5b1a-560f-880a-7242e442ab94,1938,Germany,Midfielder,26.0
f4b78291-b986-5178-baca-2724ec408d5f,2022,Poland,Defender,22.0
77e4b90e-bb4b-5baa-a2bb-328a72bd6f29,2014,Japan,Midfielder,25.0
8011b7e4-89fd-50de-8b60-8407780ac454,2002,Denmark,Goalkeeper,37.0
8011b7e4-89fd-50de-8b60-8407780ac454,1998,Denmark,Goalkeeper,33.0
07a7e4eb-e8f3-564b-9adf-38be3358881e,2018,Denmark,Defender,29.0
07a7e4eb-e8f3-564b-9adf-38be3358881e,2022,Denmark,Defender,33.0
07a7e4eb-e8f3-564b-9adf-38be3358881e,2010,Denmark,Defender,21.0
bc6ba4e4-bc8c-541c-9673-9c5e33f302f9,2022,Netherlands,Midfielder,29.0
13267f54-1c98-5f16-81c3-ed5d6272802f,2006,Croatia,Forward,26.0
a3de83f5-9192-5f5a-8107-c20cd0fd12ac,1974,West Germany,Goalkeeper,28.0
d9d346c0-623b-5b33-b24f-815228bb3e9b,1990,Romania,Defender,31.0
3087e3e3-52b7-51f4-92c2-3dc62084c94c,1934,Romania,Forward,21.0
1e102b63-4c28-53e5-a154-1720a297c1b6,1962,Colombia,Forward,26.0
67013912-938f-51c7-b4c6-8e1058400553,1994,Germany,Forward,30.0
67013912-938f-51c7-b4c6-8e1058400553,1998,Germany,Forward,34.0
c479bc4a-8330-5b08-ae4f-9aea06edfe2a,1990,West Germany,Forward,26.0
dbf87ff6-6394-55cc-a431-7bc28b21e183,1954,West Germany,Forward,28.0
dbf87ff6-6394-55cc-a431-7bc28b21e183,1958,West Germany,Forward,32.0
17c87b3f-edfe-5b22-86e7-c6219d8a5125,1994,United States,Forward,28.0
41f73bc6-c52c-5f4b-8e71-8137daa777d3,2014,Germany,Forward,36.0
41f73bc6-c52c-5f4b-8e71-8137daa777d3,2010,Germany,Forward,32.0
41f73bc6-c52c-5f4b-8e71-8137daa777d3,2002,Germany,Forward,24.0
41f73bc6-c52c-5f4b-8e71-8137daa777d3,2006,Germany,Forward,28.0
2f10efbf-c592-5846-b6ec-f998d294582d,2022,Germany,Defender,26.0
cdb1501b-9397-5c0e-aba8-0ef47a969a5a,1998,Netherlands,Forward,22.0
99b42531-07a6-5811-9b69-f9b1692db258,2010,Brazil,Midfielder,31.0
99b42531-07a6-5811-9b69-f9b1692db258,2002,Brazil,Midfielder,23.0
28c9468b-c168-5f21-8cd5-3b70220b965e,1974,Poland,Forward,23.0
c40f50cf-419c-5b24-a4bf-8716f3da50bb,1998,Austria,Goalkeeper,37.0
fa4b1366-b1e7-5de1-bd7b-7f6e42cd5616,2002,Slovenia,Defender,27.0
ff4ac303-12cd-54e1-983f-2e0fa4afb8e2,1990,Czechoslovakia,Forward,28.0
d11f6021-d9f8-51c9-909f-7196e28d5c2a,2018,Denmark,Defender,26.0
def30cd4-802a-51dc-a444-2a0064dedbce,1994,Switzerland,Forward,26.0
6c4e7675-f006-5764-a823-d51d203881a0,1994,South Korea,Forward,28.0
422eb777-d78a-51b9-b991-d7e186b7a793,1998,South Korea,Midfielder,20.0
b6a6712a-495e-5291-a6f9-5f1681d85c8b,2022,Switzerland,Goalkeeper,25.0
0ce0a122-d16d-54fc-9dd4-525a50d80a3a,1934,Germany,Forward,24.0
30b2f4de-81aa-51c6-86af-bdcdb09fcf32,1990,Czechoslovakia,Defender,32.0
cafa998b-d95c-5b7d-9729-4f02dfc9db20,1978,Hungary,Defender,29.0
16f008ae-0efe-5c24-b0c3-c3a8d461f3b4,1954,Hungary,Forward,25.0
5ff1e583-1b0e-5654-b894-fc3eb6215b5d,1990,Netherlands,Midfielder,29.0
9f273c89-9d22-5501-9f2b-a376665f549b,1994,Netherlands,Defender,31.0
9f273c89-9d22-5501-9f2b-a376665f549b,1990,Netherlands,Defender,27.0
10e62594-3b59-5968-bb46-7be452076a87,1994,Greece,Midfielder,33.0
89e08150-a86f-5cee-b3db-513237898a41,1998,Austria,Defender,31.0
468d81c4-57e0-5f98-b57c-1fc384a7d3c5,1990,West Germany,Defender,25.0
71d7c323-0e16-5b92-b0c6-d357e4b2f9fa,1994,Germany,Defender,29.0
71d7c323-0e16-5b92-b0c6-d357e4b2f9fa,1998,Germany,Defender,33.0
566ec49a-b7c2-5084-b672-74fd184210c7,1954,West Germany,Defender,30.0
f3e36b22-faf5-5f7d-8c90-ec882c3f5fa0,1938,Hungary,Forward,32.0
4719142a-ae4b-52ae-8184-396e96bcd9f4,1998,Japan,Goalkeeper,32.0
0a930f70-d5a1-5a2b-8824-92ead211e57b,2018,Spain,Midfielder,26.0
0a930f70-d5a1-5a2b-8824-92ead211e57b,2014,Spain,Midfielder,22.0
0a930f70-d5a1-5a2b-8824-92ead211e57b,2022,Spain,Midfielder,30.0
3b04c075-037b-5844-ba2d-55470c0768ee,2014,Russia,Forward,23.0
26a10a35-395d-50fe-b538-5012c12c3957,2018,Serbia,Defender,33.0
26a10a35-395d-50fe-b538-5012c12c3957,2010,Serbia,Defender,25.0
1eec0a03-c223-53ad-816f-6ea836c9a2aa,2014,Bosnia and Herzegovina,Defender,21.0
5c2ecaf9-0125-55b5-b4e4-038782399842,1974,Bulgaria,Defender,25.0
dade0d65-98e0-5b6e-9183-a80ef791e296,1986,Bulgaria,Midfielder,22.0
01f2ed2b-1879-5476-8cfb-2a306c66f3c5,1966,Bulgaria,Forward,36.0
01f2ed2b-1879-5476-8cfb-2a306c66f3c5,1962,Bulgaria,Forward,32.0
610f96e8-58d0-54e0-9fd2-15575d6b2881,1970,Bulgaria,Defender,28.0
543c3291-aa9e-54fb-a23e-465958efa5cc,1994,Greece,Defender,28.0
28ea825a-d3ca-593f-b665-4cfbae56a634,2006,Czech Republic,Forward,33.0
9fa9c556-e222-5e9f-8c4f-5720b7f076eb,1954,Austria,Midfielder,25.0
9fa9c556-e222-5e9f-8c4f-5720b7f076eb,1958,Austria,Midfielder,29.0
18d25a79-dbbd-5cf5-b010-ce299ffa0994,1954,Austria,Defender,22.0
18d25a79-dbbd-5cf5-b010-ce299ffa0994,1958,Austria,Defender,26.0
d5697baa-0215-515a-98aa-e87bf7e85577,2022,France,Forward,24.0
86daa7d8-b52c-513b-8556-507cc31f4c1c,1938,Czechoslovakia,Midfielder,24.0
4b94068f-a88a-558f-b2c7-63951254d6aa,2010,Slovenia,Midfielder,31.0
1e61f988-8e4a-5acc-b072-1d3ad5af3b36,2010,Japan,Defender,29.0
1e61f988-8e4a-5acc-b072-1d3ad5af3b36,2006,Japan,Defender,25.0
358c0a64-992a-5ddb-8456-338534613ce9,2014,Russia,Defender,27.0
2a0657cc-de6e-5e42-bb50-ce525014d78e,2002,Cameroon,Midfielder,22.0
f1ba3f35-cdbe-5c82-a99f-26c6aaa8da56,1998,Yugoslavia,Defender,27.0
72cdb4c3-c71a-5c59-9e0d-5407322c0712,1986,Poland,Midfielder,27.0
48012a39-4797-5b50-9d5d-9909015db374,2018,Belgium,Defender,32.0
48012a39-4797-5b50-9d5d-9909015db374,2014,Belgium,Defender,28.0
c656d745-a52e-53bf-b391-578ff7b4752f,2022,France,Defender,23.0
d1770795-5707-57fb-bbe1-be39b1e6456c,2018,Senegal,Forward,25.0
007643e3-1959-52ff-9512-481362147472,1978,Austria,Goalkeeper,30.0
007643e3-1959-52ff-9512-481362147472,1982,Austria,Goalkeeper,34.0
d4d9a117-5b08-5377-a943-a653a0270b39,2014,Greece,Midfielder,27.0
8e7c4921-43d6-5f32-96f1-c2993d5aef70,2014,Netherlands,Defender,20.0
ff868456-9022-5003-819f-08ff79ce1ba3,2014,Japan,Defender,31.0
ff868456-9022-5003-819f-08ff79ce1ba3,2010,Japan,Defender,27.0
0493c4ca-4208-513f-a96f-fa16486ab4e1,1978,West Germany,Defender,26.0
5dd8acb2-df70-5ead-9ef4-775e7b9f5caa,1990,Austria,Goalkeeper,26.0
cbdd75e1-02f0-5dab-b52d-4c14b1d7dbd1,1934,Romania,Goalkeeper,21.0
d52e24a2-c396-5ff4-900f-29c05f052bd9,1990,Austria,Goalkeeper,28.0
d52e24a2-c396-5ff4-900f-29c05f052bd9,1998,Austria,Goalkeeper,36.0
1aa5fca3-df1a-59a6-8071-29fa4716d54c,2006,Ivory Coast,Forward,23.0
b1e4109e-05dd-5848-9942-3463688a5a06,2006,Ivory Coast,Forward,25.0
523ad6e8-4e9a-50d4-97b6-3233f68adefc,2010,Ivory Coast,Midfielder,24.0
b7beb298-ef5d-5ee1-a11f-fe389cfff3d9,2022,Canada,Midfielder,20.0
799a9827-ce22-5251-8ec1-51dbcfb23000,2018,South Korea,Midfielder,29.0
799a9827-ce22-5251-8ec1-51dbcfb23000,2014,South Korea,Midfielder,25.0
f14ea9df-c6f3-58a5-93b5-57b481bf5c3d,1994,United States,Defender,31.0
0712bad3-9b59-5769-8a43-36c4c8da6a70,2022,Netherlands,Midfielder,24.0
52b26762-d58e-5a6c-823c-fcfcdbb90dae,1954,France,Midfielder,23.0
52b26762-d58e-5a6c-823c-fcfcdbb90dae,1958,France,Midfielder,27.0
fac5d981-4fc3-5b9b-b518-cc658ca4bdf3,1938,Czechoslovakia,Midfielder,26.0
fac5d981-4fc3-5b9b-b518-cc658ca4bdf3,1934,Czechoslovakia,Midfielder,22.0
ac8c9613-fd9a-5c3a-adf2-9cd4cec3019b,2010,Slovakia,Midfielder,26.0
2ce64dee-faeb-5883-9860-2f3e0d629001,1934,France,Forward,26.0
0c71090b-a636-5422-8d97-865bd0979def,1938,Poland,Forward,24.0
1672dc5c-ae60-5c15-b736-49b0cf4b7701,1978,Iran,Goalkeeper,25.0
edc599c3-767b-5f2f-a9e9-cc7297e1b369,2010,Slovenia,Midfielder,30.0
fecc83c9-14db-5316-8795-7e17ce5a8bd6,2002,Turkey,Defender,34.0
7ffb8bc6-0ed1-5da1-b5a2-1a8db754877a,1994,Russia,Midfielder,27.0
44873d9a-e733-507c-8c34-e5d6bb7079db,1966,Soviet Union,Defender,27.0
a97b6113-cb4e-585e-99c5-c22a063ed381,2006,Serbia and Montenegro,Midfielder,28.0
dc6713a8-6dab-54ec-aae9-c204d9c978f7,1938,Hungary,Defender,31.0
705ad6dc-718f-5bd3-aaac-e83257706fa0,1962,Czechoslovakia,Forward,27.0
2a2a05f3-d8c5-569e-be62-bfa5749bb877,2014,France,Defender,29.0
fc3a5657-6cc3-5e4f-8e93-cf5ba0fbd99c,1962,West Germany,Midfielder,25.0
6adefba2-0963-5e9c-acec-26b9271515e3,2006,Poland,Midfielder,29.0
c64b0df6-e42c-5452-871c-7f300eed3521,1994,Bulgaria,Forward,27.0
c64b0df6-e42c-5452-871c-7f300eed3521,1998,Bulgaria,Forward,31.0
4269cb4d-3ccd-5d2f-98a3-48f6dc9f2cb1,1986,Bulgaria,Forward,27.0
f3685709-78f7-52c6-bd68-27c1e9b535c9,2018,Serbia,Midfielder,26.0
f3685709-78f7-52c6-bd68-27c1e9b535c9,2022,Serbia,Midfielder,30.0
3c25a6ee-d18f-5e1a-92d1-e2e4eb985e42,1966,Bulgaria,Midfielder,28.0
3c25a6ee-d18f-5e1a-92d1-e2e4eb985e42,1962,Bulgaria,Midfielder,24.0
ba33a134-4627-5f6d-b8e8-c395f9fedf2a,1962,Bulgaria,Defender,26.0
9ebfebbf-41ab-56e1-8947-b15030d030eb,1978,Poland,Goalkeeper,23.0
844b76bc-140b-51b3-9734-a6edcdf3996f,1966,Bulgaria,Forward,28.0
f3b8e9dd-a9c3-55ba-bd4e-2af0808a7ecd,1934,Romania,Midfielder,23.0
aa4d8dbb-133b-5adf-a9e8-26d55f4c9e67,1962,Soviet Union,Goalkeeper,26.0
df0e67c1-87d7-5177-aa4f-50d2af59f9aa,1958,Hungary,Midfielder,29.0
e4e25298-fec9-5347-b086-e637dd0b078a,2006,Ivory Coast,Defender,31.0
d3001738-7141-5d84-89fd-58054233c0c8,1962,Czechoslovakia,Goalkeeper,24.0
77d277a2-26dc-56fe-8791-afdfe14a724e,1982,Algeria,Defender,28.0
974c07d2-d12f-59a3-954e-cb702793d1e9,2018,Senegal,Defender,27.0
974c07d2-d12f-59a3-954e-cb702793d1e9,2022,Senegal,Defender,31.0
2982d39b-838f-5c0e-aa1f-1cb52e47efcb,2002,South Africa,Forward,28.0
07dd5ad6-7860-5f60-8308-1d495044c02e,2022,France,Defender,24.0
e72138f4-396a-5659-bfec-95e6d1cf13e1,1986,Algeria,Defender,32.0
e72138f4-396a-5659-bfec-95e6d1cf13e1,1982,Algeria,Defender,28.0
57a0f2f7-9746-5e8e-9a0a-94bcd08ef4b3,2018,Senegal,Defender,29.0
57a0f2f7-9746-5e8e-9a0a-94bcd08ef4b3,2022,Senegal,Defender,33.0
bc98b466-d467-53de-8b07-a70d2f30e629,1962,Bulgaria,Midfielder,28.0
00cade4c-a2df-505f-9f7a-1fa226274a9a,2002,Croatia,Midfielder,31.0
00cade4c-a2df-505f-9f7a-1fa226274a9a,2006,Croatia,Midfielder,35.0
cd898471-1b8a-592f-b0e0-ab71899ea238,2002,Croatia,Defender,28.0
cd898471-1b8a-592f-b0e0-ab71899ea238,2006,Croatia,Defender,32.0
c974d1c3-f684-5ced-844f-ae8e118b6191,1998,Yugoslavia,Forward,25.0
366f4532-0150-5784-bcc1-e6f75a390a16,2006,Serbia and Montenegro,Goalkeeper,32.0
1d623653-63ff-597f-bc9b-4c442483ec2d,1962,Yugoslavia,Midfielder,22.0
4c77cb6b-58e0-5860-bf14-cd1a466944bb,2018,Croatia,Midfielder,24.0
4c77cb6b-58e0-5860-bf14-cd1a466944bb,2014,Croatia,Midfielder,20.0
4c77cb6b-58e0-5860-bf14-cd1a466944bb,2022,Croatia,Midfielder,28.0
ee0ed512-2d0d-5b94-8b01-244bc2278ff1,2002,Russia,Defender,32.0
610311ac-af82-50c5-9287-9cd2a5edf52b,1954,Hungary,Midfielder,33.0
06cd61fa-08a1-57ca-af56-8e0d4ff76816,1986,Hungary,Forward,21.0
18ad811c-736e-5059-8854-16aac3be8efc,1978,Hungary,Goalkeeper,27.0
5634cead-82ee-5069-a8ac-76241267688e,1930,Romania,Forward,19.0
61f4c271-176a-5a7c-9d50-07df15268de4,1938,Romania,Forward,27.0
61f4c271-176a-5a7c-9d50-07df15268de4,1934,Romania,Forward,23.0
d6e7a2ea-3265-52a5-a6a2-c40cf1c602eb,2006,Czech Republic,Defender,27.0
2d023fbf-cc27-5dad-8b15-c5ff82592422,1938,France,Forward,25.0
6e64868d-51d7-5a79-9a44-0a30ae876036,2018,Poland,Forward,21.0
4ce1c573-e7f9-5a62-b42d-3cbe0f46ab59,1958,Austria,Midfielder,27.0
fba6799b-c5c1-563b-af36-3b53fa76d5a8,1958,Austria,Forward,21.0
f64656f9-1664-53e7-85b9-2674ced1a421,2014,Russia,Defender,28.0
0e149308-edd6-5511-8b1e-49f2f83af254,1998,Croatia,Forward,31.0
35a4731c-dd45-5c9f-8e61-75f747871d31,1982,Czechoslovakia,Midfielder,28.0
0ecf0578-5264-5674-b2fd-578747870a92,2010,Slovakia,Midfielder,30.0
bdce70da-0498-5384-9725-6e4d6fa938a8,1954,Czechoslovakia,Forward,24.0
388febcc-5a08-5bd0-9722-468ce2384e5b,1938,Czechoslovakia,Midfielder,29.0
388febcc-5a08-5bd0-9722-468ce2384e5b,1934,Czechoslovakia,Midfielder,25.0
ca026c39-724c-5644-80d2-4836dd5ffb95,2002,Poland,Midfielder,31.0
c89aa642-437a-5d98-83a8-2a1bcd36c854,2018,Sweden,Defender,24.0
e8548d96-5208-583c-b64e-3ed6dd4c8ef8,1986,Soviet Union,Goalkeeper,26.0
39f6899a-76dc-584a-a450-c3dbdfc07ce9,1954,Yugoslavia,Goalkeeper,30.0
446ce226-6936-51fe-8baa-1944e79fc2e0,1998,Yugoslavia,Goalkeeper,25.0
9e28c5da-f89f-5abb-96d0-49b8946f2cf7,2018,Croatia,Forward,27.0
9e28c5da-f89f-5abb-96d0-49b8946f2cf7,2022,Croatia,Forward,31.0
6c84e7c1-20e4-592d-807f-cd52542f6908,2014,Germany,Midfielder,23.0
2b8b5880-452e-5859-9de3-7e65aa925780,2006,Croatia,Midfielder,22.0
810a2961-81de-598e-bf3d-d44df3201b5c,1978,Austria,Forward,25.0
810a2961-81de-598e-bf3d-d44df3201b5c,1982,Austria,Forward,29.0
2e0e3a9f-2666-572f-a38d-6de5c20a1a7c,2010,Serbia,Midfielder,26.0
c96e28f5-9fdf-5bbb-bb9f-1ccf40cc0007,1962,West Germany,Forward,28.0
de03c1e9-9c99-523d-a4b4-537c12a699ed,1954,Czechoslovakia,Forward,22.0
de03c1e9-9c99-523d-a4b4-537c12a699ed,1958,Czechoslovakia,Forward,26.0
c9858077-8a0a-5f38-88c0-1f4469585bbe,1982,Austria,Defender,25.0
2c700996-fd68-59d8-98be-8e9bd2af7a19,1974,East Germany,Forward,27.0
86986503-5bd6-51dd-9e8c-82470a7fd89e,1994,Bulgaria,Defender,25.0
5bc5977c-7c77-5030-87c1-8e06d9bbccd0,1974,West Germany,Defender,25.0
b189658e-aaa6-5ab5-a50e-59bc7f102983,1938,Czechoslovakia,Forward,26.0
6b7c7a80-777f-58a9-a3bb-52f642126af8,1978,Austria,Forward,29.0
015d30d2-1f5a-5aa1-9ca2-0381f6bb0d22,1934,Germany,Goalkeeper,28.0
c406df39-e29d-5806-a54a-c63c1535e6fd,2010,Slovenia,Midfielder,20.0
aa3bca3e-a850-5a61-8d98-f3628de914da,1978,Austria,Midfielder,32.0
840b5965-e029-5806-843a-a20ca0557c27,2022,Denmark,Defender,25.0
66a24a8c-c670-5a9a-adcc-b2dd404fa7e4,1970,Sweden,Defender,28.0
7df832fd-a788-588a-bf9b-c5584acb7eaf,1958,Yugoslavia,Goalkeeper,30.0
7df832fd-a788-588a-bf9b-c5584acb7eaf,1962,Yugoslavia,Goalkeeper,34.0
8685829a-12ad-535b-8afa-43b0ac4dae28,1958,Soviet Union,Midfielder,32.0
99e85ec5-b3d7-521b-abe4-edc5a9c27792,1982,Yugoslavia,Defender,24.0
32504426-779d-576c-826c-bb355fd3c982,1998,Denmark,Goalkeeper,35.0
b4ad8c25-3b1a-581c-9542-cccf3af9e4e6,2018,Denmark,Midfielder,35.0
58443b47-0acc-58ed-9115-6ef6860e6a31,1978,Netherlands,Defender,29.0
58443b47-0acc-58ed-9115-6ef6860e6a31,1974,Netherlands,Defender,25.0
208b2beb-b263-55af-8eb4-dd5cfe185f4a,2006,Netherlands,Defender,26.0
7ffc9985-8134-5724-bf69-e20729814c07,1934,Sweden,Forward,28.0
89987235-2a0d-52ad-a6c3-0a97d10d673b,2018,Germany,Midfielder,28.0
89987235-2a0d-52ad-a6c3-0a97d10d673b,2014,Germany,Midfielder,24.0
89987235-2a0d-52ad-a6c3-0a97d10d673b,2010,Germany,Midfielder,20.0
8337bdc1-c5bc-5702-a87b-328e31dca3a2,1998,Croatia,Forward,24.0
26701c8a-6caf-5a77-a1ca-31f97ed7e6ad,2006,Serbia and Montenegro,Defender,32.0
5fdc4399-a771-5046-9378-408803f9457e,1958,Yugoslavia,Midfielder,26.0
f945ee6f-9427-5882-9b65-9325a0c860a0,2014,Netherlands,Goalkeeper,26.0
19d9dfcd-ba22-536f-a61a-a9bc81c58a62,1990,United States,Defender,27.0
3404793d-140b-5265-828c-4713a1b64c26,2018,Australia,Forward,30.0
19280f2d-c60e-597e-b103-99196d1c0b1c,2018,Poland,Midfielder,28.0
19280f2d-c60e-597e-b103-99196d1c0b1c,2022,Poland,Midfielder,32.0
079b24fc-ad2d-5fef-8d75-71906fe4e12b,2002,Poland,Forward,28.0
187369c0-e3e4-5aaf-b979-c842b2596783,2002,Poland,Midfielder,26.0
187369c0-e3e4-5aaf-b979-c842b2596783,2006,Poland,Midfielder,30.0
fa38aeb2-9e71-56d5-b904-f0e1c86d319d,1954,Czechoslovakia,Defender,29.0
a7e4bd92-44bc-51e5-b15c-e9bd0475c1b9,1966,West Germany,Forward,26.0
4d80cae2-022a-5a77-8419-c46144de8205,2010,Denmark,Defender,31.0
0f25cf28-0cab-52e3-b77c-b484062e9586,1934,Czechoslovakia,Midfielder,28.0
7da07314-53bb-5673-ba63-f2ec81d45b45,1986,Poland,Defender,23.0
fd8274e8-9fa3-5d15-aa7f-dc0dc91cd407,2022,Japan,Midfielder,21.0
63d3f69b-ef79-539a-b730-4e792a4f7029,1954,West Germany,Goalkeeper,24.0
d95bbf11-6370-5385-be09-fecacd641476,1990,Czechoslovakia,Midfielder,26.0
dd5d8be0-bcb9-5bd2-a58f-11dd63c99bbc,2002,Poland,Forward,30.0
241c75e6-0c52-5d83-9f74-72f5dec14863,2010,Slovakia,Goalkeeper,25.0
d18bd109-c06f-5ffb-a6c1-f21e479c11d3,2010,Slovakia,Midfielder,23.0
04ea037a-2e2e-539f-9292-f19ce9713f59,2018,Russia,Defender,31.0
882026e2-84ee-557b-8d08-81e77b21de32,2022,Ghana,Midfielder,22.0
3dbbc9ba-ad05-5843-8386-4ce374b3de04,2006,Ghana,Defender,30.0
8aaa372a-8015-5922-9d73-c679785479d8,1962,Hungary,Forward,22.0
23905a88-302a-5dab-b28d-616702978d4f,1966,Switzerland,Forward,23.0
bc01dd15-b8e4-5051-b53a-b5ae554b23b3,1978,Poland,Goalkeeper,30.0
e1c0b520-5959-5954-aacc-5cc1fb120fdf,1982,Czechoslovakia,Defender,25.0
1544c992-eb31-527f-b58e-dd8e4ddda4c1,1970,Czechoslovakia,Midfielder,23.0
c59c0631-da80-57f9-8ab4-a3d88d2c17f7,2022,Cameroon,Midfielder,27.0
ada1cc96-5006-5963-9800-a9906e27548d,1990,Cameroon,Defender,34.0
ada1cc96-5006-5963-9800-a9906e27548d,1982,Cameroon,Defender,26.0
f2e0d498-8bb5-5709-a9e8-d9bd81d6f92d,1994,Germany,Forward,32.0
f14406a7-e6af-5a68-b796-374b3d38522c,2022,Australia,Forward,18.0
bdc62ab4-583d-56f9-a338-2f451ce087aa,1978,Poland,Defender,23.0
bdc62ab4-583d-56f9-a338-2f451ce087aa,1982,Poland,Defender,27.0
476ddd1b-2ec8-5188-8b12-9b92f7efb98d,1938,Germany,Midfielder,24.0
f4f8213c-d2de-508a-9770-c22fda2ae4e1,1962,West Germany,Defender,22.0
70bfd29f-47f2-5ac4-8029-3d0bcae3b9bf,1974,East Germany,Defender,24.0
ebe68b96-decb-5060-b28a-03615c50efaf,2018,Poland,Midfielder,25.0
c92ca59a-267f-54ff-9dec-c63426c46e61,1978,Poland,Midfielder,24.0
c92ca59a-267f-54ff-9dec-c63426c46e61,1974,Poland,Midfielder,20.0
c92ca59a-267f-54ff-9dec-c63426c46e61,1982,Poland,Midfielder,28.0
29b3d8e3-8cdb-51b9-bc7b-eaf26f2e22a9,2006,Poland,Goalkeeper,24.0
d8e8f59b-7bcb-535b-a579-201fc2dc09b4,2018,Russia,Defender,25.0
665a2b79-7fd6-5bc4-8f67-dd22cdedf958,2014,Netherlands,Forward,34.0
665a2b79-7fd6-5bc4-8f67-dd22cdedf958,2010,Netherlands,Forward,30.0
665a2b79-7fd6-5bc4-8f67-dd22cdedf958,2006,Netherlands,Forward,26.0
3d5f7cf7-08a6-505c-8231-27289ac32b70,2010,Serbia,Midfielder,23.0
0d87d277-075c-5126-bdb0-a42c26d9778f,1958,Soviet Union,Defender,30.0
565e2376-2ce9-56b1-b786-1daddeb85096,1994,Russia,Defender,29.0
aedcc7ef-dd2d-5c33-836b-b03fa2770225,1990,Soviet Union,Defender,27.0
aedcc7ef-dd2d-5c33-836b-b03fa2770225,1986,Soviet Union,Defender,23.0
7f37c08c-fea7-5ca0-b8e4-35f35bf1a1ab,2018,Russia,Midfielder,25.0
8304506b-55cd-5d44-8d98-55009249150a,1938,Norway,Forward,24.0
6900d220-5a06-5662-8323-600da2daa51e,1970,Czechoslovakia,Forward,34.0
6900d220-5a06-5662-8323-600da2daa51e,1962,Czechoslovakia,Forward,26.0
aad9ac61-78c2-5b0f-b6de-61f706efb262,2018,Denmark,Defender,33.0
aad9ac61-78c2-5b0f-b6de-61f706efb262,2010,Denmark,Defender,25.0
1bc76476-b4aa-50ef-b0f4-03eaa938f408,2014,South Korea,Defender,33.0
5f49f725-f347-5a88-96d6-b3c2f81445d3,2014,Ghana,Goalkeeper,27.0
e736978d-310a-52f2-bb0c-6448c327bf33,1954,West Germany,Goalkeeper,28.0
e736978d-310a-52f2-bb0c-6448c327bf33,1958,West Germany,Goalkeeper,32.0
e22f70b2-6efc-54a1-a3e8-a1bd900f5b8c,2022,Ghana,Midfielder,26.0
22b61af7-4f70-5b97-814f-df5e2faf3326,2010,Greece,Defender,31.0
a4db4691-05c8-55c1-a652-a37eb20b5105,2022,South Korea,Defender,30.0
16ba28ba-97be-592d-a77b-c96b71342ba2,1966,Hungary,Defender,24.0
87d07fc3-1915-5e7d-9cd9-0fe1748a6a50,1954,Hungary,Defender,25.0
87d07fc3-1915-5e7d-9cd9-0fe1748a6a50,1958,Hungary,Defender,29.0
151fa876-debe-5124-a7aa-825edd1abf38,1958,Sweden,Forward,27.0
5a26a2bd-2faf-5141-95f3-4d5bfc115f29,1938,Sweden,Defender,31.0
ba82fc8b-bb72-58e0-9808-f2f5835e34fe,2006,Sweden,Midfielder,24.0
5c11d9b6-34bf-5c7e-b415-53c0042b445f,1994,Sweden,Defender,25.0
0fb45fb5-e051-56bb-8efe-7af3a8c5c97d,2022,Switzerland,Goalkeeper,24.0
04a0e85e-981e-5073-8afd-07456759565a,1990,West Germany,Goalkeeper,28.0
71f116a0-8587-58a6-a2c1-2ea34ba499a6,1994,Germany,Goalkeeper,32.0
71f116a0-8587-58a6-a2c1-2ea34ba499a6,1998,Germany,Goalkeeper,36.0
87f1333f-4257-5a4d-8b9a-bce46fdc30b3,1954,Austria,Forward,28.0
87f1333f-4257-5a4d-8b9a-bce46fdc30b3,1958,Austria,Forward,32.0
27aab9c9-a683-54bf-9a4b-295b95bec9c0,1954,Austria,Forward,30.0
3a322be7-6114-561e-bf32-2ab12d39a1eb,1998,Austria,Midfielder,27.0
6cbd9fe0-f05b-55ed-997e-63cf52857bef,1966,Switzerland,Forward,20.0
f36e0815-7b12-5c6f-b16d-5f99737ea379,1954,Turkey,Forward,29.0
3c6273b6-13c0-538c-9cfd-ce546fdaaad4,2002,Poland,Defender,29.0
799f1891-aee6-58ef-9d3e-adcee85f19d3,1982,Czechoslovakia,Forward,23.0
9620ee87-7217-52c8-8ab7-9b7f9ca8e548,1978,Peru,Forward,26.0
9620ee87-7217-52c8-8ab7-9b7f9ca8e548,1982,Peru,Forward,30.0
577e97cb-b1e4-5797-a29c-060e4827d9be,1978,Argentina,Goalkeeper,26.0
a041c1e6-9487-5fdb-9da6-78db333266b6,1954,West Germany,Defender,29.0
e3e07ada-0e36-5167-8c83-26d9afdfe5b0,1978,Peru,Midfielder,22.0
f9972162-5cca-5939-a414-362ec3a5af66,1978,Tunisia,Midfielder,28.0
7f79db21-d8b6-5199-b168-693f5cce242f,1978,Tunisia,Defender,24.0
a4742228-83f8-5489-ae3c-1fab91eccabc,1970,England,Defender,30.0
7f0041cd-a899-590d-8968-048bcb48a94b,1958,Argentina,Forward,40.0
362c9e61-cd13-5c65-b6e2-4b30b9c22872,2014,Algeria,Midfielder,30.0
362c9e61-cd13-5c65-b6e2-4b30b9c22872,2010,Algeria,Midfielder,26.0
96f325f4-3ecb-56a1-91f6-d15b214c0786,1958,Hungary,Forward,25.0
dec99d1c-07c0-51d6-8886-1555bec85387,1978,France,Forward,26.0
dec99d1c-07c0-51d6-8886-1555bec85387,1982,France,Forward,30.0
c97a24c1-0a9a-5790-83cc-2911bed27e21,1998,Croatia,Goalkeeper,35.0
a5497811-0232-5a42-bacf-17ac715f96f8,1958,France,Midfielder,31.0
e37a43a4-8448-5f1c-b79f-feeefc8cc825,1934,Spain,Forward,27.0
dff0edcd-8b7f-50c7-9d90-0ca48310e527,1994,Morocco,Forward,32.0
d5501c25-924f-535b-928c-82893aa2e2d2,2014,Germany,Defender,31.0
d5501c25-924f-535b-928c-82893aa2e2d2,2010,Germany,Defender,27.0
d5501c25-924f-535b-928c-82893aa2e2d2,2006,Germany,Defender,23.0
c9afbcad-a1b0-5870-8313-d598dcd56e3a,1978,Tunisia,Forward,29.0
57fa3217-e1a2-5217-92f0-fffdb1f2901b,1982,Honduras,Forward,24.0
dc9edbe6-cad6-5320-9e76-81eb5ec235d7,1994,United States,Defender,24.0
dc9edbe6-cad6-5320-9e76-81eb5ec235d7,1998,United States,Defender,28.0
572b62c5-8c34-51c4-8b28-7242a8bd6e92,2014,England,Midfielder,26.0
dfcb9d16-4122-5349-ac0e-d67c039a7732,1998,France,Goalkeeper,35.0
d9a8c0c5-e6d6-5a06-821a-8813beadda75,1954,Mexico,Forward,24.0
c38b61b4-3268-52e8-9c69-7a9596adebe6,1998,Scotland,Midfielder,29.0
eff70c35-4c89-5a41-8e68-2952e748297f,1970,Belgium,Forward,26.0
24e6fa48-495e-5407-9467-bacca6afdc9b,2014,England,Forward,32.0
221bdc04-3c4b-58dd-a586-ad4d3f01f642,1934,Belgium,Forward,23.0
850b4352-f23b-5f2f-bcb7-76b34218ac86,2014,England,Midfielder,36.0
850b4352-f23b-5f2f-bcb7-76b34218ac86,2010,England,Midfielder,32.0
850b4352-f23b-5f2f-bcb7-76b34218ac86,2006,England,Midfielder,28.0
c8ff5370-58a6-5afe-8837-4a3dd05cdb6b,2022,Ghana,Defender,22.0
7b3cb2fd-17d6-5b07-ac5f-9817ff5f2011,1970,Morocco,Defender,24.0
ccdab6bc-19cc-5267-b5fb-a58e807f59d5,1986,Morocco,Defender,27.0
9ea97886-6425-536a-992a-d73cc3a67598,2006,Angola,Goalkeeper,25.0
c2b606cc-e8ff-5021-8c5f-407b05cdb65a,1966,Chile,Forward,24.0
c2b606cc-e8ff-5021-8c5f-407b05cdb65a,1962,Chile,Forward,20.0
9749ee4f-efe7-5d16-a770-850268040d55,1966,Italy,Defender,22.0
5376f37b-bd56-510c-8d09-e296e6b90ca6,2014,France,Goalkeeper,35.0
5376f37b-bd56-510c-8d09-e296e6b90ca6,2006,France,Goalkeeper,27.0
2f729c5f-8e60-5037-90d9-8e3fcd205c6c,2006,Netherlands,Midfielder,30.0
b674aec7-8915-5c9c-8b21-02fa14b1dba9,2018,Switzerland,Defender,27.0
b674aec7-8915-5c9c-8b21-02fa14b1dba9,2014,Switzerland,Defender,23.0
a75f4ff2-a911-5493-b6d2-02aa1e123bdb,2022,Netherlands,Forward,23.0
7c5314fc-c05b-506b-9fba-8df632e8f204,1934,Netherlands,Forward,25.0
9032f478-1f4b-51ad-b60b-10720548dfe9,2014,Australia,Goalkeeper,26.0
025eff42-3699-5d11-9c48-e7bae1fdbb48,1930,France,Forward,22.0
7a8bcd3f-b8ac-59d2-bd00-f636913b858f,1962,Uruguay,Midfielder,23.0
50bc5010-4b03-5178-91c3-6796e0d882f2,1954,Hungary,Defender,26.0
008d912e-f316-5161-9109-d2a0181e3988,2006,Ecuador,Goalkeeper,24.0
9c57c074-88ab-54f7-b297-89cb24a7483e,1966,Spain,Forward,28.0
c5153ee0-01b3-592e-83d5-dec61b3d4623,2022,Spain,Defender,28.0
5384abcb-d177-5c50-b044-9d2ef47b9cf6,1994,United States,Defender,24.0
b6257520-6d24-5088-b3ec-845dc21e66e1,1974,Chile,Midfielder,28.0
174249b9-6233-5a1c-b7a7-77794f21a8ba,2006,Ecuador,Midfielder,26.0
8ec13e36-bdc2-52b1-9aa6-03f57f3d573f,1930,Bolivia,Midfielder,27.0
70a4f654-9a02-5d68-9fe3-f365522503bb,1998,Mexico,Midfielder,25.0
1f88aad3-bae7-5220-a1dc-87ca0c68a6d5,1982,Algeria,Midfielder,30.0
e3c963ff-0c37-585d-a208-26ede8b7c9ac,1966,Bulgaria,Defender,30.0
618837aa-a41c-5738-a471-e9d6550fe3b8,2022,Canada,Forward,27.0
19c77008-573a-5826-b24d-45734ac69b7a,1986,Soviet Union,Defender,29.0
202f11cb-8cbe-5559-b850-451278c2f96a,1982,France,Midfielder,26.0
ef6af10e-f8f5-5dcd-879a-a205f319de35,1986,Mexico,Goalkeeper,26.0
55862e59-0d9d-544c-9665-3c57932f7def,1978,Argentina,Midfielder,31.0
3fe92021-807b-52f3-8629-f0917e60ce4d,2010,Denmark,Forward,29.0
da7fcd1c-ac5e-521f-b7ac-83a77d1ffdbd,1978,Sweden,Midfielder,34.0
da7fcd1c-ac5e-521f-b7ac-83a77d1ffdbd,1970,Sweden,Midfielder,26.0
da7fcd1c-ac5e-521f-b7ac-83a77d1ffdbd,1974,Sweden,Midfielder,30.0
9f50ff09-15d5-58e6-a454-fabe6c5180ae,1994,Sweden,Forward,23.0
9f50ff09-15d5-58e6-a454-fabe6c5180ae,2002,Sweden,Forward,31.0
9f50ff09-15d5-58e6-a454-fabe6c5180ae,2006,Sweden,Forward,35.0
d58039c4-0337-5ea3-bd6c-cfd99e2fe158,1978,Sweden,Midfielder,25.0
73786816-54a3-5692-b530-15c0f55bad43,1990,Sweden,Defender,29.0
4b9512a7-bffd-573f-9fd2-bbd836696b0f,2018,Sweden,Midfielder,33.0
ad3bb5ad-db01-5ba5-8ccf-8cfea5742683,1970,Sweden,Goalkeeper,30.0
ad3bb5ad-db01-5ba5-8ccf-8cfea5742683,1974,Sweden,Goalkeeper,34.0
809c0bcd-49fb-5f19-bbae-f87f26828f9c,2022,Canada,Defender,27.0
a905b792-6520-5ae7-8c6a-d7adaa4b4dd7,2006,Trinidad and Tobago,Midfielder,38.0
01045d8e-427e-59a0-9ad3-a5690069b5d4,1934,Egypt,Forward,25.0
80f8cb93-9bc4-5e4e-84b8-310fd631ae51,1998,Iran,Forward,22.0
91ee4735-acc4-5e2a-bf5f-3876d20190dd,1978,Poland,Forward,28.0
91ee4735-acc4-5e2a-bf5f-3876d20190dd,1974,Poland,Forward,24.0
91ee4735-acc4-5e2a-bf5f-3876d20190dd,1982,Poland,Forward,32.0
1dc08883-8ee8-534c-a1b0-46431fb29ade,1974,East Germany,Midfielder,28.0
65b7d45a-b456-5106-bd9a-0912abd1246c,1998,Denmark,Forward,29.0
bd69831c-60ce-5e57-b2c3-283ee0d25020,1986,Denmark,Midfielder,22.0
bd69831c-60ce-5e57-b2c3-283ee0d25020,1998,Denmark,Midfielder,34.0
93b230c2-85ea-50eb-8519-2bd2cea5700b,2002,Cameroon,Defender,25.0
93b230c2-85ea-50eb-8519-2bd2cea5700b,1998,Cameroon,Defender,21.0
1dbf456f-01bb-54c8-bcbd-46069bef2da9,1930,France,Defender,24.0
24b2264a-dbab-513a-b92d-e7a6d48d4cd9,1930,France,Forward,23.0
24b2264a-dbab-513a-b92d-e7a6d48d4cd9,1934,France,Forward,27.0
89dbc83b-bf94-53ae-b554-056beca9d275,1998,Denmark,Defender,27.0
556dc255-3a7b-5c97-a035-f9a171c3c4e0,2002,Denmark,Defender,25.0
17d8b7e8-7874-521a-95b6-c95868c88fdb,1930,Peru,Forward,19.0
ed0fd44d-a9bb-5943-b7e5-791bc54033b0,2014,Argentina,Forward,29.0
90f8465e-51ec-5dc8-a227-16d2cb9f8d52,1974,Scotland,Forward,34.0
0a9cec8a-dc5b-5db8-8712-080d60c699a7,2002,Nigeria,Midfielder,28.0
0a9cec8a-dc5b-5db8-8712-080d60c699a7,1998,Nigeria,Midfielder,24.0
da80a506-de04-50ef-a10f-dce7392b317c,1998,Jamaica,Goalkeeper,28.0
4c3b7f0b-1e6e-5c88-b45b-b1ac7649149e,2006,Trinidad and Tobago,Defender,32.0
cddae141-bf6a-50f1-a8d9-c2a34c490348,2018,Uruguay,Midfielder,25.0
ef3f1cdb-1c7e-58c7-baa3-809183e5474c,2018,Mexico,Defender,30.0
ef3f1cdb-1c7e-58c7-baa3-809183e5474c,2014,Mexico,Defender,26.0
8e96707c-43d1-52fc-83a9-4a42dfa9b1cd,2006,Australia,Defender,34.0
1f802a00-2bef-58d9-be68-20925535f742,2010,Serbia,Forward,27.0
be59ce07-795e-5e5f-b4ca-9848b18b8671,2022,Serbia,Midfielder,32.0
eea4b8b4-a692-5498-9412-4999911195ba,2022,Tunisia,Midfielder,26.0
9f7af80b-c2f5-5e14-a319-8697c71dfce1,2010,Algeria,Defender,29.0
52292a23-981c-5211-b946-e6b22d2c1744,1986,France,Defender,26.0
1a9041db-bc0b-5018-8e74-ab02b818c5ed,1998,England,Defender,30.0
89db1ead-1ac7-554c-8d3b-aa56dfcae73c,1978,Spain,Midfielder,25.0
0c8d10cf-a510-57af-9fdd-b47682142613,1982,Brazil,Defender,23.0
9516da89-f13b-5622-8f05-62fc32f06915,1974,Haiti,Forward,26.0
9a1b110e-d3ec-59cd-ae56-6b7fc8ca25bd,1974,Haiti,Midfielder,29.0
93659bce-7655-5195-b5da-fe6d670ad20d,1954,France,Forward,22.0
0ee2b58a-4c33-5f1f-87ce-204ae7386ba8,2006,Angola,Defender,29.0
78bcf680-b774-50c3-91a1-fe225a0e0875,2002,France,Defender,34.0
78bcf680-b774-50c3-91a1-fe225a0e0875,1998,France,Defender,30.0
ce7a8439-8c5c-55b5-83c6-9b155e4904b5,2018,Australia,Forward,27.0
ce7a8439-8c5c-55b5-83c6-9b155e4904b5,2014,Australia,Forward,23.0
ce7a8439-8c5c-55b5-83c6-9b155e4904b5,2022,Australia,Forward,31.0
50e7bf1e-57d8-553e-822b-57c8abb87c7b,1934,Spain,Midfielder,22.0
ed237e36-d23e-5c59-a588-2a4d7a23d44d,1934,Belgium,Forward,26.0
02caf74b-7fd7-593f-9bda-d97e81c566da,1994,Russia,Midfielder,26.0
980230ff-9ab7-5bad-bd41-917fd1f0db29,2014,South Korea,Goalkeeper,25.0
a5bb77eb-f45b-515e-8598-9a39ffd96343,1966,North Korea,Goalkeeper,19.0
533cf1aa-055d-5172-8203-92ffffc2fa63,2002,South Korea,Forward,21.0
533cf1aa-055d-5172-8203-92ffffc2fa63,2006,South Korea,Forward,25.0
3e763879-af43-55a2-88da-84f880edefa4,2014,South Korea,Midfielder,26.0
3e763879-af43-55a2-88da-84f880edefa4,2010,South Korea,Midfielder,22.0
0d54e41a-3641-5894-b86c-c23f8e44abd3,2010,South Korea,Forward,31.0
0d54e41a-3641-5894-b86c-c23f8e44abd3,1998,South Korea,Forward,19.0
49272449-264c-5fca-be98-ebb546cfd610,2002,South Korea,Midfielder,27.0
49272449-264c-5fca-be98-ebb546cfd610,2006,South Korea,Midfielder,31.0
ddfc1978-8ab4-5ba5-95c3-03f7f228a8d9,1970,England,Forward,26.0
82436587-d013-564b-adfc-80a2c296b4aa,1990,South Korea,Midfielder,29.0
03941fc6-45eb-571c-987c-564819f04828,2006,South Korea,Midfielder,22.0
07acd02d-3b40-51cb-8625-6f5c6466f4a0,2018,South Korea,Midfielder,26.0
07acd02d-3b40-51cb-8625-6f5c6466f4a0,2022,South Korea,Midfielder,30.0
b916d48a-159e-5f6d-840a-ccfc4021263f,1994,South Korea,Defender,31.0
afb819ff-2600-57a4-80b5-2b01af9f44c5,2010,South Korea,Defender,30.0
f6fd97ed-11b7-582a-bb87-285c1c005fdf,1966,North Korea,Goalkeeper,26.0
4d8f095a-9289-58a8-92b8-4cffcdc0eaf0,2014,South Korea,Forward,29.0
acfcf147-776a-561c-8661-ff7325b95eed,1998,South Korea,Defender,27.0
7201cde7-9813-52c5-84bc-8d838d8e88f2,2002,South Korea,Defender,29.0
7201cde7-9813-52c5-84bc-8d838d8e88f2,1998,South Korea,Defender,25.0
02493809-3d0b-5d7c-bf68-f57a833f5af2,1998,England,Midfielder,32.0
8ae7d971-8d2e-5544-9363-b1a23fcb9a84,1998,South Korea,Defender,23.0
a2c09817-fa44-5c5c-b19a-0f16b9172916,1954,South Korea,Midfielder,32.0
68c2bb42-b459-5c14-8f25-c9ca02b258f6,1990,South Korea,Midfielder,21.0
68c2bb42-b459-5c14-8f25-c9ca02b258f6,1998,South Korea,Midfielder,29.0
44e43e42-544d-5a44-8d2a-b7aa5b3e0c7a,2018,South Korea,Midfielder,20.0
d8142ca8-d622-5d20-9eb2-97cecf5305d8,2010,South Korea,Forward,21.0
d532c6f6-2cd6-5ac9-9ee0-e9d98b31d7af,1954,South Korea,Forward,27.0
34246c3c-bd01-5b79-b3bb-3ac3ec3edde0,1990,South Korea,Forward,29.0
34246c3c-bd01-5b79-b3bb-3ac3ec3edde0,1986,South Korea,Forward,25.0
b719784e-bf20-5231-b0cc-bde0b30e37c0,1994,South Korea,Goalkeeper,21.0
b719784e-bf20-5231-b0cc-bde0b30e37c0,2010,South Korea,Goalkeeper,37.0
b719784e-bf20-5231-b0cc-bde0b30e37c0,2002,South Korea,Goalkeeper,29.0
b719784e-bf20-5231-b0cc-bde0b30e37c0,2006,South Korea,Goalkeeper,33.0
c0c22458-9bc0-5e1e-b9c1-f74dc466b499,2018,South Korea,Defender,32.0
c0c22458-9bc0-5e1e-b9c1-f74dc466b499,2014,South Korea,Defender,28.0
a53e8356-147e-57ff-9a5c-e00e19aeb5dc,1994,South Korea,Midfielder,31.0
a53e8356-147e-57ff-9a5c-e00e19aeb5dc,1990,South Korea,Midfielder,27.0
99d45569-d7e8-5c0f-a5de-e293855d180d,2010,South Korea,Defender,33.0
99d45569-d7e8-5c0f-a5de-e293855d180d,2002,South Korea,Defender,25.0
99d45569-d7e8-5c0f-a5de-e293855d180d,2006,South Korea,Defender,29.0
0a0706e9-5763-5cb4-8e0c-d3bc4a1b2ed2,1958,Wales,Forward,23.0
b619d9d1-7fe1-5e8c-8bad-49b274e25250,1958,Scotland,Forward,24.0
6c2d7837-9f99-5c89-85b0-914fe6c6ea49,1950,Paraguay,Midfielder,28.0
d2d99071-9d40-5737-9618-4dc257c00259,1978,Peru,Midfielder,24.0
d2d99071-9d40-5737-9618-4dc257c00259,1982,Peru,Midfielder,28.0
3510abea-3193-505a-95b3-5965c38b8e6c,1934,United States,Midfielder,33.0
b70c2d46-61fe-5ca3-beda-5290e0b4f360,1938,Switzerland,Defender,29.0
1b347733-4217-5fe6-8cb7-21a981ddcb47,2002,Germany,Goalkeeper,33.0
1b347733-4217-5fe6-8cb7-21a981ddcb47,2006,Germany,Goalkeeper,37.0
1b347733-4217-5fe6-8cb7-21a981ddcb47,1998,Germany,Goalkeeper,29.0
23bf21d3-30ad-5a02-ab71-932d5fb4a5fb,1994,Switzerland,Goalkeeper,31.0
fd8d8b4d-6c2e-581d-87a0-51644e1873df,1938,Germany,Forward,26.0
fd8d8b4d-6c2e-581d-87a0-51644e1873df,1934,Germany,Forward,22.0
95a205be-82f7-56f9-a8b6-68d71e341ebe,1990,Scotland,Goalkeeper,32.0
95a205be-82f7-56f9-a8b6-68d71e341ebe,1986,Scotland,Goalkeeper,28.0
95a205be-82f7-56f9-a8b6-68d71e341ebe,1982,Scotland,Goalkeeper,24.0
95a205be-82f7-56f9-a8b6-68d71e341ebe,1998,Scotland,Goalkeeper,40.0
7392bee7-465a-55a5-b344-46780280cd10,1966,Switzerland,Defender,32.0
4f0221b7-f554-53f4-a1ea-34094695bf95,1930,Brazil,Forward,18.0
4f0221b7-f554-53f4-a1ea-34094695bf95,1934,Brazil,Forward,22.0
e6a7278a-d27a-5c15-9372-ae0f91eb4a49,1974,Brazil,Midfielder,25.0
33f00b7f-32a7-5e3e-99f3-ea3c2b34ec31,2002,South Africa,Defender,28.0
96cf3a06-f239-53d0-b93f-f1fa65f7844b,2006,Croatia,Midfielder,28.0
02b5acef-2a09-51e5-a78a-1dd09136a98d,2006,Croatia,Midfielder,26.0
a8a01b98-1783-5a93-b630-0805ad486e9a,1990,Yugoslavia,Goalkeeper,23.0
a8a01b98-1783-5a93-b630-0805ad486e9a,1998,Yugoslavia,Goalkeeper,31.0
333cfd2b-f08c-5273-b5af-476f40d0777f,2018,France,Forward,23.0
6586d14d-d37a-58ef-bddf-55a15464d5c2,2002,Uruguay,Defender,24.0
139d9b65-f695-581a-af7d-e5703086c554,1986,Canada,Defender,31.0
5ca398c2-5c3d-50de-bd5c-31dafc67a64a,2010,England,Midfielder,23.0
5ca398c2-5c3d-50de-bd5c-31dafc67a64a,2006,England,Midfielder,19.0
a80a1107-928c-547a-9657-7d6223cc59a9,2014,Netherlands,Forward,27.0
669911aa-d291-52c2-a2dd-63362381055a,1994,Brazil,Midfielder,25.0
669911aa-d291-52c2-a2dd-63362381055a,1998,Brazil,Midfielder,29.0
e02590d2-1ea6-5806-b621-2f499bd9c08a,1966,Italy,Midfielder,27.0
3dde9f11-7695-5d20-acda-8b2d39f3b887,1994,Norway,Midfielder,24.0
3dde9f11-7695-5d20-acda-8b2d39f3b887,1998,Norway,Midfielder,28.0
05ca8952-2c5f-50e8-bc18-49cc6b58339f,2010,Switzerland,Goalkeeper,26.0
f797e488-4a57-5279-beb1-f9fb5148cea7,1954,Uruguay,Midfielder,21.0
33f26b99-da0f-5136-94f7-c2186be7c4c1,1962,Chile,Defender,22.0
88a079fd-4d09-58f2-85d4-d83fc6f6f716,2018,Denmark,Midfielder,25.0
69409c03-423a-5fbd-87d6-a0d7bfdfb3cc,1986,Denmark,Midfielder,28.0
106bbb0b-427e-5ed3-8373-c888021add2b,2018,Colombia,Midfielder,24.0
cbfae1b4-2a16-5f76-84bd-4645d284f439,1958,France,Defender,28.0
7b830ce7-4821-5311-9146-37c4c396dc1a,1950,Spain,Defender,24.0
d6cc1073-d331-5a4a-8004-423b47f855e2,1994,Bulgaria,Midfielder,27.0
58821d31-0c86-52b1-b138-e86dfb74a8da,1982,Chile,Forward,23.0
97924e2c-09d4-5f0b-a8c3-a8123bde0384,2010,South Africa,Midfielder,28.0
688c2924-1e50-564f-8936-dc1f088b85df,1986,Canada,Goalkeeper,29.0
9eb9f129-388b-5ee0-ac13-20b0cb73030c,1990,Scotland,Defender,26.0
f0cfe267-82c2-532d-8fed-cff8ea5cd535,2022,Wales,Midfielder,22.0
9eeb56a0-6598-5bca-ad28-15976f1db13a,2006,Poland,Defender,27.0
dbecf2cb-9ac6-5f95-af00-5760519fd634,2018,Poland,Forward,30.0
dbecf2cb-9ac6-5f95-af00-5760519fd634,2022,Poland,Forward,34.0
43a9afbd-ed5e-593f-affd-0088592e3b16,2002,United States,Midfielder,28.0
43a9afbd-ed5e-593f-affd-0088592e3b16,2006,United States,Midfielder,32.0
36e8cdf7-aa4f-5a3f-a36c-9afa8fa6d311,1958,Paraguay,Forward,
19332ba9-4562-5ce4-9610-7e2152de81e0,1958,Paraguay,Midfielder,21.0
ec62bd5a-1969-528e-ab74-b283d6a100b5,2022,Portugal,Forward,23.0
5a191386-75de-52f8-8f9e-97d18f62a755,1978,Brazil,Goalkeeper,29.0
5a191386-75de-52f8-8f9e-97d18f62a755,1970,Brazil,Goalkeeper,21.0
5a191386-75de-52f8-8f9e-97d18f62a755,1974,Brazil,Goalkeeper,25.0
5a191386-75de-52f8-8f9e-97d18f62a755,1986,Brazil,Goalkeeper,37.0
decdb0f0-84c8-5c22-bd8d-30bcd112e00c,1970,Peru,Forward,27.0
13fe3534-a2ea-5345-a87a-50403a8fc539,1938,Brazil,Forward,25.0
13fe3534-a2ea-5345-a87a-50403a8fc539,1934,Brazil,Forward,21.0
46734277-a727-592a-8d58-9a87e065a2cf,1966,North Korea,Forward,21.0
8f065004-2f85-55b3-922c-53b80dcc6483,1966,North Korea,Midfielder,21.0
9cc32e46-5e2a-59c3-b570-658aa075b940,1954,South Korea,Defender,34.0
3efac3f7-35ab-5982-8a21-da149bc82d1b,1954,South Korea,Forward,28.0
076970f0-b7c2-54dc-9c92-d46e1088ebec,2002,China,Midfielder,25.0
e4905744-a6f8-5895-9024-c86fbee82e0c,2002,China,Defender,24.0
9a87588a-2d41-56c8-b49d-a8f42bcab052,2002,China,Midfielder,27.0
deeabd47-3566-52c0-b8b0-fc59dc366f15,1994,Cameroon,Midfielder,27.0
deeabd47-3566-52c0-b8b0-fc59dc366f15,1990,Cameroon,Midfielder,23.0
19eb3307-5372-5b2a-a7a4-15832eac7f94,1970,West Germany,Forward,27.0
ebe58d28-2d3d-590f-86b4-586c258161b3,1930,France,Forward,24.0
904d80a4-34b0-5d2b-a2c4-9902139f4bc3,2018,Switzerland,Defender,34.0
904d80a4-34b0-5d2b-a2c4-9902139f4bc3,2014,Switzerland,Defender,30.0
904d80a4-34b0-5d2b-a2c4-9902139f4bc3,2010,Switzerland,Defender,26.0
5d29ce41-c554-51ab-ad39-1501e3b625e8,1954,West Germany,Defender,27.0
20f7a428-7b1c-5479-ad6b-f793406201be,1958,Sweden,Midfielder,36.0
ea599f61-3d31-5de8-a601-dd454700238a,1990,Romania,Goalkeeper,31.0
284d573d-76e5-5801-a330-d4c51c6cb7ef,1966,North Korea,Defender,23.0
a926d567-2660-51e2-8e59-751148dc74ac,1966,Brazil,Midfielder,24.0
ba7a2347-aa85-59cd-9a52-cef10b66a76c,1978,Tunisia,Forward,25.0
be1f195c-0275-5bd7-aa86-2c24ec588398,1994,Sweden,Midfielder,29.0
be1f195c-0275-5bd7-aa86-2c24ec588398,1990,Sweden,Midfielder,25.0
cbdafb88-6655-5abc-a067-3969fc97486e,1950,Sweden,Goalkeeper,33.0
5fbf9ae9-c520-57d1-9969-913632f3a110,2018,Sweden,Defender,24.0
a74e2d7b-33c3-567e-a940-398bb76dd38a,1990,Austria,Goalkeeper,33.0
a74e2d7b-33c3-567e-a940-398bb76dd38a,1982,Austria,Goalkeeper,25.0
52109e18-d55f-548c-83a3-022e0b12e96e,1938,Sweden,Midfielder,22.0
494b01d1-af75-59f4-aedf-d691433a8320,1978,Sweden,Midfielder,28.0
47dd44dd-61a4-560a-a801-9352f837ba79,2002,Sweden,Midfielder,23.0
47dd44dd-61a4-560a-a801-9352f837ba79,2006,Sweden,Midfielder,27.0
f0de79ec-d958-5306-ab13-19429284af32,1974,Sweden,Midfielder,32.0
6f991b51-9aae-5d04-8292-974a7f35a855,2022,Denmark,Midfielder,22.0
44c21d1a-7232-5642-8d8d-1607e5c0f026,1990,England,Forward,30.0
44c21d1a-7232-5642-8d8d-1607e5c0f026,1986,England,Forward,26.0
078c4349-eb70-5ddc-9766-59c2a7ed8b60,2018,Poland,Midfielder,23.0
4583a0b1-5c63-5fbd-b9b0-1f9014e634b0,2018,England,Midfielder,26.0
ff8ba1f8-2e34-5cb5-878e-b5782794de0d,2002,Germany,Defender,33.0
aa42d227-ef82-53d0-bed5-0e9991ace0fb,1990,Austria,Midfielder,28.0
c67e3a16-e9d5-5b0f-a61a-0e6b98d2238c,1958,Yugoslavia,Forward,25.0
136cebf1-6eb9-5f12-93a5-20b75bcc309c,1938,Poland,Midfielder,28.0
fd2f81f4-a87a-5caa-99b9-c7aa0ce84b7c,1990,Soviet Union,Midfielder,27.0
fd2f81f4-a87a-5caa-99b9-c7aa0ce84b7c,1986,Soviet Union,Midfielder,23.0
0a34d3a6-6f80-5c1e-ae18-ebf9b3c4b0db,1990,West Germany,Midfielder,30.0
0a34d3a6-6f80-5c1e-ae18-ebf9b3c4b0db,1986,West Germany,Midfielder,26.0
0a34d3a6-6f80-5c1e-ae18-ebf9b3c4b0db,1982,West Germany,Midfielder,22.0
24dea17c-4627-50d8-8b36-f9a6fb40c69d,2022,Croatia,Forward,29.0
d5ef08c4-9be5-59a6-85e1-39035e70229b,2018,Croatia,Goalkeeper,23.0
d5ef08c4-9be5-59a6-85e1-39035e70229b,2022,Croatia,Goalkeeper,27.0
7c19ebd3-e2aa-51a9-a5fe-0384df141ddd,1950,Chile,Goalkeeper,30.0
b68a1bef-46e2-50b2-a508-1ce399994553,2002,France,Defender,33.0
b68a1bef-46e2-50b2-a508-1ce399994553,1998,France,Defender,29.0
0358294b-38d9-5e9a-8102-c733329e0048,2010,Portugal,Forward,33.0
92ce8b76-39a7-5da4-9d1b-a1ee896e5a9d,1934,France,Midfielder,26.0
8fcb0604-51fa-50ae-901a-0e980f93105e,2018,Serbia,Midfielder,27.0
5da6d1df-395d-55b9-b18a-eef448dac17c,2010,Slovenia,Forward,27.0
193bb8d2-cfdc-58fe-9880-a0aedf9fc86c,2006,Serbia and Montenegro,Forward,28.0
2ad6b625-6140-543b-b46d-f6256830e104,1994,Sweden,Defender,28.0
2ad6b625-6140-543b-b46d-f6256830e104,1990,Sweden,Defender,24.0
689540cd-2a19-5131-9cb2-4690af9f1682,2002,Sweden,Midfielder,25.0
689540cd-2a19-5131-9cb2-4690af9f1682,2006,Sweden,Midfielder,29.0
456196b0-d240-5055-85fb-e02d9e6a1adf,2002,United States,Defender,33.0
6a347e94-1c22-5968-a018-f5cbd1af1486,1938,France,Goalkeeper,25.0
6a347e94-1c22-5968-a018-f5cbd1af1486,1934,France,Goalkeeper,21.0
7ec35125-a6b7-56e4-9d2e-33d4473410dc,2010,Spain,Forward,25.0
b86e3c6b-afa3-5db7-a7ee-48e51e88b9e9,2022,Spain,Midfielder,27.0
3bf95535-dc78-5ef5-80c2-fd857a0610d9,2018,France,Goalkeeper,32.0
3bf95535-dc78-5ef5-80c2-fd857a0610d9,2014,France,Goalkeeper,28.0
3bf95535-dc78-5ef5-80c2-fd857a0610d9,2022,France,Goalkeeper,36.0
3bf95535-dc78-5ef5-80c2-fd857a0610d9,2010,France,Goalkeeper,24.0
15716007-3f16-56f7-8b60-83e3571ef664,2018,Argentina,Midfielder,22.0
4a951bdd-02b4-5c3e-8e2b-3565d332fb90,1938,Italy,Midfielder,22.0
471cdad8-ad6a-5f24-818b-08ad8e3321ee,2010,New Zealand,Defender,28.0
eed08f8e-70c0-5e39-8a74-bd52bcd2ad20,2022,Wales,Defender,28.0
e875d8a2-3edc-57a5-819a-4b8342e69887,2006,Angola,Defender,22.0
de6897d0-e79f-5a5a-80ac-23dac81abc44,2014,Uruguay,Midfielder,25.0
de6897d0-e79f-5a5a-80ac-23dac81abc44,2010,Uruguay,Midfielder,21.0
25323666-c7c5-55fe-b0c8-5fdd96293c63,1966,Italy,Midfielder,24.0
f2a3ed01-01dc-564c-993f-43e1bbb2f8ce,2014,Russia,Goalkeeper,24.0
65f29b1b-6616-5101-b682-32f4c7792f0d,1954,England,Forward,29.0
c881b3e6-e950-5aee-9c02-0dd0b7bc4513,2018,England,Midfielder,22.0
a936aef1-754f-5522-b6d6-add3ceea1c34,1994,Cameroon,Midfielder,25.0
74e7336d-5a20-5b6e-b542-e53f1e6c24bf,1970,Soviet Union,Defender,28.0
86e02318-c974-5006-b14b-5937d60fe71c,1934,Switzerland,Midfielder,
6723458a-16e9-555e-b4be-374c942c56bf,2006,Czech Republic,Forward,33.0
6abae9a9-e779-529f-9928-b39c21475c0d,2014,Belgium,Defender,29.0
408377e1-6a59-5f9b-bf9a-87e12000adce,1958,Argentina,Defender,33.0
560d5a1f-6f73-5acf-87a7-d8bee1a88fa3,2022,United States,Defender,30.0
bd51276d-c2c6-5877-9c23-abc3b9adb499,2002,Costa Rica,Goalkeeper,37.0
46951648-e1db-50fa-8103-a1f472dab97d,2018,Portugal,Goalkeeper,28.0
31df56e1-9aa1-5d9d-9cb2-0904c4e15028,1998,Japan,Forward,29.0
f4c774e7-bae8-5350-8acd-c329013e2508,1938,Brazil,Forward,28.0
649034b3-3b16-539d-b919-e7b779f84a9c,1994,Spain,Goalkeeper,28.0
469929de-e335-5b07-be55-6c1844cc1821,1978,France,Defender,25.0
469929de-e335-5b07-be55-6c1844cc1821,1982,France,Defender,29.0
5944efb1-4b7e-5d9a-8947-b1d842a13d30,1966,West Germany,Midfielder,27.0
5944efb1-4b7e-5d9a-8947-b1d842a13d30,1970,West Germany,Midfielder,31.0
1f0dfa60-c573-57d7-8379-c029650bf564,1954,Italy,Forward,29.0
1f0dfa60-c573-57d7-8379-c029650bf564,1950,Italy,Forward,25.0
65295437-487a-527f-9bf0-9570370b961d,1934,Argentina,Midfielder,
aed22375-104e-5bef-aa3d-dee5e21a78c7,1990,Argentina,Defender,24.0
666ed636-3846-5bb6-a045-d6b238aff569,1930,Peru,Forward,22.0
038f669f-d4f2-5383-932f-25d8db184682,1974,Scotland,Forward,28.0
5e44ef77-13ae-5d8a-8caa-bbbada253659,1970,Uruguay,Forward,20.0
0998e92b-6612-586a-80d0-d1829afb82cc,1962,Italy,Defender,27.0
637d9d68-f391-5e0a-8f4d-d5381d6de7a3,1974,Haiti,Defender,25.0
3cca2c3a-52bb-5f28-99ed-bf8a74cd2380,1954,France,Midfielder,28.0
e0793a36-530d-5e8b-94ed-1795b255a731,2022,Senegal,Midfielder,26.0
84b5bb16-6c1e-51aa-b442-6f74f58323f7,1966,Portugal,Forward,24.0
e88fc0d1-1606-5977-8e7c-269fbc5338f2,1970,Soviet Union,Defender,21.0
aa1bf635-e8a8-5e9c-a050-a73e15c4310b,2006,Angola,Forward,27.0
fc53f9f2-a43f-5ce8-8fc2-cd076635a2ab,2018,Croatia,Defender,29.0
fc53f9f2-a43f-5ce8-8fc2-cd076635a2ab,2014,Croatia,Defender,25.0
fc53f9f2-a43f-5ce8-8fc2-cd076635a2ab,2022,Croatia,Defender,33.0
ad346f7f-cfb3-5ad4-9bec-c7108a1a87aa,1998,Jamaica,Forward,25.0
cfb6b507-7a53-506d-8498-0b9e0ed5e48d,1986,Canada,Midfielder,25.0
e180df92-3bbb-575b-bf3e-def49dca40dc,2018,Peru,Defender,24.0
1a14d9e9-75f3-552e-a909-adff5239e154,2018,Mexico,Forward,23.0
1a14d9e9-75f3-552e-a909-adff5239e154,2022,Mexico,Forward,27.0
ad61e279-cc44-52a2-818e-0ed039953f76,1994,Colombia,Midfielder,22.0
ad61e279-cc44-52a2-818e-0ed039953f76,1998,Colombia,Midfielder,26.0
194711fa-4409-5f9a-84a9-7b7da796f93c,1978,Poland,Forward,31.0
58c72ae4-ae4a-5cb0-8d9b-0f910c28defa,1978,Netherlands,Forward,27.0
9ee05db5-cf95-582a-8366-922867ea067b,1970,Romania,Forward,25.0
2e07afe2-2b5b-5a3d-aa51-3f17d6064df5,1938,Czechoslovakia,Forward,22.0
8e37249d-6cf8-56e2-89a9-bc6934456dfe,2014,Uruguay,Defender,34.0
8e37249d-6cf8-56e2-89a9-bc6934456dfe,2010,Uruguay,Defender,30.0
bf53557d-596f-5557-9fad-cdcaeb1db1d0,1978,Mexico,Midfielder,23.0
99c47721-2a7f-57a8-834e-294d23aba493,1990,Czechoslovakia,Forward,27.0
e74e0ce7-5382-5693-a373-6eae08ee8668,1938,Brazil,Forward,27.0
e74e0ce7-5382-5693-a373-6eae08ee8668,1934,Brazil,Forward,23.0
4dd85b7f-aef3-57df-80dc-f8da94a18ddc,2010,Brazil,Defender,29.0
4dd85b7f-aef3-57df-80dc-f8da94a18ddc,2006,Brazil,Defender,25.0
9f2b564e-92d7-583d-b2a2-57d7e7abd226,2014,Brazil,Defender,27.0
435d0963-cc95-5ba4-a9ce-f41261d53606,1982,Brazil,Defender,24.0
3b7a436c-e286-58ee-81f6-dbe322ff5fa7,2002,Brazil,Forward,27.0
e1136b8b-9398-573b-8bd1-b1214de9cd61,2018,Belgium,Forward,25.0
e1136b8b-9398-573b-8bd1-b1214de9cd61,2014,Belgium,Forward,21.0
e1136b8b-9398-573b-8bd1-b1214de9cd61,2022,Belgium,Forward,29.0
f803ebe9-eb73-5022-931e-70592abacdc2,2022,Serbia,Midfielder,26.0
39e3facb-2d36-589e-838e-97860d34daf9,2010,Serbia,Defender,28.0
6d1e8371-922d-5651-a3d2-46280817ba20,2014,Bosnia and Herzegovina,Midfielder,28.0
13fcbda7-11fa-52d5-8bd9-d0212044088f,2002,Mexico,Midfielder,28.0
13fcbda7-11fa-52d5-8bd9-d0212044088f,1998,Mexico,Midfielder,24.0
14caf9bb-c610-5aa7-a367-6c59fbada7f5,1934,Sweden,Forward,29.0
3d8111ec-0e3e-5ead-999d-2272749c284c,1990,Romania,Goalkeeper,34.0
1c32fded-efd7-50af-9f29-1aea58437d09,2018,Russia,Goalkeeper,27.0
9b6d72df-324e-5031-98f8-55d59163ec18,2018,Australia,Midfielder,26.0
9b6d72df-324e-5031-98f8-55d59163ec18,2014,Australia,Midfielder,22.0
321311ed-e887-5af8-ada1-2b8b414c3c74,1994,Romania,Midfielder,26.0
321311ed-e887-5af8-ada1-2b8b414c3c74,1990,Romania,Midfielder,22.0
cf6d27cf-6e54-5b45-92ab-0ed60be0238c,1970,Romania,Defender,30.0
5bc0e6e6-35a5-5c1e-9e03-76e2cb9a35fe,1990,Romania,Midfielder,23.0
670119e4-daba-531a-9f8e-7d3cf276a000,2002,Spain,Forward,24.0
cf4f765a-3e7d-5a12-9893-0692b5f44436,1978,Argentina,Forward,29.0
a05f0e95-dc48-5e85-9fe6-c8415ba6199a,1950,Switzerland,Forward,29.0
b7dab78d-8447-54f2-968b-f64647d409a9,2018,Sweden,Defender,32.0
0cf1a016-c22c-5f8b-88cc-4b413b24856f,2006,Switzerland,Forward,30.0
c90a6fdc-4e09-53ee-91ad-460152f2b23c,2002,Denmark,Defender,31.0
b851b671-388b-5621-b758-b434dbf0e486,1966,West Germany,Defender,27.0
616f3ca1-638e-5f53-a6b4-b8278efb9421,1934,Brazil,Defender,25.0
020c318a-9446-5438-a707-6b0eb28d8717,2018,Brazil,Defender,33.0
9ded0e28-4568-5935-b230-e81dbb968927,1994,Sweden,Defender,21.0
9ded0e28-4568-5935-b230-e81dbb968927,2002,Sweden,Defender,29.0
9ded0e28-4568-5935-b230-e81dbb968927,2006,Sweden,Defender,33.0
659c3612-7541-553a-87f0-b06377a83493,1934,United States,Midfielder,
b53b1dd4-3a3f-586f-b103-3fdcce899c50,1990,Soviet Union,Forward,28.0
59d19869-6bab-5414-8e15-ceb32b726438,1962,Czechoslovakia,Defender,26.0
03aef105-1268-520c-b0bb-517944e1526c,1934,Spain,Forward,22.0
01bb9cba-d928-5f8e-9cc2-bd06e410f4fa,1938,Hungary,Midfielder,27.0
01bb9cba-d928-5f8e-9cc2-bd06e410f4fa,1934,Hungary,Midfielder,23.0
8b90b611-5dfa-5eea-9403-a8d6691dc682,2006,Spain,Defender,25.0
b1c65232-6ec3-5732-ab83-2264141f97a4,1934,Argentina,Midfielder,24.0
477dd4d3-599c-5bcf-91bb-183515a701b6,1950,Paraguay,Forward,25.0
7c235939-d650-59c5-8b39-3857ae060c1d,2002,Argentina,Forward,28.0
7c235939-d650-59c5-8b39-3857ae060c1d,1998,Argentina,Forward,24.0
3086c068-16ad-56f8-b97b-7f8716096ea3,2006,Paraguay,Forward,23.0
be12d61b-a8a4-5649-b6cf-551a1011e133,2022,Costa Rica,Midfielder,24.0
509c4a37-0bb8-5aa7-a763-0b8ad913bd40,2002,Argentina,Midfielder,29.0
cd122790-4ff4-5130-852d-e6522cda631d,1930,Mexico,Forward,23.0
5ea6535c-240f-5537-9dd8-2b6641e5678f,1958,Mexico,Forward,25.0
5397c9a9-66c2-5737-920a-6d129dc13049,2014,Honduras,Goalkeeper,21.0
8a8cf9c7-a101-5260-8e44-55aa06c6f6ec,1954,Mexico,Defender,26.0
06ff2ab4-ab13-5b88-a667-f7e77dd55673,1966,Argentina,Defender,25.0
32ec06e6-2cef-519a-bc05-1ec9ed7c3b4b,2002,Costa Rica,Midfielder,31.0
5895d86a-c17b-530c-8c57-e7379800cbac,1962,Colombia,Defender,23.0
3019c91f-4277-5351-a39d-f84af0d0d127,1954,Hungary,Defender,31.0
d222e874-7cf5-5f50-8ab9-82e2017ef646,1958,Sweden,Forward,35.0
70bc26ae-87ac-51a6-a2dc-f53368bb1491,1970,West Germany,Forward,28.0
79ef486e-9838-5ac0-abf0-44cffa8cf227,1938,Switzerland,Midfielder,25.0
caec623b-ce8a-5d24-964b-91ef84c0e59b,2018,Denmark,Goalkeeper,29.0
f18f31ef-6c93-57d1-a7ff-430c4ea2919a,1974,East Germany,Forward,29.0
cc8a8881-f896-5877-bf3f-4f43a6de1d1a,1994,Norway,Defender,28.0
b76bc316-ddf0-5352-b6ea-9efd75e91ee2,2002,Denmark,Forward,22.0
bce269d3-8789-5505-b4c7-055c7b861510,2010,Brazil,Defender,32.0
bce269d3-8789-5505-b4c7-055c7b861510,2002,Brazil,Defender,24.0
bce269d3-8789-5505-b4c7-055c7b861510,2006,Brazil,Defender,28.0
1525a6bb-9e06-5ba4-8ae2-53cad1420fdc,1990,Romania,Forward,26.0
1525a6bb-9e06-5ba4-8ae2-53cad1420fdc,1998,Romania,Forward,34.0
395b192a-659c-5aa1-a822-069d4077e113,1930,Romania,Goalkeeper,22.0
a5f51bf6-3c5a-5db7-9fb3-3f8e463f5028,1982,Cameroon,Midfielder,27.0
ed8d56f3-7ada-5953-a2ac-7a9085392588,2014,Algeria,Goalkeeper,28.0
ed8d56f3-7ada-5953-a2ac-7a9085392588,2010,Algeria,Goalkeeper,24.0
7f9795e3-cdaa-5b2e-b971-d33bc2427613,1982,Cameroon,Midfielder,28.0
03e2261a-a38c-5696-bfe1-c5a9d65ac454,2002,Cameroon,Forward,32.0
03e2261a-a38c-5696-bfe1-c5a9d65ac454,1998,Cameroon,Forward,28.0
4df8074c-6336-53ba-bf29-ce527afaf0a2,1994,Cameroon,Midfielder,33.0
4df8074c-6336-53ba-bf29-ce527afaf0a2,1990,Cameroon,Midfielder,29.0
ca3b30f7-eb19-545d-a611-6c4077d049e2,2002,China,Midfielder,32.0
5d5e7eaa-5664-5686-9655-6d31e8bfee78,2022,Australia,Forward,27.0
7b5ceb96-378b-5c42-9092-379ed9850e1c,1994,Cameroon,Midfielder,26.0
7b5ceb96-378b-5c42-9092-379ed9850e1c,1990,Cameroon,Midfielder,22.0
5fccad3b-cf96-502e-b668-c23d5fb4aaec,2022,Argentina,Midfielder,24.0
3682640b-4019-5ee6-b042-1fb34f4c6d8d,1982,New Zealand,Midfielder,26.0
e0dd6372-5479-5292-9ef5-e5e58d110a67,1990,Scotland,Midfielder,32.0
ace30e7e-6d20-572d-8795-082318090d3b,1950,United States,Defender,30.0
34c4b6d5-c045-5b52-88d8-fe516c36653c,2006,Angola,Midfielder,28.0
f37b7fd1-ecc2-5514-a0a7-144421562c47,1978,Scotland,Forward,29.0
6e3332ba-62df-53bb-8679-c4198b577725,1986,Spain,Defender,29.0
6e3332ba-62df-53bb-8679-c4198b577725,1982,Spain,Defender,25.0
be89cd51-fa5c-513f-a14c-4b049649c3be,1954,Uruguay,Goalkeeper,28.0
2801c92b-e08c-59e6-bb4c-1b64db1ad4b0,2018,Panama,Defender,33.0
79ce4e8b-e1ef-5388-97f4-7ae8722fdde3,1938,Brazil,Defender,29.0
64aa68f0-5594-5a69-a059-439d1a746482,2022,Japan,Forward,23.0
a3ced471-c3a5-5131-a401-a79d13ba5771,1994,Greece,Forward,21.0
1cadbe63-bd21-5352-b79d-e6fa1dc759bf,1954,Hungary,Forward,22.0
41d073cd-1342-50d3-ad98-65024550bc4c,1974,Chile,Defender,23.0
ca1285f5-4076-5c2a-862a-c87218f71acf,1950,Chile,Defender,26.0
54a7f066-8b03-55a7-92ea-eae182a0ed60,1958,Scotland,Midfielder,24.0
2658d3f9-b24f-5409-8218-d2736c44bfb3,1974,Australia,Midfielder,31.0
edd51841-99a3-5129-adf9-cc6065ea01b6,1954,Scotland,Forward,29.0
201302c4-a877-5f99-bcd3-35d4451ccb0e,2018,Australia,Forward,25.0
201302c4-a877-5f99-bcd3-35d4451ccb0e,2022,Australia,Forward,29.0
5be8436d-f1ce-57f1-9cbc-7dbe029d0145,1978,Poland,Defender,28.0
ba453959-2a48-5cbe-82c1-cdf1d80d0d2f,2006,Iran,Midfielder,24.0
ffa2b206-9ee0-5c15-b349-e6187f9a60c3,2022,England,Midfielder,26.0
c40c0419-dd05-54aa-b63b-d0794b74a128,1938,Poland,Goalkeeper,24.0
47a4cddb-1583-5b2d-acf9-865df1473af8,2022,Qatar,Midfielder,26.0
0509e0ee-c668-581c-b219-8a8f18d1d974,1986,Algeria,Forward,28.0
0509e0ee-c668-581c-b219-8a8f18d1d974,1982,Algeria,Forward,24.0
ff3d2680-a40f-54e3-ac53-ae08d6f5aa4d,2002,Denmark,Forward,24.0
3310b7ec-3707-5e8b-a4cf-681cc0ee9316,2022,Saudi Arabia,Defender,29.0
b456f5f0-8fba-537b-9322-556a6e375eee,2006,Netherlands,Midfielder,21.0
0475e09b-59f7-53d7-a477-2438145a897f,2022,Japan,Forward,25.0
1939f8b9-6a04-5ba4-85aa-b9fc6e77929b,1954,Belgium,Midfielder,24.0
8c9d745e-7257-52f4-bf90-36d1719ad691,1974,Zaire,Midfielder,29.0
bf835acf-915a-5e71-8743-e103ba9ff3b0,1974,Zaire,Forward,25.0
04a65749-b532-5d66-89f9-87fe6797824e,1986,Portugal,Midfielder,24.0
f29131b7-1e0d-5130-b6f7-1e32c7dd3d6f,2002,Uruguay,Forward,26.0
d30bb4f5-974e-5490-a4bc-34388e6ecffc,2010,Mexico,Defender,29.0
42f94318-da5e-5386-9e67-43b2d7d0e620,1986,West Germany,Midfielder,33.0
42f94318-da5e-5386-9e67-43b2d7d0e620,1982,West Germany,Midfielder,29.0
1d1926e2-3ab1-56c2-bfe1-cd03bc7e8279,1970,El Salvador,Goalkeeper,30.0
4537efe6-17fd-56d0-b722-4c06d327caa0,2010,Italy,Defender,28.0
dfdbc6b2-b6b7-5cda-819a-6d25336bae51,1950,Italy,Midfielder,27.0
211a5999-8bb7-539b-a225-10445d90f19a,2010,Switzerland,Defender,31.0
211a5999-8bb7-539b-a225-10445d90f19a,2006,Switzerland,Defender,27.0
0e0537d2-e288-5d42-9772-f5dd4033ec84,1954,Italy,Defender,26.0
46c51a46-53a4-5b75-bb9d-890ba1125250,1974,Sweden,Midfielder,21.0
32dcb83a-6ad7-59c5-80f6-54b0fb89e7e0,1990,Sweden,Forward,27.0
5aa48f2e-bd47-5725-974a-e7e90b1873ba,2018,Iceland,Defender,25.0
2c93f8fb-4e5f-5568-b1e5-cdfeeaef6379,1938,Cuba,Forward,21.0
90244763-435a-59fc-8de2-491bbb128843,2018,England,Defender,25.0
90244763-435a-59fc-8de2-491bbb128843,2022,England,Defender,29.0
f1bcf67f-03b1-546f-a10e-8ed41a96c545,2006,Iran,Midfielder,29.0
f1bcf67f-03b1-546f-a10e-8ed41a96c545,1998,Iran,Midfielder,21.0
3d7f9ab7-5d4e-585b-a14f-2d4c09dd0ff2,1974,Australia,Goalkeeper,24.0
28aff46d-489c-5ff3-9b7a-2c9ad552dc8a,2014,Iran,Defender,28.0
52afa5d4-3713-5603-9c52-2250e4516e61,1954,France,Forward,25.0
9e3a70df-6469-58f6-bd5c-c81ce2cc2b1d,1934,Egypt,Forward,
923bf551-e3c0-5c31-afb9-1fdc7e8287f5,1986,Iraq,Midfielder,23.0
a9084e4d-7d24-55b3-9f49-aea1fb243d30,1998,Cameroon,Midfielder,25.0
0153ef32-641c-5298-88e3-255d2bbe2dcf,2014,Algeria,Midfielder,23.0
d1b5e7d2-c1f0-57d8-8f71-f8e1c1500973,1970,Morocco,Midfielder,23.0
6fccdf7a-0725-5d2b-843b-9243e021cc0b,1982,France,Defender,26.0
2a59c282-3304-5095-90d2-a835cc87734c,1954,West Germany,Midfielder,26.0
4f54ebc4-db0d-53d2-9390-f379ecc32c23,2014,Brazil,Defender,33.0
4f54ebc4-db0d-53d2-9390-f379ecc32c23,2010,Brazil,Defender,29.0
d878df05-2110-5065-9f85-7d73b2238521,1962,Uruguay,Goalkeeper,28.0
3b63c7b0-40cd-537c-9f78-955c904e1a2a,1966,West Germany,Goalkeeper,22.0
3b63c7b0-40cd-537c-9f78-955c904e1a2a,1978,West Germany,Goalkeeper,34.0
3b63c7b0-40cd-537c-9f78-955c904e1a2a,1970,West Germany,Goalkeeper,26.0
3b63c7b0-40cd-537c-9f78-955c904e1a2a,1974,West Germany,Goalkeeper,30.0
b217d168-3a98-5ce4-86bf-a38f1c954f39,1990,Egypt,Midfielder,27.0
caef2e63-e4b6-50af-b50e-2b69e870a1fb,1934,France,Defender,29.0
2cb856d6-9f78-5a8f-8f99-d2cf595d1841,1998,United States,Midfielder,25.0
57f3d86c-7e8a-5390-ab91-6c38262b53ee,1978,Iran,Forward,25.0
27121e21-700f-55ed-899a-b028f164b8fa,2002,Poland,Goalkeeper,30.0
3bc81a61-5295-5bc4-9a60-b3535a2fe733,1954,Czechoslovakia,Forward,29.0
9d071abb-0ff6-5fdc-b638-ddc8a8a4cee9,2022,Croatia,Midfielder,24.0
5a829925-b840-5fb8-a799-0b09c6fcc230,1986,Poland,Defender,30.0
5a829925-b840-5fb8-a799-0b09c6fcc230,1982,Poland,Defender,26.0
420033d7-ccca-596f-a591-99bc358dc789,1990,Cameroon,Midfielder,25.0
3bc5fbbb-8954-53f8-87e7-84278cbc9b69,2006,Japan,Forward,26.0
e16f0474-d960-5c6d-b37c-c88c20e72a2c,2018,Japan,Defender,31.0
ebcd93b7-859a-5941-a396-93f40880d95c,2014,Cameroon,Midfielder,31.0
ebcd93b7-859a-5941-a396-93f40880d95c,2010,Cameroon,Midfielder,27.0
e18d5579-84c0-5962-a618-cc9c3bf60191,2022,Serbia,Midfielder,27.0
19bad0f3-80ae-58be-bb26-f8a90aaa5c4d,1974,Zaire,Forward,26.0
c080295e-5cf4-582e-9d54-e3dcefe03c45,2002,France,Midfielder,29.0
c080295e-5cf4-582e-9d54-e3dcefe03c45,2006,France,Midfielder,33.0
62c1f081-b263-5393-8164-b23314f2d3c6,2022,Netherlands,Defender,23.0
273cb077-966e-5364-9d5a-b9fa9a56b04c,1954,Czechoslovakia,Forward,34.0
c02a0489-85ba-56e4-9e05-a3b6ad1941db,1998,Jamaica,Defender,28.0
c16ccc4e-9feb-584d-ab67-adbeda36a5d0,1982,New Zealand,Defender,34.0
91f17595-895f-5689-b7b4-10d94e9a55ac,1978,Italy,Defender,25.0
0d3fbb0d-20b8-5763-98ac-9cba52d737e4,1962,Italy,Defender,30.0
e880101d-435a-5100-8c2d-e1adb2e893b7,1994,Italy,Defender,26.0
e880101d-435a-5100-8c2d-e1adb2e893b7,1990,Italy,Defender,22.0
e880101d-435a-5100-8c2d-e1adb2e893b7,2002,Italy,Defender,34.0
e880101d-435a-5100-8c2d-e1adb2e893b7,1998,Italy,Defender,30.0
cf1faba5-c7a4-5591-9d90-046c8e18ddb5,1950,Bolivia,Forward,22.0
5681b086-ed88-5175-9aca-203ec4e120d1,2010,Greece,Defender,25.0
b76ec787-a917-56b0-a52e-2431ee081bdf,2002,Senegal,Defender,28.0
8a873f66-dffa-570b-acc6-2344281cacd4,2006,Togo,Forward,33.0
b7ec0fd8-ee42-54ca-add9-4f89b2ac975f,1966,Soviet Union,Forward,24.0
a7c9d8d2-f4da-524e-9c44-973517a2802e,2010,France,Midfielder,30.0
a7c9d8d2-f4da-524e-9c44-973517a2802e,2006,France,Midfielder,26.0
d6290c31-2bbb-527a-a46b-4e4bdfe21c3e,1990,Scotland,Defender,28.0
d6290c31-2bbb-527a-a46b-4e4bdfe21c3e,1986,Scotland,Defender,24.0
51848856-9177-5f7f-a33b-53a93db36088,1982,Peru,Midfielder,25.0
4dbf39ca-bf58-5d6c-95be-bfd469ee0e35,2006,Togo,Midfielder,28.0
3384415d-d071-5fbb-b0e2-d2a2ac659657,1954,Turkey,Forward,24.0
c498ad5c-1656-522c-85c1-1beffc0c8592,1998,Croatia,Midfielder,27.0
8566bf2f-f709-5011-a566-d092cbecd144,1974,Zaire,Midfielder,27.0
f34654bf-cf3f-5dea-8eb2-04aad8cff3b7,1962,Soviet Union,Forward,26.0
cfebd8c9-d86a-5264-a4b0-a7afd3a87eaf,2022,Ghana,Goalkeeper,23.0
81d18e46-d030-5c09-9ad5-4960ddc1b929,1990,Italy,Forward,26.0
d74e71d3-0cbe-5674-92f0-783d884e8982,1994,Argentina,Midfielder,26.0
bbd1d2ee-5931-5d48-b28a-998f68683ff3,2018,France,Goalkeeper,33.0
bbd1d2ee-5931-5d48-b28a-998f68683ff3,2022,France,Goalkeeper,37.0
bbd1d2ee-5931-5d48-b28a-998f68683ff3,2010,France,Goalkeeper,25.0
84394859-5e9a-5265-be06-99d906047e0b,2014,Algeria,Defender,23.0
d1d74e96-2249-5d33-aeb8-60a465dadef1,2010,Cameroon,Midfielder,22.0
fc3c80ee-2639-520c-b316-2ddc6e7a0edf,2014,Ivory Coast,Goalkeeper,21.0
207b16e4-8459-55a8-9a25-e85106605f58,2018,Croatia,Forward,32.0
207b16e4-8459-55a8-9a25-e85106605f58,2014,Croatia,Forward,28.0
687970fe-7bf0-5dfa-96a0-278ab9673576,1950,Brazil,Forward,24.0
4dc97d12-a82f-51e4-ad26-02512b0dd5c4,1970,Uruguay,Midfielder,23.0
abf9951f-89e4-5bc0-b7a3-a46fea904c53,1978,Italy,Defender,22.0
7aa35714-9de1-5fc3-a840-466dcfdb8c37,1966,Brazil,Goalkeeper,29.0
067face9-9203-50b5-8525-491306a9907c,2014,France,Defender,23.0
71c3b96b-29c6-5a70-a9a2-d88430a9a376,1970,West Germany,Goalkeeper,30.0
613fffe9-4a8c-5fd5-9ca2-f80b4973e38a,2014,Greece,Midfielder,28.0
b52c93da-2513-54cf-be31-e0efdb849c26,1966,Uruguay,Defender,28.0
7e147dd0-abd6-523b-a0ed-ae95d2b867e0,2006,Portugal,Midfielder,29.0
6f38a0d5-3490-5b6a-969f-b6d56813a921,1950,England,Forward,32.0
38496fa4-d300-5197-95a7-1663f1620eeb,1930,Brazil,Forward,23.0
8368d4cd-810e-529f-9774-b418d58008db,2014,Greece,Defender,23.0
4a398018-2f67-5407-badb-331b4c041e78,1994,Greece,Defender,33.0
5479b5ac-638b-566c-b868-dc4c1c8bbdcc,1990,Spain,Forward,25.0
9a9ce818-2596-58a6-9576-f892e244e3a7,1962,Soviet Union,Midfielder,24.0
1c258434-23d2-5184-bc3e-50401c2d2455,1934,Egypt,Goalkeeper,20.0
00cae86c-0f3c-5fa6-b663-ca903f593197,1986,Algeria,Defender,30.0
00cae86c-0f3c-5fa6-b663-ca903f593197,1982,Algeria,Defender,26.0
2ca31aef-6bb7-51e3-94c0-15882add699b,2010,Algeria,Midfielder,32.0
8b24bc7a-5baa-5ed6-992c-454bfad01a50,1998,Iran,Midfielder,27.0
73d47554-589f-50f4-9fd4-a25aef959646,2002,Turkey,Forward,27.0
3214c461-4aca-59ef-bb0e-2d35497de4c8,1974,Zaire,Midfielder,28.0
ea97c827-c259-5885-84d6-fde0ff226c93,1974,Uruguay,Midfielder,22.0
2169041b-0baa-5dd0-bb6f-2b1efd0faf7a,2006,Angola,Forward,24.0
cc08d346-eacd-59c3-a5da-456406ef7ad5,1954,Yugoslavia,Midfielder,26.0
9c5d2fd9-5f11-5af8-82ab-7e8f11ea2160,1986,Portugal,Midfielder,28.0
dab7f934-0ba7-52c8-ad25-1b584ef9ca8e,1974,Australia,Forward,24.0
9a46260d-c630-5c8b-b77e-d596cd728c38,1970,El Salvador,Defender,27.0
38a82ceb-b772-51bc-9833-6f4b18ac4371,1986,Mexico,Defender,28.0
a26dad8a-5a49-552f-83ad-aa8e409deb44,1978,Peru,Defender,29.0
a57cb101-e9cf-57b6-b0f1-38121a951a9f,2006,Paraguay,Defender,25.0
701e1aae-bdfa-562a-8484-ecc062af28e2,2018,Senegal,Forward,26.0
2ef8bbed-4c6e-53eb-a9f8-e98ecab4b687,1930,Peru,Defender,28.0
2cc8a16a-02b8-5fe8-9464-b6789552fc44,1982,Honduras,Midfielder,28.0
3f00458e-da43-502e-ad10-2318ba2694df,1994,Argentina,Midfielder,34.0
3f00458e-da43-502e-ad10-2318ba2694df,1990,Argentina,Midfielder,30.0
3f00458e-da43-502e-ad10-2318ba2694df,1986,Argentina,Midfielder,26.0
3f00458e-da43-502e-ad10-2318ba2694df,1982,Argentina,Midfielder,22.0
ec1aed2a-f03d-549e-b0cf-13836afc661d,1994,Greece,Midfielder,27.0
0c3bad07-caae-5f2e-bc31-5d0c3e963f45,1970,Bulgaria,Forward,23.0
87b36f13-9f67-5069-9c4b-b43aa2d85113,1978,Spain,Forward,30.0
4018ade0-5feb-5598-9d45-aa5972b596f6,1954,France,Midfielder,23.0
4018ade0-5feb-5598-9d45-aa5972b596f6,1958,France,Midfielder,27.0
d6ad4d2a-09f4-5f5d-be42-9c0d940e0b5d,1966,Spain,Forward,26.0
134920de-8d96-5e24-a453-8be4d74d62ae,1978,Spain,Defender,23.0
7b9a78af-1303-5aeb-8ce0-30276fe47eec,2018,Brazil,Defender,30.0
7b9a78af-1303-5aeb-8ce0-30276fe47eec,2014,Brazil,Defender,26.0
12c4d781-e011-559f-b19a-d091535cc9e9,1954,France,Defender,30.0
12c4d781-e011-559f-b19a-d091535cc9e9,1958,France,Defender,34.0
1303ee59-05ad-5bff-81e3-477468a27047,1994,Italy,Goalkeeper,28.0
2a723836-e0ce-58d9-96b1-d42610360a8a,2010,Spain,Defender,31.0
2a723836-e0ce-58d9-96b1-d42610360a8a,2006,Spain,Defender,27.0
02ebb416-7aae-570e-b368-e11bd2283caa,1990,Costa Rica,Defender,25.0
888e1cfd-7fe6-538b-b04f-362b5bee75a5,2010,Italy,Goalkeeper,27.0
4c22d2f6-f24a-5dd9-ba19-dced1ebdead0,2014,Italy,Midfielder,28.0
4c22d2f6-f24a-5dd9-ba19-dced1ebdead0,2010,Italy,Midfielder,24.0
5da0a3ed-8257-5065-bd3e-8d5530c8ca9b,1966,Chile,Midfielder,24.0
402b6a4c-49bb-5d31-a4c2-e7b4264c44f4,2002,Brazil,Goalkeeper,29.0
4d9f2bab-a8a7-50f2-86b1-c3a3775d8115,1934,Spain,Midfielder,27.0
ccccd2fd-ca7d-558c-8b34-caf7cb830bf8,2006,Czech Republic,Defender,30.0
d31ca0b6-ee48-52c1-9035-376254776546,2006,Switzerland,Midfielder,22.0
c2a0e440-173a-59a0-aa94-639d0ce22215,1998,Chile,Defender,29.0
acd10c1d-723e-5707-bbef-55be2918acd2,1954,Italy,Midfielder,30.0
acd10c1d-723e-5707-bbef-55be2918acd2,1950,Italy,Midfielder,26.0
85b19775-3d07-5baf-94c7-7fb4b69b5080,2010,Germany,Midfielder,21.0
61eb7633-8752-5313-8868-e0b752514776,1982,England,Forward,29.0
b9a77625-bb02-55a2-acb3-c8f8193c4318,1998,Romania,Midfielder,26.0
9f71b58a-8478-54a4-a102-28daac08cb66,1962,Brazil,Defender,26.0
df62a697-36ac-5511-8727-8918edba30c6,1982,Italy,Midfielder,31.0
7d1cf7ee-6654-5dc9-b306-29c498a6fa56,1970,El Salvador,Defender,27.0
44c947f3-ee09-5ee0-8002-8a7d5a26bc13,1962,Argentina,Defender,27.0
d479f3ce-9e9e-57f9-babc-5c034376ceb0,1930,Brazil,Midfielder,20.0
98483ef3-896a-5a39-bc54-8cc39508124a,1974,Yugoslavia,Goalkeeper,26.0
44485115-8990-5474-93dd-2b3e1f1336b5,1998,Croatia,Midfielder,23.0
e1af22b4-84d8-5d92-adea-67f7f2d83bf6,1982,Kuwait,Goalkeeper,25.0
3818a7dc-4939-56f3-a60b-57b0a5f5c885,1930,Yugoslavia,Forward,23.0
5da0ff95-7a9b-5e5f-a9d2-4f26ec7e3154,1966,Soviet Union,Forward,24.0
e3d7c6e2-0950-5a15-9476-1c22c566f6b7,1934,Hungary,Forward,26.0
25bc6ac7-0e3a-58d5-b798-b5bf46131cf7,1986,Bulgaria,Defender,25.0
8114ed52-fa79-5fe8-83e3-abb203a73cb1,1986,Bulgaria,Midfielder,29.0
e5264aef-42bf-56c5-9f81-5f003da5d77d,1930,Yugoslavia,Forward,30.0
fd0f0f2d-cc31-50f9-bd61-cbda0f5a759c,1962,Yugoslavia,Defender,25.0
704b4512-694e-5968-bdcf-d5505e3f4f92,2002,South Africa,Goalkeeper,26.0
cd8b82cf-c59b-5b73-98b6-6106c78a0cb1,1986,Algeria,Midfielder,28.0
cd8b82cf-c59b-5b73-98b6-6106c78a0cb1,1982,Algeria,Midfielder,24.0
968c47f5-83da-5c30-bfc7-c21b1b3ae544,1990,Italy,Midfielder,25.0
b27b15a9-405b-5536-866f-cc91145f1e18,2022,Cameroon,Midfielder,22.0
0042d3b0-16c5-5dd9-9266-15c27458f24b,2006,Angola,Defender,29.0
5fdf729f-c3cf-5b3e-b96f-fe4540f00f69,2018,Brazil,Defender,24.0
5fdf729f-c3cf-5b3e-b96f-fe4540f00f69,2022,Brazil,Defender,28.0
9973104b-e7f6-5b2e-892e-ed50a6739b1d,1998,Germany,Forward,32.0
fbdf6929-3686-570b-83e9-2c19bd8ad992,1970,Belgium,Midfielder,23.0
069dfbd5-af55-5118-a9c8-3cf9795b8cad,1934,Brazil,Midfielder,23.0
3b795b6e-0404-554a-990c-11eb3bfa61ce,1938,Brazil,Midfielder,27.0
9db47da3-5d73-528f-afa3-c30374cac91a,1986,England,Defender,28.0
251ca2d5-6535-558e-abfc-dc53e2600e8a,1954,Scotland,Goalkeeper,25.0
ffbc7f2f-e599-5cd3-bc92-eaa11351cd98,2022,Brazil,Forward,21.0
6bac8b61-e567-5cc2-9515-48303cce10aa,1934,United States,Defender,18.0
d4329403-c0a6-5b22-9e17-e9a852859c37,2018,Portugal,Forward,23.0
c03132eb-9ec5-5d02-b0bd-e909aadf6431,1958,Brazil,Forward,27.0
4ee70e1a-cedc-5e4a-a8df-3bb5e50f6312,1986,Portugal,Goalkeeper,32.0
e049da8f-e415-5d00-9a80-9fd64ad798c8,2010,Nigeria,Forward,26.0
85ab0025-cb20-57a6-9d61-0284a8df7a46,2014,Netherlands,Defender,22.0
c9e97ef6-ffa9-5539-b4e7-94c5244e5539,1938,Norway,Forward,27.0
ba7a9019-57f9-5d55-8f33-b7c604fdac85,1978,Hungary,Defender,29.0
ba7a9019-57f9-5d55-8f33-b7c604fdac85,1982,Hungary,Defender,33.0
ab9ed76f-5324-59aa-920c-cde150d65edf,2002,England,Goalkeeper,36.0
ab9ed76f-5324-59aa-920c-cde150d65edf,1998,England,Goalkeeper,32.0
74b53fbb-747a-5381-93ff-89fe5855e903,2022,Mexico,Forward,30.0
a4418fb3-3204-565f-b334-097afca0146b,2022,Costa Rica,Defender,23.0
44dc6a3b-ff39-5fa3-93ee-ca94e69bec50,2022,Argentina,Goalkeeper,30.0
2e326403-171a-5d6f-a700-a9ea3c283ab8,1962,Spain,Forward,27.0
d1fee0a6-a8ae-51fc-b6b3-2b3a42e38447,2014,Ecuador,Midfielder,24.0
0e8f742d-e1b2-59a3-8e83-577c53d3a547,2002,Costa Rica,Defender,23.0
0e8f742d-e1b2-59a3-8e83-577c53d3a547,2006,Costa Rica,Defender,27.0
a7ecfe93-d59f-5c87-8fae-f11327143b48,2014,Colombia,Forward,28.0
09dc4cdb-0551-5132-911f-9f853da76763,2014,Spain,Midfielder,26.0
09dc4cdb-0551-5132-911f-9f853da76763,2010,Spain,Midfielder,22.0
f7975562-9bb9-55bf-925a-19bb7dc364b9,1978,Mexico,Defender,26.0
ae8cf703-e57c-58f0-b2cc-6b36dd011ebc,1970,El Salvador,Midfielder,22.0
52050c15-f166-51fc-9415-ba7e86277197,2022,Argentina,Forward,25.0
62ad0b8f-7ce0-5f93-ac20-eacf03ebe909,2022,Argentina,Defender,24.0
2f6b8c8d-7195-52c4-9bbc-a43f65384612,2014,Honduras,Midfielder,25.0
5fcb3fee-e0de-571c-97bb-2e5ff37296a7,2014,Honduras,Forward,27.0
162702b3-4985-5635-9067-4b373eb2bcbf,1954,Mexico,Defender,26.0
9aff0005-749a-5609-805b-0a4ccdcd0e46,1990,Uruguay,Forward,21.0
bcd1c87a-657b-5b24-b2b2-ec4b4bb5c888,2010,Honduras,Forward,28.0
ceda536d-598d-5297-9424-e3d9bef4e487,1954,Uruguay,Defender,26.0
ceda536d-598d-5297-9424-e3d9bef4e487,1950,Uruguay,Defender,22.0
ceda536d-598d-5297-9424-e3d9bef4e487,1962,Uruguay,Defender,34.0
78fe5d91-35b6-5c44-bd24-4d25f9e46fe6,1966,Argentina,Defender,26.0
78fe5d91-35b6-5c44-bd24-4d25f9e46fe6,1962,Argentina,Defender,22.0
c6bb1e37-dd0d-5e25-bcfb-cbd4a81b89d6,2002,Tunisia,Defender,25.0
a0542f63-d008-5ff9-a973-283f4b848358,1982,Kuwait,Defender,21.0
78bc6cb5-bdcd-5bfe-be5c-f3a673f38adb,2002,Costa Rica,Defender,28.0
78bc6cb5-bdcd-5bfe-be5c-f3a673f38adb,2006,Costa Rica,Defender,32.0
065a14ea-66e4-538f-9602-2eb5a9035bff,2010,Chile,Goalkeeper,27.0
4ba469d7-aa4f-5401-857f-6fbd812a3297,1990,Costa Rica,Defender,28.0
03d5f09e-77ff-5e13-a117-476a36f8bef2,1934,Spain,Forward,28.0
ebee8089-7cc8-5311-aeab-cfa745fb0d05,1994,Morocco,Defender,28.0
0deaf570-26e4-5363-ba4f-63b75a15d09e,2018,Argentina,Defender,34.0
0deaf570-26e4-5363-ba4f-63b75a15d09e,2014,Argentina,Defender,30.0
0deaf570-26e4-5363-ba4f-63b75a15d09e,2010,Argentina,Defender,26.0
0deaf570-26e4-5363-ba4f-63b75a15d09e,2006,Argentina,Defender,22.0
57d6e4f8-ba43-54e2-a517-f0fb902e5405,1930,Uruguay,Defender,23.0
22e51239-ff1b-58c1-b98a-41aeeb1abdad,1930,France,Forward,27.0
e97f6fc1-1d54-5043-922e-3a90ab555813,1962,Italy,Forward,29.0
3963a40c-5896-5cd6-870f-ae6faa1d8375,1938,Italy,Goalkeeper,31.0
3963a40c-5896-5cd6-870f-ae6faa1d8375,1934,Italy,Goalkeeper,27.0
6ac27fce-f8d9-5f10-ab61-59d046c2903d,2010,South Africa,Defender,25.0
9d94912a-078e-5c2b-af12-6747f0ddb596,1998,South Africa,Forward,29.0
f3ca1fe0-0ce1-54c2-9142-57db88eba68a,1958,Soviet Union,Goalkeeper,22.0
f3ca1fe0-0ce1-54c2-9142-57db88eba68a,1962,Soviet Union,Goalkeeper,26.0
3948c0fd-8e28-546c-a7e8-1126e264e419,1958,Soviet Union,Defender,28.0
3948c0fd-8e28-546c-a7e8-1126e264e419,1962,Soviet Union,Defender,32.0
e4d27ccb-2d7c-5c8c-933d-745889563892,1974,Uruguay,Defender,31.0
d770e972-3e67-57de-bb89-1fee149f7417,1982,Czechoslovakia,Forward,32.0
494f1e8d-3667-54c2-8aa5-bd4d986cfb01,1958,Czechoslovakia,Midfielder,27.0
494f1e8d-3667-54c2-8aa5-bd4d986cfb01,1962,Czechoslovakia,Midfielder,31.0
2e25c728-d72e-5349-8ddb-aba69a7fc0ac,2006,Saudi Arabia,Defender,23.0
fd8161e2-de81-5fea-8864-63d65d0581dc,1974,Zaire,Midfielder,24.0
ad435103-e534-5b59-8342-0ecde218d67e,1994,Italy,Forward,33.0
ad435103-e534-5b59-8342-0ecde218d67e,1982,Italy,Forward,21.0
009af2d1-0068-57ab-8d3f-5e45090de1df,1990,Cameroon,Defender,28.0
1ac6bd31-4953-5a32-9bc5-0e1e23b7900e,1978,Scotland,Midfielder,32.0
bee3983d-9c09-51db-b804-8a418d50dc50,2002,United States,Defender,26.0
bee3983d-9c09-51db-b804-8a418d50dc50,2006,United States,Defender,30.0
e36541f4-3d24-5330-8d10-cb8fddcb6ed4,1974,Poland,Midfielder,29.0
4b5ca165-40b0-51c7-a210-9fa08c15f7c2,1978,Poland,Midfielder,29.0
ec44c6b9-b488-55a6-b847-96a487a46658,2014,Spain,Midfielder,26.0
ec44c6b9-b488-55a6-b847-96a487a46658,2010,Spain,Midfielder,22.0
a0c1a4ff-8c82-55d4-b9fb-36797bef3f07,2022,Costa Rica,Defender,28.0
40fb04c5-effc-5c36-b086-7374c8095ba0,2010,Slovenia,Forward,21.0
569f6b79-3af5-50a4-ae2c-7558914dd06a,2002,Italy,Defender,29.0
569f6b79-3af5-50a4-ae2c-7558914dd06a,2006,Italy,Defender,33.0
9fa96d89-711d-5248-9ae4-e252dbda2306,2006,Angola,Forward,22.0
05175be1-96e9-5123-8b1e-d43adc08de7f,1990,Romania,Midfielder,25.0
d528fb61-a691-5832-a417-4acfb9f388c5,1954,Scotland,Midfielder,23.0
041fc7c8-f61d-53ff-8bd4-5bf05ae24ba6,1966,Hungary,Midfielder,29.0
04355aa4-42dd-5876-8b6c-f880870ca847,2010,Netherlands,Defender,30.0
04355aa4-42dd-5876-8b6c-f880870ca847,2006,Netherlands,Defender,26.0
58927a4e-ddad-594d-a9d2-bdf1c6cea030,2002,United States,Forward,26.0
eda60ec9-75fe-5342-89cd-63a04594c121,1954,Switzerland,Defender,33.0
9b101c2a-fa85-58c7-8fc3-84353288f1d4,2018,Tunisia,Goalkeeper,34.0
9b101c2a-fa85-58c7-8fc3-84353288f1d4,2022,Tunisia,Goalkeeper,38.0
fd168cf4-a9fb-54ff-8657-70163bac185c,2014,Cameroon,Midfielder,23.0
fd168cf4-a9fb-54ff-8657-70163bac185c,2010,Cameroon,Midfielder,19.0
cfd26ec9-6277-54e8-86e4-b95805b1dc71,2018,Serbia,Midfielder,30.0
0c9fb373-fbc8-541f-8a83-c4b9b3eaed32,2010,Algeria,Forward,25.0
39f98ff9-b7c8-5827-9b7d-92c9751e2b27,1970,Uruguay,Defender,30.0
63717353-a09a-55fd-b9ab-c0303c983b74,2002,Japan,Defender,25.0
25588593-547a-5ee3-a998-640dde856fd5,2010,Japan,Forward,29.0
dec93c97-2a8b-5372-a45d-507229bdc326,1954,England,Forward,39.0
dec93c97-2a8b-5372-a45d-507229bdc326,1950,England,Forward,35.0
c5dc8e1e-4f86-5c6f-9098-d6c12c30580f,1990,West Germany,Midfielder,29.0
c5dc8e1e-4f86-5c6f-9098-d6c12c30580f,1986,West Germany,Midfielder,25.0
c5dc8e1e-4f86-5c6f-9098-d6c12c30580f,1982,West Germany,Midfielder,21.0
ebfde2ef-a15b-5e14-8531-2eef0c4bf247,1994,Germany,Defender,33.0
ebfde2ef-a15b-5e14-8531-2eef0c4bf247,1998,Germany,Defender,37.0
faaa7f42-3401-57fa-a03a-e620da7b0137,1930,France,Defender,25.0
faaa7f42-3401-57fa-a03a-e620da7b0137,1938,France,Defender,33.0
faaa7f42-3401-57fa-a03a-e620da7b0137,1934,France,Defender,29.0
73b2fe5e-1fe3-51f7-b06f-48205223c13c,1962,Italy,Goalkeeper,25.0
bfaa83c7-b417-5dfa-b4d0-610dd96d3ad3,2018,France,Midfielder,31.0
bfaa83c7-b417-5dfa-b4d0-610dd96d3ad3,2014,France,Midfielder,27.0
921b8484-d9d5-5ed9-b3ec-c46314a7158d,1962,Yugoslavia,Midfielder,27.0
e6ac593f-5ffd-5ee9-93c2-9aabb41fa5f5,2002,Poland,Goalkeeper,34.0
d0c42aa2-b468-54a8-a583-dd6ba69c177d,1986,Poland,Midfielder,25.0
d0c42aa2-b468-54a8-a583-dd6ba69c177d,1982,Poland,Midfielder,21.0
8f80334b-af33-5159-a905-a9dff792f940,1954,Brazil,Forward,21.0
54c0e56c-3be2-58d5-8d39-3dc30a251905,1954,Switzerland,Forward,25.0
9bb07b1f-8f51-51c0-9104-f418765b2e92,1978,Iran,Goalkeeper,28.0
9720e1c3-91d8-502b-ae5d-f7aa674e790b,2010,Slovenia,Defender,31.0
cb65c6c8-e7ba-5daa-bde0-0fccb63dbe37,2014,France,Midfielder,30.0
0aa559a6-5f21-5e4c-893c-e80bbb19e55b,2014,Brazil,Defender,33.0
3e95cf07-cc12-526c-a4da-7dfd9f02c8a1,1950,Chile,Forward,25.0
06e1c3f8-eb26-5ab2-a0da-bae7040fbeb7,1958,Paraguay,Goalkeeper,22.0
56f4754c-202f-54dd-801a-e25178747048,1982,Kuwait,Defender,29.0
5e558d25-715a-5a54-a5a2-7469d5039e9b,2018,Iran,Goalkeeper,29.0
f34c442f-5b9b-5550-87b7-6442fdc546d6,1994,Brazil,Defender,28.0
f34c442f-5b9b-5550-87b7-6442fdc546d6,1990,Brazil,Defender,24.0
a8260ea4-8e78-545f-a1c9-bfd08b8bf8fb,2022,Morocco,Defender,25.0
697b8fa0-b78a-5961-8561-5b348d22ec20,1978,Poland,Forward,24.0
1ba954d5-05bb-517c-9e32-e95193a97797,1966,Uruguay,Goalkeeper,21.0
1ba954d5-05bb-517c-9e32-e95193a97797,1970,Uruguay,Goalkeeper,25.0
1ba954d5-05bb-517c-9e32-e95193a97797,1974,Uruguay,Goalkeeper,29.0
f771c8c4-3ba9-59c9-9a92-f43f5ab273d0,1966,Italy,Midfielder,24.0
f771c8c4-3ba9-59c9-9a92-f43f5ab273d0,1970,Italy,Midfielder,28.0
f771c8c4-3ba9-59c9-9a92-f43f5ab273d0,1974,Italy,Midfielder,32.0
3915fddb-6788-5fa0-bd7c-73b39285fd8a,2018,Tunisia,Defender,28.0
3915fddb-6788-5fa0-bd7c-73b39285fd8a,2022,Tunisia,Defender,32.0
5a427539-2390-548d-8c52-4aa9f2eb1163,1962,Czechoslovakia,Forward,21.0
9a3cff1f-ed6a-5a24-8afe-920cadb8a240,2022,Cameroon,Defender,25.0
3ea58353-474b-5011-a28c-af53e448cfc5,2018,France,Forward,20.0
3ea58353-474b-5011-a28c-af53e448cfc5,2022,France,Forward,24.0
8beb411a-dd8a-507d-8924-be727322f4e6,2018,Senegal,Defender,25.0
41abffde-bb55-56cc-b2d5-1ed0c2e956c7,2022,Cameroon,Forward,23.0
5f046b53-5f14-53b2-94a9-40e251c29997,2014,Cameroon,Defender,28.0
5f046b53-5f14-53b2-94a9-40e251c29997,2010,Cameroon,Defender,24.0
cd96da5e-bcc9-57e4-8612-aa45c6cdf7bc,2018,Senegal,Defender,29.0
88644f00-e927-5060-a704-93cc389ccc09,1994,Cameroon,Midfielder,28.0
88644f00-e927-5060-a704-93cc389ccc09,1990,Cameroon,Midfielder,24.0
289ebd0e-261a-56b1-997d-d08abee545a7,1990,Scotland,Midfielder,26.0
a17bf715-170e-57e9-a54c-99cc7717b529,1994,Republic of Ireland,Midfielder,23.0
a17bf715-170e-57e9-a54c-99cc7717b529,2002,Republic of Ireland,Midfielder,31.0
f9ff2e5e-ce4a-5508-a3c0-e5a4f3c71183,1986,Scotland,Forward,27.0
f2783c3b-9261-553d-bd4e-318ebaf8558e,2002,United States,Forward,30.0
f2783c3b-9261-553d-bd4e-318ebaf8558e,2006,United States,Forward,34.0
f2783c3b-9261-553d-bd4e-318ebaf8558e,1998,United States,Forward,26.0
a2b5f670-2530-552b-ae42-db5d45fa2ee3,1990,Scotland,Midfielder,26.0
cb819926-7c95-57cb-a5cf-f53ae082a27b,2002,South Africa,Forward,25.0
cb819926-7c95-57cb-a5cf-f53ae082a27b,1998,South Africa,Forward,21.0
26acb215-d540-56ec-8528-ec41dd905c86,1990,Republic of Ireland,Defender,31.0
cea536b1-1fd9-543b-a70d-cab0adbc01df,1986,Northern Ireland,Defender,31.0
cea536b1-1fd9-543b-a70d-cab0adbc01df,1982,Northern Ireland,Defender,27.0
0b71dd6e-6a77-5de0-8923-9829b5b06fa4,1982,New Zealand,Midfielder,24.0
d7b3b4f0-7552-57f5-9489-2f2228d36dec,1990,Scotland,Forward,28.0
da92d86b-ac51-547c-9b60-1e4973e74e42,1958,Scotland,Defender,31.0
c123a3ea-82d1-540f-aaf6-7a82f4c2437f,1986,Northern Ireland,Midfielder,29.0
c123a3ea-82d1-540f-aaf6-7a82f4c2437f,1982,Northern Ireland,Midfielder,25.0
f438926c-801a-5dcc-a8e9-2571683de544,1958,Northern Ireland,Forward,34.0
ce8a9081-7ae2-55cb-b3ca-8afe4d890de1,1982,England,Midfielder,31.0
9b3fe838-bd0a-5c8c-b8d9-dfe797c63bed,1986,Northern Ireland,Defender,23.0
99c83ef3-9419-5309-b80d-a305dcfd1ea6,1958,England,Goalkeeper,28.0
b7df1a05-07ad-5a82-8372-ec01cda56de0,1954,England,Midfielder,27.0
ee12a5be-f38a-5667-9324-44c5ede2ac3b,1930,United States,Forward,31.0
1f433c8e-0af0-5c16-b84d-1fa5488be275,2010,New Zealand,Midfielder,23.0
b6ac2825-54d2-5f1c-8dd8-24c3d34d6257,1994,Republic of Ireland,Forward,29.0
4898e42d-402f-5816-8f43-87df5c867948,2014,Australia,Defender,25.0
ed2419c8-bf12-5397-8bf9-bdf3451ebbe6,1974,Scotland,Defender,24.0
ed2419c8-bf12-5397-8bf9-bdf3451ebbe6,1982,Scotland,Defender,32.0
bf34147a-adc8-5fd3-ba0c-67800439ca78,1994,Republic of Ireland,Defender,35.0
bf34147a-adc8-5fd3-ba0c-67800439ca78,1990,Republic of Ireland,Defender,31.0
87858477-0ea2-54c1-9e8f-14139c85ac0b,2022,Australia,Midfielder,24.0
a8727ba8-aaae-53a4-8625-1ebe2b74bdb5,1958,Northern Ireland,Forward,27.0
c6c79284-2c7c-5cd4-a7a0-aba00439dcb0,1986,Northern Ireland,Midfielder,32.0
c6c79284-2c7c-5cd4-a7a0-aba00439dcb0,1982,Northern Ireland,Midfielder,28.0
17d5d5e8-a334-5620-97b8-a3488be9462f,1950,United States,Midfielder,26.0
15bb5a48-ef67-53ed-a5aa-d42b2282a7e0,1990,Scotland,Forward,27.0
46d570ae-3f35-53a6-bcab-01aa9f9d93d7,2014,Australia,Midfielder,31.0
f2484bfc-84f3-5219-9b02-b544de463954,2022,United States,Midfielder,24.0
bc575dc6-72b9-5a6f-ac42-713347f8869d,1990,Scotland,Defender,28.0
c91243d1-8f88-5067-87ff-5eb50be09ef5,1998,Scotland,Midfielder,29.0
f8f4d56e-53c1-59cd-ae1c-00c11baf47b8,1998,Scotland,Defender,34.0
3b8dde59-2c2d-55a8-a8d3-4e0853b575bb,1934,United States,Forward,30.0
f1cc3076-2a57-5a2e-8682-dc9b3bce339e,1990,Scotland,Defender,31.0
f1cc3076-2a57-5a2e-8682-dc9b3bce339e,1986,Scotland,Defender,27.0
f1cc3076-2a57-5a2e-8682-dc9b3bce339e,1982,Scotland,Defender,23.0
3149d26f-cba0-5e93-b3e9-8433b982b5a7,1994,Republic of Ireland,Midfielder,27.0
3149d26f-cba0-5e93-b3e9-8433b982b5a7,1990,Republic of Ireland,Midfielder,23.0
239725a4-64d2-5e10-b65d-1074ceb6ea61,1990,England,Midfielder,29.0
6c7a5f40-65aa-5610-985e-d16f364fc52d,1998,England,Midfielder,26.0
24f272bf-0596-5d0c-9837-70b60264634d,1958,Northern Ireland,Defender,31.0
3e977e5b-c2ea-5a07-b677-7b271f062d4d,1954,Scotland,Forward,23.0
cedbf5eb-0525-5acc-a18a-ee373d740b7b,1986,Northern Ireland,Midfielder,23.0
8fbc4154-5be9-5ab6-beb2-0086a892e38c,1998,Scotland,Midfielder,25.0
25311fa5-4cb1-5866-a300-1dfe8f9925d2,1958,Northern Ireland,Forward,24.0
62635d17-a15d-54f5-a814-c2ede8d6cf76,1990,Scotland,Defender,26.0
511cb814-028d-56fd-8470-23b18ad26c28,1978,Scotland,Defender,26.0
511cb814-028d-56fd-8470-23b18ad26c28,1974,Scotland,Defender,22.0
204beff0-0291-5371-b085-47ad954778e0,1990,Scotland,Midfielder,26.0
204beff0-0291-5371-b085-47ad954778e0,1986,Scotland,Midfielder,22.0
c761c516-0d32-56d4-bcbe-8a9019248acf,1938,Italy,Midfielder,28.0
c761c516-0d32-56d4-bcbe-8a9019248acf,1934,Italy,Midfielder,24.0
7a4b3451-fd64-5606-b168-5daa5e9d658e,1954,West Germany,Midfielder,34.0
0136c598-be12-57bf-8c16-1e1255829b33,2014,Chile,Defender,27.0
0136c598-be12-57bf-8c16-1e1255829b33,2010,Chile,Defender,23.0
801d0e30-1b05-59bc-b02f-23b2a144c4ec,1990,Costa Rica,Midfielder,22.0
801d0e30-1b05-59bc-b02f-23b2a144c4ec,2002,Costa Rica,Midfielder,34.0
18af88d1-0ef1-5dbf-8676-a5e6ecd4142d,2010,Mexico,Midfielder,27.0
ab1a07d3-1707-5fc4-b997-d5019e9c73cc,1978,Mexico,Forward,26.0
a7b8eaab-6edf-5e14-a6c5-0a5af89694e7,1994,Argentina,Forward,28.0
1026d89a-012f-54aa-aa4a-eebda9209df9,1986,Algeria,Defender,29.0
3f240e74-1821-56e1-af40-abb126cdae99,2014,Algeria,Defender,29.0
3f240e74-1821-56e1-af40-abb126cdae99,2010,Algeria,Defender,25.0
9b4172fd-c3e4-5c02-9dfb-3986616a706c,2014,Bosnia and Herzegovina,Midfielder,29.0
630df554-5560-531a-b460-5e93ce3fb5fa,1994,Belgium,Defender,26.0
f06a6963-50b7-58f6-a545-08f01ae19a9c,1958,Wales,Forward,26.0
919da50e-d1f3-55d0-87ae-da26966f1f24,1938,Dutch East Indies,Midfielder,28.0
7f314528-05b9-5b03-b0b0-3159b23f4c0c,1990,United Arab Emirates,Defender,23.0
d530055b-21bd-5a15-9fe3-5d1e14f6fa93,1990,United Arab Emirates,Defender,23.0
4a32a4d3-8f3f-533e-8872-944eae846889,1954,Belgium,Midfielder,27.0
85476d03-633e-5abc-a8c5-a27ed93ee798,1982,Belgium,Defender,31.0
88be43ed-e3a2-5104-a4f0-7c755413b00f,1986,Algeria,Defender,25.0
bf5aa900-04bb-5ee9-b01d-713e274acf3f,2014,Switzerland,Forward,23.0
3fd44a4b-e458-57a6-8d62-6944e3758547,1954,Switzerland,Defender,24.0
3fd44a4b-e458-57a6-8d62-6944e3758547,1962,Switzerland,Defender,32.0
c87a948d-19c2-5c01-8376-64529bf4447c,2006,Portugal,Defender,28.0
0a42a76f-8d75-53ef-9e88-2cb93190e773,2014,Portugal,Midfielder,31.0
0a42a76f-8d75-53ef-9e88-2cb93190e773,2010,Portugal,Midfielder,27.0
b036c8f4-372f-5015-bd7d-dbe9a119386e,2022,Tunisia,Midfielder,19.0
1ff48438-97af-5cb7-afae-52a51d536f35,2014,Colombia,Midfielder,26.0
d80aa7d6-0110-539e-857d-b687d98fc2a6,1930,Mexico,Forward,23.0
6f4bfcc2-72ea-56e7-9c62-8c7f14bf950f,1994,Bolivia,Midfielder,35.0
7b3b90ba-d7b8-59e7-948e-fffa79458af0,1962,Yugoslavia,Midfielder,22.0
320b04f7-ef20-5156-93f7-501663df1ba1,2002,Tunisia,Midfielder,27.0
320b04f7-ef20-5156-93f7-501663df1ba1,1998,Tunisia,Midfielder,23.0
ca842562-8e6b-596d-abe5-f40f83ea8be3,1950,Sweden,Forward,27.0
ca842562-8e6b-596d-abe5-f40f83ea8be3,1958,Sweden,Forward,35.0
90d62446-7d1c-56dc-bd48-e1cf15665f9e,2002,Sweden,Defender,25.0
90d62446-7d1c-56dc-bd48-e1cf15665f9e,2006,Sweden,Defender,29.0
d4bc69ec-1ffa-59b5-9279-950320b226a5,2006,Tunisia,Midfielder,28.0
a248ee2b-a85e-5511-bd68-04a7d057abec,2010,Brazil,Midfielder,27.0
2819506b-d26a-544c-8b7a-ed300dbbe401,1930,Uruguay,Midfielder,25.0
dc5c189d-92f5-50a3-b674-fb783c381a20,2014,Chile,Defender,26.0
29f71a60-e745-563d-b9fc-1e6dc254e5a8,1950,Bolivia,Forward,23.0
f89c9250-18ca-5399-a881-432e7d0c76d4,2022,Ecuador,Midfielder,34.0
899f841b-c984-5ba5-a771-d1b241325bea,1986,Algeria,Forward,26.0
4b0f74ee-0338-5d2b-9201-cf2b40baab09,1962,Hungary,Midfielder,21.0
41603732-abaf-514d-a225-2b5c3fb68f9c,2022,Portugal,Defender,20.0
eda33c18-5d19-5cec-b1e5-d9f280181fbf,2010,Portugal,Midfielder,31.0
52263d99-b10e-5ec0-895b-ac108ce07f9c,2002,Spain,Midfielder,28.0
469704a6-3be4-5ae2-a992-dbf053452e88,1978,Mexico,Midfielder,24.0
7db3eade-3137-5f8c-a341-5c86fcd3cc26,1978,Brazil,Forward,24.0
afc0637d-a3d2-5975-b497-95a96f9d10d1,2006,Angola,Midfielder,24.0
8a337b08-0a7f-5c5f-b267-01081e285a8e,1994,Colombia,Defender,33.0
8a337b08-0a7f-5c5f-b267-01081e285a8e,1990,Colombia,Defender,29.0
f6500c04-c97c-5899-b891-8f42539f6fb3,1986,Paraguay,Forward,23.0
76b10c73-810f-5485-ba39-208f52054309,2010,Honduras,Defender,29.0
658b21d5-543d-511e-9d18-d740534aa32b,2018,France,Defender,24.0
30cdc293-64d0-5b04-ab9f-73fdad21c09a,2022,Senegal,Defender,21.0
3cbe8315-5514-5836-b367-f861a3789091,2022,Senegal,Midfielder,30.0
a05b4998-ebde-5a53-b92a-78f8abe6ef80,2022,Senegal,Goalkeeper,30.0
f6a16f4f-f4f8-5ca9-8266-6c842d815cb4,2018,Morocco,Defender,21.0
5a0dfb20-884d-51a2-9005-bb2399569272,1962,Brazil,Midfielder,23.0
74885479-f3c8-52c1-8df8-44713c7bc0c5,1962,Italy,Forward,24.0
a216db62-5d30-532e-961b-94f4263b5e6d,2022,Ghana,Defender,24.0
a8de5559-aab5-508e-b671-dd77f547cfa6,2010,Ghana,Defender,28.0
a8de5559-aab5-508e-b671-dd77f547cfa6,2006,Ghana,Defender,24.0
119f2462-69d2-5453-b9e0-a57c20c9695e,2014,Ghana,Defender,24.0
119f2462-69d2-5453-b9e0-a57c20c9695e,2010,Ghana,Defender,20.0
f5050c62-5b42-5bde-bc09-41a714dd5aac,1990,Netherlands,Goalkeeper,27.0
fd8690bb-95f4-54fe-aa43-124bdda0483f,1958,Argentina,Forward,22.0
70877714-0d36-5533-9f8d-febbad370456,1994,United States,Goalkeeper,25.0
70877714-0d36-5533-9f8d-febbad370456,1990,United States,Goalkeeper,21.0
70877714-0d36-5533-9f8d-febbad370456,2002,United States,Goalkeeper,33.0
0f5389b7-47c6-58bc-a856-314645cb60f8,2022,Wales,Defender,25.0
2cea02ff-8b56-5ffe-9ce8-d4c744bfbc5d,2018,Argentina,Defender,31.0
ffb54701-e4f8-591b-b065-aaa9e3d48566,1966,Mexico,Midfielder,22.0
360fadc8-5021-58ae-ba48-3107a2832f42,2002,Mexico,Midfielder,34.0
b797c2a2-a0ef-5d24-a7d4-7197af61ee10,2018,Australia,Defender,30.0
95076291-def8-5591-9775-1c868112a556,2018,Tunisia,Defender,25.0
95076291-def8-5591-9775-1c868112a556,2022,Tunisia,Defender,29.0
28abfe5d-35c0-5c20-8014-9b4299885a90,1954,Belgium,Forward,32.0
c88c9044-f801-5d3a-b7a7-4ebde8ffc752,1966,Italy,Forward,23.0
400a7b10-6358-5207-b77b-7ce9eedd6798,1954,England,Goalkeeper,32.0
5909f198-bde9-5845-8d9d-049d07cfa9ff,1986,Morocco,Forward,31.0
c4abd46f-0ba8-5c72-8594-f578cd56f94d,1986,Morocco,Forward,28.0
5b99daa2-ff50-5afd-ad86-fccbcadb9ad7,1998,England,Midfielder,30.0
91a81a28-807b-51d2-b1bb-1e4ebfb6bcca,2018,Belgium,Forward,31.0
91a81a28-807b-51d2-b1bb-1e4ebfb6bcca,2014,Belgium,Forward,27.0
91a81a28-807b-51d2-b1bb-1e4ebfb6bcca,2022,Belgium,Forward,35.0
cd709233-dd1c-59c3-9e8c-0e86d449eb2a,2014,Germany,Defender,30.0
cd709233-dd1c-59c3-9e8c-0e86d449eb2a,2010,Germany,Defender,26.0
cd709233-dd1c-59c3-9e8c-0e86d449eb2a,2006,Germany,Defender,22.0
8706dc78-084e-503b-91e0-c7b9ec878cd6,1982,Algeria,Defender,23.0
4b3fd2c9-bd54-5619-9e60-8a896dfe6498,2014,Algeria,Defender,30.0
4b3fd2c9-bd54-5619-9e60-8a896dfe6498,2010,Algeria,Defender,26.0
4121739f-96aa-55a2-a2c5-4439e91c691a,2022,Qatar,Midfielder,21.0
82a7fee4-b8a1-50b5-8e4e-d304f75ba1e2,1962,Soviet Union,Forward,25.0
815f9a08-b302-5959-bf1a-759cf2a34a56,2018,Argentina,Forward,31.0
815f9a08-b302-5959-bf1a-759cf2a34a56,2014,Argentina,Forward,27.0
815f9a08-b302-5959-bf1a-759cf2a34a56,2022,Argentina,Forward,35.0
815f9a08-b302-5959-bf1a-759cf2a34a56,2010,Argentina,Forward,23.0
815f9a08-b302-5959-bf1a-759cf2a34a56,2006,Argentina,Forward,19.0
da946b66-7957-561f-924e-92c670fa8ed3,1982,Austria,Defender,21.0
9a4f75b4-f0fd-5150-95cf-72076b2a004e,2002,Costa Rica,Goalkeeper,30.0
9a4f75b4-f0fd-5150-95cf-72076b2a004e,2006,Costa Rica,Goalkeeper,34.0
ae11e3fd-d971-5996-9efc-ef14a2d86761,1966,Bulgaria,Midfielder,31.0
403e31dc-903c-5611-b0e9-d5f35defe556,1966,Soviet Union,Midfielder,30.0
403e31dc-903c-5611-b0e9-d5f35defe556,1970,Soviet Union,Midfielder,34.0
403e31dc-903c-5611-b0e9-d5f35defe556,1962,Soviet Union,Midfielder,26.0
c3526209-9acc-591c-9537-ecd88e96b208,2002,Cameroon,Defender,25.0
8b42e554-017d-599e-a902-ea8e830a0659,2002,Germany,Defender,22.0
8b42e554-017d-599e-a902-ea8e830a0659,2006,Germany,Defender,26.0
8c1c17c7-8642-5d4f-88bc-4cf51544e825,1954,West Germany,Midfielder,31.0
89ffbbfd-b0b4-5a43-9b48-012d898caf36,2018,Belgium,Defender,27.0
89ffbbfd-b0b4-5a43-9b48-012d898caf36,2022,Belgium,Defender,31.0
4f7cdccb-7cc6-5274-9d94-9e0f67a4e064,2018,Argentina,Midfielder,26.0
ef655297-a6d4-5c46-90cb-212b1a56223a,1974,Yugoslavia,Goalkeeper,27.0
ccc13823-9275-5def-a927-33f8001ad8a9,2002,Tunisia,Forward,26.0
cd43edc4-75b9-5e37-b154-5fabd5ad897f,1974,Zaire,Defender,23.0
d27b52c6-0510-5b11-8f18-18055b1379fe,2002,Denmark,Midfielder,32.0
f90f1112-9d7c-50b2-adc9-519cf6fdf7ca,1978,France,Midfielder,31.0
b0868447-e640-5749-bc06-ee9da0c965ee,2010,Mexico,Goalkeeper,31.0
a41eaf8e-36b1-51a8-b552-3d3cb67857b6,1938,Netherlands,Goalkeeper,26.0
73add0e5-b40f-5ff8-8a29-8b9c61b2927c,2002,France,Midfielder,29.0
87926542-a809-5066-857a-9e43d1b610bd,1970,Peru,Midfielder,23.0
142dd38e-e214-5a97-96ba-16e92e7a9535,1970,Czechoslovakia,Defender,26.0
c03ae529-8094-5331-8077-044b3c8c800e,2018,Belgium,Goalkeeper,30.0
c03ae529-8094-5331-8077-044b3c8c800e,2014,Belgium,Goalkeeper,26.0
c03ae529-8094-5331-8077-044b3c8c800e,2022,Belgium,Goalkeeper,34.0
ad817817-40ed-5552-82ac-1cf5b2dd039e,2010,Portugal,Defender,30.0
ad817817-40ed-5552-82ac-1cf5b2dd039e,2006,Portugal,Defender,26.0
503916e0-764e-5c58-a84f-d27d05ccc03b,1978,Spain,Defender,27.0
fe76b89d-2e84-51bb-984c-66d763a8d3b7,1974,Bulgaria,Forward,25.0
f3667596-82ea-57ba-818c-c858ad794786,1930,Yugoslavia,Defender,24.0
20388f53-43d6-5952-bef3-c09b9cf7af0f,1950,Yugoslavia,Forward,29.0
857cec15-4e00-53d4-9917-b5355c9af27d,1998,Yugoslavia,Defender,29.0
0ce7709d-c756-5e7f-a3df-d37372061011,1994,Romania,Defender,29.0
7d081edd-9ece-5dba-a08b-d6b03244790e,1994,Bulgaria,Goalkeeper,31.0
7d081edd-9ece-5dba-a08b-d6b03244790e,1986,Bulgaria,Goalkeeper,23.0
7d081edd-9ece-5dba-a08b-d6b03244790e,1998,Bulgaria,Goalkeeper,35.0
a090acb7-92b7-5263-874f-1b2e6fc4a137,1994,Bulgaria,Forward,28.0
2146c510-90c3-5949-a079-2e7929705915,1998,Yugoslavia,Forward,29.0
56f1b15e-ff99-5020-a513-e850663ecf13,1934,Netherlands,Forward,22.0
42695b65-7753-5d99-9bba-96d94f08e8cb,2018,Nigeria,Midfielder,31.0
42695b65-7753-5d99-9bba-96d94f08e8cb,2014,Nigeria,Midfielder,27.0
123333b6-bfbe-59e1-8b76-2528e7a8857b,1990,Czechoslovakia,Goalkeeper,29.0
f63931dc-3ebf-5f94-86ba-71d1aa958e36,2006,Poland,Midfielder,24.0
d701e32e-b558-5097-ae8b-95f6661edf5d,1974,Bulgaria,Forward,26.0
4a13d5d2-0cc7-5c8d-84c4-7d04af2cf39b,1974,Uruguay,Forward,22.0
cda2480a-6e31-5cae-a17f-adec55e13002,1950,England,Forward,26.0
e85841b8-a2cd-552c-86b1-467e6b2d013b,1994,Sweden,Midfielder,23.0
85fe5daa-28a4-5de8-86c5-56ac328c207b,2018,Serbia,Defender,21.0
85fe5daa-28a4-5de8-86c5-56ac328c207b,2022,Serbia,Defender,25.0
e05c017a-5425-5489-a317-70af4a9c21d0,2006,Ukraine,Forward,21.0
8130652f-0580-5aa1-9fb0-fa21948c0e83,2010,Serbia,Midfielder,27.0
b48e8bf4-0134-58da-b654-4ebc150c5d23,2018,Poland,Forward,24.0
b48e8bf4-0134-58da-b654-4ebc150c5d23,2022,Poland,Forward,28.0
43280d62-85c9-5b99-98ff-c5de8193e751,2018,Serbia,Midfielder,23.0
43280d62-85c9-5b99-98ff-c5de8193e751,2022,Serbia,Midfielder,27.0
cffb65a8-6939-5df3-96cd-9e6fae22dfb0,2022,Serbia,Goalkeeper,25.0
703386fd-6c4f-560c-907c-4822d382d076,2002,Slovenia,Defender,33.0
d5bd46e2-b016-5095-ac37-4e9d3316d1b0,1974,Australia,Goalkeeper,23.0
c039bd61-33e7-5652-bcfb-0b0394c554d3,2010,Argentina,Forward,31.0
2b4fe0e7-eaf7-52de-94c5-d0098fdb898e,2006,Argentina,Defender,26.0
1b17a411-7ace-5765-9bd3-cc5eb545b445,2022,Brazil,Defender,24.0
cbd07954-7ec9-515d-9e31-477f01b310e9,2018,Serbia,Midfielder,27.0
e872abc4-49a9-5bed-9af6-019bd82a6029,1990,West Germany,Forward,32.0
a45d1194-35ac-561b-9547-789972c3668b,1994,Cameroon,Forward,42.0
a45d1194-35ac-561b-9547-789972c3668b,1990,Cameroon,Forward,38.0
a45d1194-35ac-561b-9547-789972c3668b,1982,Cameroon,Forward,30.0
4eadcccf-68ed-5201-854f-b054921908ae,2022,Canada,Midfielder,23.0
dfc4d5e3-048a-5951-8f35-ea52e684f385,2010,Chile,Midfielder,29.0
06c6ce50-b3ed-558d-b454-6b93520df442,1982,Belgium,Defender,31.0
d131a0a7-4c21-517e-b49c-902f29932fa5,1982,Belgium,Midfielder,32.0
e460b922-351f-5e14-8701-de98eb0f59b1,1986,Canada,Defender,22.0
190b8d0b-ec4c-5764-952a-b6eff9b7a903,2022,Canada,Defender,25.0
442a9633-5112-53e0-a650-0665581bc6fa,2014,Costa Rica,Defender,30.0
e7881037-53b3-5046-a4bc-a84d152bd0ae,1986,Scotland,Defender,31.0
e7881037-53b3-5046-a4bc-a84d152bd0ae,1982,Scotland,Defender,27.0
b15eb9c2-1dda-53e7-91fe-478a785b5135,2018,Australia,Defender,33.0
b15eb9c2-1dda-53e7-91fe-478a785b5135,2014,Australia,Defender,29.0
b15eb9c2-1dda-53e7-91fe-478a785b5135,2010,Australia,Defender,25.0
b15eb9c2-1dda-53e7-91fe-478a785b5135,2006,Australia,Defender,21.0
4f780edf-af05-59b6-979a-888e1b0345f6,2002,England,Defender,25.0
2faeff56-c554-5d26-aba9-3a6a4fd37cac,1982,England,Defender,33.0
7893f095-8ab6-58f5-be63-d6a75c75f29f,2014,England,Midfielder,28.0
7893f095-8ab6-58f5-be63-d6a75c75f29f,2010,England,Midfielder,24.0
25884628-b7f8-514e-8d96-e65f535cbea6,1954,Yugoslavia,Defender,31.0
f161bb7f-f725-596c-8698-b11d1344e241,2006,Angola,Midfielder,25.0
0a4f1fc5-b29d-510b-b9d0-83c5a517b83f,1998,Yugoslavia,Forward,25.0
ea44690e-3c5f-59f9-93dc-a9c23c26cbec,2006,Serbia and Montenegro,Forward,33.0
cc44ecb1-8c5c-50ce-bebb-faf525c00ec6,1958,Yugoslavia,Defender,23.0
90311b4c-4337-58b0-a8f9-98ac1b16afbe,1954,Yugoslavia,Forward,21.0
90311b4c-4337-58b0-a8f9-98ac1b16afbe,1958,Yugoslavia,Forward,25.0
499c3635-e5c5-571a-94d3-bf2608c6c3da,1954,South Korea,Defender,36.0
0dd8d9c0-0e75-5354-a6be-3098f942c07b,2022,South Korea,Defender,26.0
b630de80-d7a7-568f-85b3-65559f581501,2022,South Korea,Midfielder,23.0
b1e5f393-18e4-58a5-9858-58346b519f84,2018,Colombia,Defender,24.0
1255c7a9-c3f1-5991-bced-ac7ae95a43cb,2022,Japan,Midfielder,27.0
b1dc32c5-2c9d-5e1e-8018-c9d54e4c8a74,1998,Iran,Midfielder,23.0
66871e2d-f8fa-5aea-aaf7-4f1e781d1c71,2014,Ecuador,Midfielder,31.0
a6c7c77f-341d-5512-a3c1-a51eb82cc5a3,2006,Brazil,Midfielder,31.0
ae50499b-de75-5dce-ba4d-cc5227b8fb87,1938,Switzerland,Defender,29.0
ae50499b-de75-5dce-ba4d-cc5227b8fb87,1934,Switzerland,Defender,25.0
2334849b-a94d-5aad-b0e6-ea9976640bbf,1994,Italy,Defender,27.0
6f9b3ae2-8265-50a1-9d71-21cfddaf7742,1994,Greece,Goalkeeper,36.0
3fc1da0d-893a-5665-919e-2439b17f346d,1930,Paraguay,Defender,27.0
bb338df5-e8db-5c4b-ae90-93ffff604ac8,2014,Belgium,Midfielder,27.0
42447b3b-0359-5dc1-9d03-cc75ca9ca805,2018,Russia,Midfielder,23.0
202662bb-1c57-53e4-81d1-13301d8df99b,2018,Russia,Midfielder,23.0
4915b23a-a26c-59c1-9221-dfc4b0d99e7b,1958,Paraguay,Defender,28.0
06cfa5f6-812c-5f6c-92ad-0855fc9bd5bf,2018,Brazil,Defender,34.0
987850a9-0f7b-5c35-a21c-d2260882438c,1974,Brazil,Forward,22.0
2b75a54a-6814-5bf5-9b5e-c8e9e97aacab,1998,Yugoslavia,Defender,27.0
a67b48bf-ecbb-5443-b37f-268a44858265,2006,Iran,Goalkeeper,28.0
5788e2a7-c5f4-53f8-a817-8b00888e7cfc,2014,Bosnia and Herzegovina,Midfielder,32.0
075bad35-cf99-581e-bc4f-0a6d470ad672,1986,Canada,Forward,28.0
d23e5f3c-337c-5c45-9668-50946e65d285,1954,Yugoslavia,Forward,32.0
d23e5f3c-337c-5c45-9668-50946e65d285,1950,Yugoslavia,Forward,28.0
d5d5708e-26bc-5f57-a398-734838e02ae8,1970,Bulgaria,Midfielder,27.0
16c6d60d-75e7-5ca1-a904-c59e45d87605,2022,Japan,Midfielder,25.0
c758c7e0-1342-5acb-ad1d-f972905bb133,2014,Greece,Forward,26.0
71a1fb41-45a6-533e-bd7f-a4a44ec261b8,1994,Greece,Midfielder,37.0
8b821c0f-2773-5f95-b383-fdedb3a0d856,2018,Serbia,Forward,24.0
8b821c0f-2773-5f95-b383-fdedb3a0d856,2022,Serbia,Forward,28.0
4f8fc1a8-61ac-59e0-9361-f6efdda732fc,2022,Serbia,Defender,32.0
a0100512-e9a0-5301-a8b1-38e28479297d,2002,Japan,Defender,25.0
a0100512-e9a0-5301-a8b1-38e28479297d,2006,Japan,Defender,29.0
fcb797cb-874a-5d7c-8d18-8931f9155163,1994,Spain,Midfielder,29.0
1465c98f-4548-5288-90f4-ba0c901fa6a9,2002,Sweden,Defender,31.0
0dd608d7-af71-5e5a-800f-132ca780e361,2002,Tunisia,Defender,27.0
d94ff80d-09be-5a4e-aa9a-45cf165c7d02,2002,Tunisia,Defender,24.0
aee8206f-c812-548b-b4e8-10854d22624f,1998,South Africa,Midfielder,29.0
6d7a918f-7ffb-59da-a1cc-c08ae5931f34,1986,Bulgaria,Forward,29.0
175ad6d3-f84c-504d-8d17-282ac583ab59,2022,Serbia,Defender,31.0
77649b03-15de-58fb-8ba6-70430555feae,2006,Tunisia,Midfielder,30.0
7fd70b53-7291-5d3a-b077-8fdd108ded21,2002,South Africa,Midfielder,33.0
fb84abcb-2091-59cd-9366-93eded56648e,2002,South Africa,Midfielder,28.0
9172eaab-85f0-5d94-ab25-bcf9bbb33cad,1998,South Africa,Defender,25.0
9fec843c-c59a-51f4-ad9c-cd4b0dd8e03e,1958,Brazil,Midfielder,22.0
b1ee18e5-f49f-5870-95c7-56c6c3bef404,1970,Romania,Defender,28.0
0d2f3651-9ffe-5bf7-8300-9074abf9ac37,1954,Scotland,Forward,27.0
b2c07429-6da7-5c74-9751-4d6d6ac10d78,1938,Germany,Midfielder,32.0
54409240-e59d-570b-9859-ed449bb14527,1930,Brazil,Forward,28.0
3425e7e1-1223-5ea0-94a7-c63c2ab3c7c6,2010,South Africa,Midfielder,28.0
36378d2c-59c1-5ed4-8030-08041f7b9eeb,2018,Croatia,Midfielder,33.0
36378d2c-59c1-5ed4-8030-08041f7b9eeb,2014,Croatia,Midfielder,29.0
36378d2c-59c1-5ed4-8030-08041f7b9eeb,2022,Croatia,Midfielder,37.0
36378d2c-59c1-5ed4-8030-08041f7b9eeb,2006,Croatia,Midfielder,21.0
2fb29c91-1dc2-5757-bdb8-dcfb027ae8b9,1930,Belgium,Forward,30.0
19f4b37a-56ce-5b13-a0e2-2c3fb307635f,2014,Russia,Midfielder,21.0
a141b45c-47e2-56e4-a239-6c0e9e34078a,1990,United Arab Emirates,Forward,25.0
6d4b55da-d09c-584d-953b-9ea66fdb431e,1990,United Arab Emirates,Defender,27.0
3e3721a4-9b82-5f40-91e5-973b1c998a9f,2006,Ghana,Defender,23.0
da868922-c055-5fb7-9eb5-ed5eac8badcd,1990,United Arab Emirates,Midfielder,28.0
622b81c7-55d7-59ee-a133-893a2fb07af5,2018,Morocco,Goalkeeper,29.0
622b81c7-55d7-59ee-a133-893a2fb07af5,2022,Morocco,Goalkeeper,33.0
d8b6f6ef-80b3-52c0-8f02-67755296135e,2022,Qatar,Defender,32.0
cc472921-143c-574f-a4a7-0ebd2edc044d,2018,Iran,Defender,25.0
cc472921-143c-574f-a4a7-0ebd2edc044d,2022,Iran,Defender,29.0
ac326352-f2b3-5079-ba20-ea840443ca0c,1998,Iran,Defender,35.0
c665b243-e2c2-515b-9b4f-8b092fbc2bd6,1986,Iraq,Midfielder,28.0
bd56a2e3-4ba6-5b64-a60e-9f2f5fc15c03,1986,Iraq,Midfielder,24.0
057e1fb2-c9ac-5efd-918f-759d580383ea,2022,Iran,Defender,26.0
058824d5-eed5-5643-810f-f0227dcad865,2018,Egypt,Forward,29.0
abc009b2-3557-57b3-9d6c-5016e3bb664e,2018,Colombia,Defender,26.0
c0721b40-01cd-5ada-9ce2-b331104f34ef,1934,Egypt,Forward,27.0
fe8e1f00-df9a-5bff-bcd8-0f7eecd55172,2010,South Africa,Defender,30.0
fe8e1f00-df9a-5bff-bcd8-0f7eecd55172,2002,South Africa,Defender,22.0
e7512ac7-27e2-5d4f-950e-4e21e73b012b,2002,South Africa,Midfielder,28.0
b2999a37-4f8c-5c22-8934-fe0ba80eb4d5,1998,South Africa,Midfielder,23.0
e70bb741-8aa2-56f2-b4cf-25f1c62e2836,1934,Netherlands,Forward,22.0
7c39d963-07ce-5e91-8c4a-260b4066b982,1994,Romania,Forward,22.0
7c39d963-07ce-5e91-8c4a-260b4066b982,1998,Romania,Forward,26.0
a042b039-f127-5e1c-948c-ab98ac3b59db,1938,Romania,Forward,25.0
a8c3dadf-2dab-50b7-a5a0-1f21a932e849,2002,South Africa,Defender,23.0
9b33cdc5-8385-5f10-b700-322ba649a4af,1998,Spain,Goalkeeper,28.0
c913aa8e-5ee7-5dfa-a9de-4a56e9b97889,2022,Argentina,Defender,24.0
695f10d3-4cdb-5cd7-80e3-2434d815e2f9,1998,Denmark,Forward,28.0
70957003-593d-5905-af01-8379d5288469,1966,Hungary,Forward,27.0
ee914147-b3b3-5808-9be0-aca28b7d1227,1958,Czechoslovakia,Forward,22.0
ee914147-b3b3-5808-9be0-aca28b7d1227,1962,Czechoslovakia,Forward,26.0
6ec26df3-47de-5156-8420-e52bab1fae68,1950,Spain,Midfielder,25.0
778be431-09a7-5c09-b123-b743e174edf1,1986,Belgium,Forward,28.0
778be431-09a7-5c09-b123-b743e174edf1,1982,Belgium,Forward,24.0
309765bd-6d18-5db9-aa21-6653d5ae35d9,1994,Colombia,Goalkeeper,23.0
309765bd-6d18-5db9-aa21-6653d5ae35d9,2014,Colombia,Goalkeeper,43.0
309765bd-6d18-5db9-aa21-6653d5ae35d9,1998,Colombia,Goalkeeper,27.0
f9f1cc53-cc32-559f-9d31-2a71efdcc4d1,1970,El Salvador,Forward,32.0
aba8115c-f1a5-5f00-8553-fd79712200f9,2006,Japan,Defender,25.0
ebb4678c-8a9b-5838-8070-9aead77e4fe3,1950,United States,Forward,39.0
4ac2dbcc-ef0e-5a58-9ff8-1c64ea2bc5dc,1958,Hungary,Forward,22.0
4ac2dbcc-ef0e-5a58-9ff8-1c64ea2bc5dc,1962,Hungary,Forward,26.0
322e11b6-b87e-5160-b7a4-1510d3322e5b,2018,Spain,Defender,32.0
dbeb9bc0-4bec-5ca9-a653-4165c7ae797b,2018,Iran,Defender,35.0
dbeb9bc0-4bec-5ca9-a653-4165c7ae797b,2014,Iran,Defender,31.0
47b07bdd-4cf8-54e5-99e7-14c481b4b3ef,2002,Italy,Forward,28.0
f13c2679-3dae-57d7-a82e-b08c91c3fdfc,1950,Mexico,Defender,28.0
b0c12b11-15cc-50e3-9394-f13e3cf8eaf1,2014,Ecuador,Midfielder,25.0
e6cb2886-71fd-500e-85a4-0fcc98425f1a,1990,Costa Rica,Defender,27.0
934b0fad-14d4-57df-8dd7-929b106a6a91,2002,Uruguay,Defender,31.0
bcd54cd8-775a-5b10-ad01-7e3b210056b8,1970,Uruguay,Defender,26.0
bcd54cd8-775a-5b10-ad01-7e3b210056b8,1974,Uruguay,Defender,30.0
fe6c9064-2871-58d5-8077-31e76aa8f165,2022,Mexico,Defender,25.0
6584cac9-bce6-5fc4-aac5-9e2416fdc940,1970,Mexico,Defender,27.0
f52450a9-a192-559d-8137-305017d3b44d,2014,Honduras,Defender,29.0
5d806b82-5f39-5fe4-b18c-5c583b38adfd,1930,Argentina,Midfielder,29.0
ad7b4626-a594-59d3-96b1-a82eea388960,1934,Italy,Midfielder,33.0
3d46acd3-0031-5f7a-8930-f801041abee6,2022,Argentina,Defender,25.0
d9aed606-a9ee-5564-8e12-4b80779318db,2006,Paraguay,Midfielder,18.0
940ce910-43f1-5331-b33f-0786d20f321e,2010,Italy,Midfielder,25.0
b8f3022a-95d4-5a1b-809f-d18d6b0c27e2,1938,Italy,Defender,32.0
b8f3022a-95d4-5a1b-809f-d18d6b0c27e2,1934,Italy,Defender,28.0
3154ca0c-351b-5c3f-b563-65c121ea12a3,1990,Argentina,Defender,28.0
1ab545bf-e196-5f9f-a7a2-2cca0f5a0c2f,2018,South Korea,Midfielder,26.0
7ec8450b-93f3-5d2e-b3cc-c47dbb1a88fe,2022,South Korea,Defender,27.0
df570db9-9ca6-5237-9f5d-62778e05ea9d,1966,England,Defender,25.0
df570db9-9ca6-5237-9f5d-62778e05ea9d,1970,England,Defender,29.0
df570db9-9ca6-5237-9f5d-62778e05ea9d,1962,England,Defender,21.0
1eff76e5-fa28-575a-b668-97b269c2a982,2010,Australia,Defender,35.0
1eff76e5-fa28-575a-b668-97b269c2a982,2006,Australia,Defender,31.0
05fddae2-1e0a-586b-b7a1-4f90c7ae4919,1994,United States,Forward,23.0
05fddae2-1e0a-586b-b7a1-4f90c7ae4919,2002,United States,Forward,31.0
05fddae2-1e0a-586b-b7a1-4f90c7ae4919,1998,United States,Forward,27.0
c9671e39-b0e1-523c-9c3c-a47af34fa7c9,2022,Wales,Forward,30.0
66431955-8d82-5df0-a74b-7d2a67fc5a91,2022,United States,Defender,26.0
6be04208-7063-5d74-9fbd-1fb0c9742e32,1986,Canada,Defender,28.0
a0011f81-5ecd-565d-83ec-07806ceacd4e,1930,United States,Defender,29.0
a0011f81-5ecd-565d-83ec-07806ceacd4e,1934,United States,Defender,33.0
7b84edca-7266-51ee-8f68-26de597ecd18,2018,Australia,Midfielder,28.0
7b84edca-7266-51ee-8f68-26de597ecd18,2022,Australia,Midfielder,32.0
2aff7e1c-82b9-5d78-8885-89aa7df90954,1962,Italy,Forward,25.0
551aa21d-781e-55bc-a7e0-f8a07b4ee016,2006,Ecuador,Goalkeeper,27.0
0bd41ef5-427c-52ad-9164-cbbc4392c246,1966,Portugal,Defender,31.0
d5bf022a-56f6-5bfc-a0cc-5682a592a3fa,1998,Paraguay,Midfielder,30.0
9d6a82f7-e3b1-5b6d-8b11-bbb4e466fb70,1970,Uruguay,Forward,25.0
7cdcaad7-26dc-5d08-8d75-e3196ab23337,2002,Mexico,Midfielder,27.0
7cdcaad7-26dc-5d08-8d75-e3196ab23337,2006,Mexico,Midfielder,31.0
3fe3ed2c-1755-5b72-a246-1e837665d145,2002,Uruguay,Forward,27.0
6bb6c08d-a9e0-5a15-97cb-0c771b1e1141,1930,Chile,Defender,25.0
b1925a38-e8b5-5a14-8ef6-10d708939588,1994,Republic of Ireland,Defender,38.0
b1925a38-e8b5-5a14-8ef6-10d708939588,1990,Republic of Ireland,Defender,34.0
c8836970-1e6b-534d-898d-2198ee383609,2014,Greece,Defender,33.0
c8836970-1e6b-534d-898d-2198ee383609,2010,Greece,Defender,29.0
d17434f7-bcdc-55ff-ab4c-324dc9bc6d8b,2022,Spain,Forward,30.0
2f31d3e0-f6f8-5bd6-b4d4-4cacd2cd1602,1986,Portugal,Defender,22.0
07723e57-3e25-580d-9859-ae82cdf4ae75,1934,Romania,Midfielder,23.0
4f8bb8ec-9679-5a6c-b9b3-072730fbfd79,1958,Czechoslovakia,Midfielder,27.0
c6ff7a90-7743-51cd-aa6a-f7a44b882846,1990,Czechoslovakia,Midfielder,25.0
cc01e427-9abe-536b-9f43-fbac1d5d951b,2018,Costa Rica,Goalkeeper,28.0
e35db7b7-f413-5b4b-9707-5dcf85eb00ed,2010,Paraguay,Defender,32.0
14b7c2f0-d4fa-5128-bfc0-8fd374528a3e,1974,Uruguay,Forward,22.0
3f0cfba8-69df-510d-9cf3-f30cae5a8d7f,2018,Mexico,Defender,30.0
3f0cfba8-69df-510d-9cf3-f30cae5a8d7f,2014,Mexico,Defender,26.0
3f0cfba8-69df-510d-9cf3-f30cae5a8d7f,2022,Mexico,Defender,34.0
3f0cfba8-69df-510d-9cf3-f30cae5a8d7f,2010,Mexico,Defender,22.0
844afd70-196d-5681-bc32-91b0635e9cfb,1994,Bolivia,Forward,20.0
8a408607-e2a0-5754-9172-9b064937441c,1998,Colombia,Defender,28.0
c0c796d3-8189-5ccb-8c71-8965bad1ec82,1962,Chile,Forward,27.0
63e734e0-41ec-5037-9c10-d0896680c10b,1962,Switzerland,Defender,34.0
3f39ec21-194f-5746-8940-d6efe202b42d,2002,Costa Rica,Goalkeeper,26.0
1958a548-6b63-59cb-9cd8-02f4d66832a7,1974,Scotland,Forward,30.0
0f91e804-272c-5835-9e89-b0e467deeaf4,2002,Spain,Forward,26.0
0f91e804-272c-5835-9e89-b0e467deeaf4,1998,Spain,Forward,22.0
e0bd957f-d2f3-5d39-adbb-491c64f997a8,1998,Italy,Midfielder,29.0
22f2be43-4b79-5296-839d-15ac8cc1866d,2010,Japan,Forward,22.0
a40c9421-7818-5999-8484-7b3eec88abac,1974,Italy,Defender,30.0
6369b65b-b6d9-53e8-943c-8009cee8e439,2002,Japan,Defender,27.0
9668e92c-b406-544f-aff2-72195ce4019e,2010,South Africa,Midfielder,30.0
d7d5a473-1fe4-5e84-8e7e-30b1580ef9f9,2014,Japan,Defender,27.0
93b6d3cb-6331-5500-b7ce-8b8b2684e7be,2002,Japan,Midfielder,30.0
93b6d3cb-6331-5500-b7ce-8b8b2684e7be,1998,Japan,Midfielder,26.0
68e5e672-0384-5af7-8f95-205b54fac531,2022,Japan,Midfielder,27.0
2b4168b8-d118-5c4b-b319-97a405701619,1954,West Germany,Forward,29.0
03f6c51a-7178-5a27-916a-778deebaf6a1,1950,Italy,Goalkeeper,29.0
4e595374-4aca-5d69-820d-b63848e837ef,1986,Soviet Union,Defender,24.0
e4bf47db-fa5e-53ef-95c1-09932a8eaade,2022,Wales,Midfielder,25.0
2215668e-2122-516a-b432-380d4d532926,1990,Republic of Ireland,Defender,27.0
ab99cc02-6066-5d9b-a6dd-841fa0454afa,2022,United States,Forward,28.0
ac4670b0-4449-50a6-82bd-31084e98943c,2002,Republic of Ireland,Forward,23.0
f3774180-e252-50ab-96ac-5fb0e822945c,2018,Egypt,Midfielder,27.0
e8e6d65c-198c-5baa-bd8a-83e301d0d563,1950,England,Forward,29.0
2b348833-aa73-59fc-905e-c9fed6de2161,1998,South Africa,Midfielder,30.0
abd44cf4-3d1a-51bc-9cf4-57052205cc50,1950,Uruguay,Forward,20.0
25e9d3e7-4360-5b9f-becb-a0ac9efa6533,2002,Paraguay,Midfielder,25.0
2a0c6298-59cc-57a4-8e90-062fd2ec05b3,1934,Egypt,Forward,20.0
114db286-f711-597d-ba22-165b8d7b61be,1982,Chile,Forward,27.0
5e26cdf6-d8a7-5104-84f1-03cc16ce5f3e,2018,Nigeria,Midfielder,28.0
5e26cdf6-d8a7-5104-84f1-03cc16ce5f3e,2014,Nigeria,Midfielder,24.0
ac9ad235-55da-5119-962b-21317d0e4141,1998,South Africa,Midfielder,33.0
8bbd89e9-bc2f-5792-a934-2978ee686f70,1978,Peru,Forward,22.0
06adb0cf-332d-5be5-92f8-be5aab572173,2010,New Zealand,Goalkeeper,27.0
bace3d63-aba2-57aa-98cb-74f9edcfcf7d,2014,Algeria,Midfielder,31.0
9e3acfed-55c2-5d70-a640-57b8127f870d,1994,Russia,Midfielder,26.0
9e3acfed-55c2-5d70-a640-57b8127f870d,2002,Russia,Midfielder,34.0
04977b13-6936-5bf5-8bb1-bb20cf0c5f01,1970,Mexico,Goalkeeper,31.0
04977b13-6936-5bf5-8bb1-bb20cf0c5f01,1962,Mexico,Goalkeeper,23.0
bab878c8-957b-5a07-997a-73c06cd3839f,1954,Mexico,Goalkeeper,32.0
8c6eac72-33bd-5e9d-9c8c-a267565c639f,2014,Italy,Midfielder,32.0
ea85e167-b639-5d76-87e0-21cec1eddce3,2006,Saudi Arabia,Forward,25.0
52cca23d-56d6-585f-a205-26e50b8a00d3,2018,Switzerland,Defender,28.0
4382a539-b31b-5b76-8da9-ab85c620b1ac,1986,Morocco,Goalkeeper,30.0
b81449fe-a884-528b-98c1-340e9c0f3ffd,2014,Cameroon,Forward,26.0
712626cc-7ab4-5eed-909f-74e995e4865e,2022,Germany,Forward,18.0
0947d619-7afe-5c05-a944-52875c0199c3,2022,England,Midfielder,23.0
8df80df0-87e1-534a-bd65-a7a0c0c8d742,1958,Argentina,Midfielder,31.0
fa686163-86b1-55ae-a341-536e1a8a18e0,2018,Portugal,Midfielder,32.0
fa686163-86b1-55ae-a341-536e1a8a18e0,2014,Portugal,Midfielder,28.0
aa98fca3-ccd1-558c-bfdf-68298e9247e3,1958,France,Defender,28.0
5f86e9d6-cf4b-54eb-a2d9-9f79b264cfd7,1994,Cameroon,Forward,23.0
6d98fc86-c845-5ccb-a068-121f39f4fa09,1982,Poland,Goalkeeper,31.0
988913cc-a813-5584-969a-c7c2fde9fad3,1990,Brazil,Defender,30.0
f47a24b1-0658-5723-b2c2-abe133c56d2c,2002,Belgium,Forward,26.0
f47a24b1-0658-5723-b2c2-abe133c56d2c,1998,Belgium,Forward,22.0
123d4b2d-0afd-502d-886c-b827d739dcff,1998,Belgium,Forward,20.0
7afc1d2a-5734-57da-9639-e0b4a72e6f34,2010,South Africa,Forward,26.0
55751b2d-93ea-55de-8284-b256c9e161e5,1950,Yugoslavia,Goalkeeper,35.0
93a6cb09-74e3-5568-b869-26abb29cfaf9,1998,Croatia,Goalkeeper,33.0
0d268496-4785-53ae-80bc-604586a2bfdd,1958,Czechoslovakia,Defender,24.0
60f70501-d2cb-5ed2-aaab-f79cf5f92f8c,2010,Serbia,Forward,26.0
f3085d24-32b6-5df6-8a85-abdda8420da2,2022,Tunisia,Forward,32.0
8da1a11a-f3bd-5e0b-98a1-1511a48e13d8,2010,Denmark,Defender,29.0
a9355a6b-54fb-5eb2-84f5-9a1f0f4b5b50,1954,Italy,Forward,27.0
a9355a6b-54fb-5eb2-84f5-9a1f0f4b5b50,1950,Italy,Forward,23.0
7639057e-6f9c-5545-b13a-16835ef33d50,2010,Slovakia,Goalkeeper,28.0
985fdfe6-78ab-5c8f-834c-cc79ba95d8dc,1958,Scotland,Forward,28.0
4007a24d-6c0f-5798-9721-8449ce3a8659,1934,Spain,Midfielder,23.0
8a5d07c1-1b2d-588c-8c3b-8e32d3ed0949,2014,Bosnia and Herzegovina,Defender,30.0
78524f10-617e-5d12-bbfb-17cb791cb352,1970,Uruguay,Defender,27.0
da3008ca-8c9a-5160-8137-a6142cf763fc,1962,Yugoslavia,Forward,29.0
52dc5c52-8d61-568d-b6e6-d37c7ddd5399,2002,South Africa,Midfielder,27.0
68fcc468-ea9f-5f5c-9803-1b209c868c38,1974,Zaire,Defender,29.0
35218856-7082-51a1-89c9-925f546d770a,1974,Zaire,Midfielder,26.0
c786758f-db8e-526f-84fb-bcc917f623f7,1954,England,Forward,31.0
c786758f-db8e-526f-84fb-bcc917f623f7,1950,England,Forward,27.0
7a03b5e9-edca-5da7-8e7c-e195b1f94e49,1966,France,Midfielder,32.0
68162a29-d3f9-5aae-a8d9-5ea0442d84b2,1970,England,Midfielder,29.0
fd2ce324-5515-5306-909f-80ce60f028b4,2010,New Zealand,Midfielder,28.0
a70e6350-e6c0-5acc-86e4-2171101283b4,2010,North Korea,Midfielder,32.0
8c59e27a-a166-5b16-837a-6e6c321ace3f,1986,Belgium,Goalkeeper,30.0
8c59e27a-a166-5b16-837a-6e6c321ace3f,1982,Belgium,Goalkeeper,26.0
d311d7bd-ae64-562f-aef3-fc0ef32d0e4d,2022,Qatar,Forward,24.0
6867d11b-9e58-5301-8efb-e88ae88e9e8a,1970,Mexico,Midfielder,28.0
edcc83fc-0949-5ebc-b02a-c621370891fc,1982,El Salvador,Goalkeeper,23.0
0fa06a56-90d1-545e-bdcc-1b6a789a4433,2022,Qatar,Forward,29.0
9f51d5a3-4141-5e43-b95b-2fb56f0f888f,2014,Ghana,Midfielder,30.0
9f51d5a3-4141-5e43-b95b-2fb56f0f888f,2010,Ghana,Midfielder,26.0
9f51d5a3-4141-5e43-b95b-2fb56f0f888f,2006,Ghana,Midfielder,22.0
33002f80-8f7a-57f7-a908-7972d5ca120d,1994,Romania,Midfielder,26.0
33002f80-8f7a-57f7-a908-7972d5ca120d,1998,Romania,Midfielder,30.0
a8fb5ddf-60d2-54df-b591-aecb4c632c97,1970,Soviet Union,Midfielder,24.0
30cb36b4-767c-560a-977c-6f9f2b3024c4,2002,Uruguay,Goalkeeper,24.0
f3e768ad-1b90-5343-b5de-2e9a065800e2,2002,Poland,Defender,28.0
8a810da7-9cae-5da6-9dd7-b1228add1b80,2018,Colombia,Forward,27.0
4e40df02-da04-5561-b40b-146dc8c26d10,2018,Panama,Defender,22.0
bf706f9a-d8a9-54ac-93c8-a77d1985f182,1930,Bolivia,Goalkeeper,32.0
b368ac65-b989-5851-8180-79316f7dfe5d,2018,Colombia,Defender,30.0
e931b51a-c690-5478-974f-17f08965546f,1990,United States,Forward,24.0
d8796505-b2d9-59c3-8766-48355199f5cf,1958,Scotland,Forward,25.0
b02979d9-0792-5824-8268-4d1930431185,1990,United Arab Emirates,Goalkeeper,32.0
2253fafa-65f1-596b-8725-843c67ed89a7,2018,Nigeria,Forward,26.0
2253fafa-65f1-596b-8725-843c67ed89a7,2014,Nigeria,Forward,22.0
73ce74cf-3a99-5c1c-b04c-71a1597dd08f,1990,United Arab Emirates,Goalkeeper,26.0
60deed4d-9aa1-50de-9df7-4875f7f568d7,2022,United States,Midfielder,20.0
79aec5fe-66dd-5b4e-a04b-bac66c060d9e,2022,Germany,Midfielder,19.0
fdf6f3a5-8e72-5484-8223-4ae6b7d099a7,1974,Poland,Defender,26.0
6b6ec5f3-8288-5005-be82-f74ad9749f2c,1958,Argentina,Goalkeeper,34.0
f8a7e8c3-c56b-5397-bfc6-3c71b46c8739,2018,Uruguay,Goalkeeper,32.0
f8a7e8c3-c56b-5397-bfc6-3c71b46c8739,2014,Uruguay,Goalkeeper,28.0
f8a7e8c3-c56b-5397-bfc6-3c71b46c8739,2022,Uruguay,Goalkeeper,36.0
f8a7e8c3-c56b-5397-bfc6-3c71b46c8739,2010,Uruguay,Goalkeeper,24.0
b3579ea2-da9b-55c3-bffc-0a000616f6aa,1998,Chile,Midfielder,29.0
36e984d2-b930-5904-a35b-a8382d6a8161,1994,Italy,Defender,31.0
f2a5de99-915a-5e12-802f-a90c5da12fe8,1962,Chile,Forward,32.0
9c9a1a92-b894-5383-bf11-b4fc88d1310d,2014,Germany,Defender,22.0
5ca565fe-9c85-513d-b7a9-08c98e5fe556,2018,Japan,Forward,26.0
af136007-cf9b-5a12-b58c-1ccf095b2d2e,1930,Argentina,Defender,31.0
bb64bc8b-cac1-559e-acbc-6a5262ca082b,1990,Romania,Midfielder,25.0
150e4187-d7e6-58d6-9a05-09e68273d635,1978,Peru,Forward,30.0
01163eaf-49e1-5be0-a87a-ff3ec4ed1ed7,1986,Mexico,Midfielder,24.0
f820d1cf-c3f1-5633-96e7-e13eee72fa84,1966,Mexico,Midfielder,25.0
def50e9f-d605-57b5-b1d4-ce485a6dcf6a,1930,Chile,Forward,30.0
7bf69997-40fd-5cf5-9a07-fc6bfff0c558,1950,Chile,Forward,22.0
de350160-7cad-5c06-b491-e4475fb6a167,2014,Uruguay,Goalkeeper,32.0
2d9a254e-e372-5e37-85bf-888f789be2d2,1974,Yugoslavia,Midfielder,21.0
8c678562-93f0-5a05-b4c0-c9bd740d484c,2018,Switzerland,Goalkeeper,24.0
8caeb34c-3a8c-5acd-931c-68c277497c89,1974,Zaire,Goalkeeper,27.0
6bf00f67-e3bb-5c3e-9d8b-3fa124bb68ce,1990,Costa Rica,Midfielder,21.0
580adaa0-c7ab-57b1-83bc-61667843cac2,1998,Norway,Goalkeeper,25.0
b3ab7bf3-4797-5049-90df-81978721eca8,1994,Norway,Midfielder,23.0
b3ab7bf3-4797-5049-90df-81978721eca8,1998,Norway,Midfielder,27.0
5c58555d-857e-5ec5-941b-521216996ede,2002,Japan,Midfielder,24.0
45254e60-c76e-55ff-9e95-8ded7e55cdff,2014,Costa Rica,Defender,26.0
ebd8f6a8-928c-5a24-8730-48c52e53838e,2018,Portugal,Midfielder,25.0
ebd8f6a8-928c-5a24-8730-48c52e53838e,2022,Portugal,Midfielder,29.0
12c0f6e5-e103-5e07-a763-b1a55fe9e735,2018,Mexico,Defender,39.0
12c0f6e5-e103-5e07-a763-b1a55fe9e735,2014,Mexico,Defender,35.0
12c0f6e5-e103-5e07-a763-b1a55fe9e735,2010,Mexico,Defender,31.0
12c0f6e5-e103-5e07-a763-b1a55fe9e735,2002,Mexico,Defender,23.0
12c0f6e5-e103-5e07-a763-b1a55fe9e735,2006,Mexico,Defender,27.0
d531334f-adfe-5831-88e4-91da30a26673,1966,Argentina,Forward,20.0
07adc3d2-8833-546b-9a9f-30ca11376021,1954,Uruguay,Goalkeeper,37.0
07adc3d2-8833-546b-9a9f-30ca11376021,1950,Uruguay,Goalkeeper,33.0
d9f4c7ce-7167-5b7f-aa4a-3bdbd0754f77,1966,Hungary,Defender,34.0
d9f4c7ce-7167-5b7f-aa4a-3bdbd0754f77,1958,Hungary,Defender,26.0
d9f4c7ce-7167-5b7f-aa4a-3bdbd0754f77,1962,Hungary,Defender,30.0
a1bd2161-6793-5feb-b6c6-2272dd4c1909,1998,Austria,Midfielder,27.0
7cffd54c-ee11-59b4-80ff-571d15e0a04f,1970,Sweden,Defender,25.0
d4e75608-4b67-5300-85ec-a50aeeed0c57,1950,Sweden,Defender,25.0
25f62cfc-5e4c-5d4a-a50e-a69b639d4d81,2022,Denmark,Defender,25.0
7643d4c3-67ca-5f95-88e9-099c096ca624,2002,Uruguay,Defender,31.0
881861bf-ecb7-50de-87f3-f28be7d03311,1962,Uruguay,Defender,24.0
eacc4552-94a5-5409-a979-5c5b15007750,2006,Mexico,Defender,27.0
e2c43c0a-6f54-526e-9303-4421f0c1f937,1954,Uruguay,Forward,20.0
100dd7be-9af8-5cdc-9623-a206c4d155ba,1930,Bolivia,Forward,26.0
0af46c4c-35bd-58f9-95cc-c9669e206a9f,2022,Ecuador,Midfielder,25.0
edd561a6-0701-5a72-9a1d-eea538c69217,1970,El Salvador,Midfielder,28.0
abd71adc-d686-5d2b-84b1-b9b633ad7bdf,2014,Ecuador,Midfielder,35.0
abd71adc-d686-5d2b-84b1-b9b633ad7bdf,2002,Ecuador,Midfielder,23.0
abd71adc-d686-5d2b-84b1-b9b633ad7bdf,2006,Ecuador,Midfielder,27.0
576f7624-0a80-5f0d-b860-492f7f3f9a94,1978,Hungary,Goalkeeper,28.0
576f7624-0a80-5f0d-b860-492f7f3f9a94,1982,Hungary,Goalkeeper,32.0
3b90e595-f57d-59a6-a80f-54a64e0a5505,1966,Hungary,Defender,25.0
3b90e595-f57d-59a6-a80f-54a64e0a5505,1962,Hungary,Defender,21.0
009fa220-bd7e-52e8-853b-ec7b9e13ed52,2006,Ivory Coast,Defender,26.0
4675cfb1-a56e-533d-b267-dc1c0d08c9de,1990,Spain,Midfielder,27.0
4675cfb1-a56e-533d-b267-dc1c0d08c9de,1986,Spain,Midfielder,23.0
573decc0-ca0e-555d-a8c6-accd4bdffa4a,1954,Uruguay,Forward,27.0
573decc0-ca0e-555d-a8c6-accd4bdffa4a,1950,Uruguay,Forward,23.0
73453d81-6dfd-5e01-bb61-051123b90de5,1994,Germany,Midfielder,27.0
73453d81-6dfd-5e01-bb61-051123b90de5,1998,Germany,Midfielder,31.0
c836c112-fd34-599a-af36-2e722e723dae,1990,West Germany,Midfielder,23.0
921cdc51-8ea1-52fe-8df6-9ed72cdf54e3,1978,Sweden,Goalkeeper,25.0
3355ced4-84da-56ab-9c27-31f0aa7c0fa8,1986,Denmark,Midfielder,23.0
aeaaece7-d9bd-5206-b0f6-8234c1f3b0d5,1998,Denmark,Forward,26.0
041a86f9-d555-581f-ac6a-824b62500b20,1978,West Germany,Forward,24.0
cc40fa15-a4e1-53ff-8b63-30280ac05f5f,1970,West Germany,Forward,25.0
cc40fa15-a4e1-53ff-8b63-30280ac05f5f,1974,West Germany,Forward,29.0
2b95c72f-d74a-5ae1-9526-797a55b1ca6b,1978,West Germany,Midfielder,21.0
2b95c72f-d74a-5ae1-9526-797a55b1ca6b,1982,West Germany,Midfielder,25.0
15cc5c77-42ff-5826-8b5f-1cd12ba8b1f9,2006,Switzerland,Defender,30.0
d5ae8922-a3b6-5c92-914a-eabf7a862ec4,1982,Hungary,Midfielder,34.0
ac2e565e-7c12-57d2-8f3a-1315d9fe7a15,2018,Germany,Midfielder,29.0
ac2e565e-7c12-57d2-8f3a-1315d9fe7a15,2014,Germany,Midfielder,25.0
ac2e565e-7c12-57d2-8f3a-1315d9fe7a15,2022,Germany,Midfielder,33.0
ac2e565e-7c12-57d2-8f3a-1315d9fe7a15,2010,Germany,Midfielder,21.0
89675bcc-a2f3-5a98-8791-08ef4d3ec6d1,1994,Brazil,Forward,28.0
89675bcc-a2f3-5a98-8791-08ef4d3ec6d1,1990,Brazil,Forward,24.0
89675bcc-a2f3-5a98-8791-08ef4d3ec6d1,1986,Brazil,Forward,20.0
f4c3b792-952f-5b54-9bbe-e019b2da67f2,1938,Germany,Defender,29.0
f4c3b792-952f-5b54-9bbe-e019b2da67f2,1934,Germany,Defender,25.0
0601a35c-8c82-58cf-8131-ad2423f298b4,1986,Poland,Goalkeeper,33.0
0601a35c-8c82-58cf-8131-ad2423f298b4,1982,Poland,Goalkeeper,29.0
bbe04da6-9fa3-5987-8c75-9833a471b615,2018,Senegal,Midfielder,28.0
54100418-33cb-52b1-9625-5358910704ab,2018,Senegal,Goalkeeper,33.0
6c5ada50-885b-50ae-ba5b-73ad0eda4aab,2002,Senegal,Midfielder,21.0
7d19f8b2-efc7-596d-b555-b4b79f6c774d,2002,Senegal,Midfielder,23.0
91aa0bc0-900f-5eb9-9277-be85d9f225d0,2022,Senegal,Defender,20.0
dd3b69c0-bea8-56df-90ae-0e9f89e94367,2002,Senegal,Midfielder,26.0
9c8a9dff-b183-50ff-8858-b01cb1ca191f,1994,Cameroon,Defender,27.0
9c8a9dff-b183-50ff-8858-b01cb1ca191f,1990,Cameroon,Defender,23.0
558e10ff-2354-5465-84d8-505d59e47a8a,1982,Cameroon,Defender,29.0
c3a300ab-eae5-56ad-b4d4-62089dd5ad51,2002,Cameroon,Midfielder,26.0
c3a300ab-eae5-56ad-b4d4-62089dd5ad51,1998,Cameroon,Midfielder,22.0
5c1deee9-2e0b-56d8-8a6b-5b8dfebff754,1982,Cameroon,Defender,28.0
1c1805b6-9cbb-51ab-8a09-6ca562485435,2002,Senegal,Defender,21.0
83c058c6-68e1-56ce-9792-6d8fe08d1bae,2018,Senegal,Midfielder,32.0
069f043e-1917-5b72-885e-fe54c82ba9dd,1982,Cameroon,Forward,27.0
9b03ae79-a5c4-526b-9b47-ddd04d061c9f,2014,Cameroon,Midfielder,29.0
9b03ae79-a5c4-526b-9b47-ddd04d061c9f,2010,Cameroon,Midfielder,25.0
268ed34c-04c4-596f-8c0d-b364c8b908b0,1994,Cameroon,Goalkeeper,38.0
268ed34c-04c4-596f-8c0d-b364c8b908b0,1990,Cameroon,Goalkeeper,34.0
268ed34c-04c4-596f-8c0d-b364c8b908b0,1982,Cameroon,Goalkeeper,26.0
af303637-d56e-576f-a41f-848a858c5a2e,1974,Zaire,Forward,25.0
b61054b9-5e92-5453-98fd-b86dd50514a6,2010,Cameroon,Goalkeeper,24.0
dee856d3-7ce9-52f2-82d7-57236cad66b6,2018,Australia,Forward,26.0
5f7b15e9-246f-57e3-a723-3f2eab89cb5c,2018,Spain,Defender,28.0
e31150fc-120c-5000-aec8-4350cb881511,1994,Spain,Defender,28.0
e31150fc-120c-5000-aec8-4350cb881511,2002,Spain,Defender,36.0
e31150fc-120c-5000-aec8-4350cb881511,1998,Spain,Defender,32.0
6de29a88-1b5a-583d-88f6-20e7ef938f04,1994,Morocco,Forward,29.0
90160a29-5df4-5b94-af69-a5c50c1f7e50,2006,Tunisia,Midfielder,28.0
7ff29421-6ad2-5deb-b3e1-37e0246b1b22,2018,Japan,Defender,32.0
7ff29421-6ad2-5deb-b3e1-37e0246b1b22,2014,Japan,Defender,28.0
7ff29421-6ad2-5deb-b3e1-37e0246b1b22,2022,Japan,Defender,36.0
7ff29421-6ad2-5deb-b3e1-37e0246b1b22,2010,Japan,Defender,24.0
66b957bb-c54c-5fe4-a179-7bd246d51702,2018,Tunisia,Defender,26.0
df2fc6e1-55d1-57cf-8179-d9de75ddafb2,1966,Hungary,Forward,22.0
f68cd78b-0770-5318-9714-858703dcdf25,1986,Hungary,Defender,30.0
48ed2026-c6ec-584d-a63e-5070b847bf78,1966,Hungary,Midfielder,27.0
48ed2026-c6ec-584d-a63e-5070b847bf78,1962,Hungary,Midfielder,23.0
763bc6cd-5601-5f38-b94e-576611cd32bc,1986,Hungary,Midfielder,26.0
cb63a34d-5b35-502f-9d5b-2e15575353b6,1978,Hungary,Midfielder,29.0
c281fae9-0d4e-58d1-b993-2d5de857e6ce,1938,Romania,Forward,20.0
0eded8a7-87e1-5350-8075-fb7833938b6b,1978,Tunisia,Goalkeeper,25.0
101312ca-82e4-5755-b3d9-238ed0a59333,2014,Honduras,Midfielder,21.0
9640cd04-113c-5a38-b21f-b07a8121b037,1930,Yugoslavia,Forward,22.0
f9eb0de8-d333-55a2-8682-83fe5dc5f44e,2010,Japan,Midfielder,30.0
a0c53b85-9962-5b35-85bc-65499950f8f2,2018,Japan,Goalkeeper,23.0
6f1d6e6c-ae57-536c-89b6-c7c8926c91e9,2010,Japan,Midfielder,32.0
6f1d6e6c-ae57-536c-89b6-c7c8926c91e9,2006,Japan,Midfielder,28.0
0cd8a41d-ab4d-5b44-aa14-bbbcf5876a0b,1998,Japan,Defender,25.0
3de60a51-3fd1-5390-8961-8369fc7a9f26,2002,Japan,Midfielder,25.0
3de60a51-3fd1-5390-8961-8369fc7a9f26,2006,Japan,Midfielder,29.0
3de60a51-3fd1-5390-8961-8369fc7a9f26,1998,Japan,Midfielder,21.0
a7ec9c9b-b7f6-5915-b2c3-70fd1526d7f7,2002,Japan,Defender,23.0
a7ec9c9b-b7f6-5915-b2c3-70fd1526d7f7,2006,Japan,Defender,27.0
552af173-395a-5bdf-bd73-a2b58648dd00,2002,Japan,Forward,35.0
552af173-395a-5bdf-bd73-a2b58648dd00,1998,Japan,Forward,31.0
b8c180f2-bc25-5813-a4f2-add4338afff0,2010,Japan,Defender,32.0
b8c180f2-bc25-5813-a4f2-add4338afff0,2006,Japan,Defender,28.0
a35fa927-e467-545a-87ba-b159ef61dcb6,1998,Iran,Goalkeeper,23.0
344df2d4-524c-5a74-b7a5-8b3541bc310a,2010,North Korea,Defender,28.0
5edb4a15-ac89-5cdc-bc7c-fe2fc723a288,2022,Senegal,Defender,27.0
6dcde889-788f-5413-91b2-b3a0c18b5312,2006,Tunisia,Midfielder,22.0
2f998b11-9a44-596c-9c51-a3825fbc80b1,1998,Japan,Midfielder,26.0
e7a8120d-0d11-5a11-be9f-518321effb22,1950,Spain,Midfielder,29.0
7ef63689-acaf-53cb-9aa1-4fd88707095a,2014,Portugal,Midfielder,28.0
d3cafc60-0bf1-5eb2-8fcd-b198076f6fa6,1998,Bulgaria,Midfielder,29.0
6a022baa-fb6f-5ce0-949c-52303ca6253d,1978,Netherlands,Forward,29.0
246fb87e-229d-5e49-b159-1259804e73d5,1998,Japan,Defender,27.0
ab861204-c1b6-52bd-959b-0097501f0739,1954,Mexico,Forward,28.0
ab861204-c1b6-52bd-959b-0097501f0739,1950,Mexico,Forward,24.0
3460c2e7-0be6-5249-adee-d37332499155,2010,Japan,Goalkeeper,34.0
3460c2e7-0be6-5249-adee-d37332499155,2002,Japan,Goalkeeper,26.0
3460c2e7-0be6-5249-adee-d37332499155,2006,Japan,Goalkeeper,30.0
3460c2e7-0be6-5249-adee-d37332499155,1998,Japan,Goalkeeper,22.0
c6dd28d3-391c-5b31-a8db-a3762ccbed28,1986,Scotland,Defender,30.0
c6dd28d3-391c-5b31-a8db-a3762ccbed28,1982,Scotland,Defender,26.0
c12acea4-55b7-5ce3-a098-da2fef978368,1938,Brazil,Defender,26.0
224f9bce-9178-58ef-9ba1-4903b0aab683,1930,Uruguay,Defender,29.0
763e14fc-006f-5137-849e-53b951dbab33,1982,Peru,Forward,21.0
1d588021-8749-55d5-a74a-3bfab091af72,1978,Peru,Defender,30.0
48caecfa-882a-57af-a1b4-6b2da53b1b43,1950,Mexico,Forward,
7b877cae-fd6b-5ac1-9f87-97252cf7509f,1966,Mexico,Forward,23.0
f826edef-a086-5cca-8c8e-104aeb538ad4,1962,Argentina,Defender,29.0
a8b7903b-d2a6-5443-a643-d74a26961763,1962,Chile,Defender,26.0
44bbe0d3-4757-5bf4-89bc-09b025aeb3a1,2010,Spain,Midfielder,25.0
f3827433-8dd5-5a9a-bcf7-4d76ed6593a1,2018,Costa Rica,Goalkeeper,32.0
f3827433-8dd5-5a9a-bcf7-4d76ed6593a1,2014,Costa Rica,Goalkeeper,28.0
f3827433-8dd5-5a9a-bcf7-4d76ed6593a1,2022,Costa Rica,Goalkeeper,36.0
c5ecdc07-df65-545d-92ee-c13836336fb7,2006,Iran,Midfielder,24.0
021ba87f-ce2a-53b0-ad2d-72b9a470df4b,1978,Poland,Midfielder,21.0
a99aa3a8-c930-5f4f-b83f-3e8cd903d55a,1938,Dutch East Indies,Midfielder,27.0
381f436f-1699-5875-b7ca-c68e80d53c7a,1994,Morocco,Defender,24.0
381f436f-1699-5875-b7ca-c68e80d53c7a,1998,Morocco,Defender,28.0
d9cf8fd3-375b-5010-81b5-af77bd18d7bb,1966,Bulgaria,Goalkeeper,35.0
d9cf8fd3-375b-5010-81b5-af77bd18d7bb,1962,Bulgaria,Goalkeeper,31.0
10888ec3-250b-5931-a4db-0aeb9c2b03bc,1978,Iran,Midfielder,28.0
37a23f4e-363e-52ca-8db0-9f372d50d814,1974,Haiti,Defender,24.0
356f3553-fa84-5b08-ab3c-0c1778092723,1982,Honduras,Goalkeeper,29.0
eb2d400a-e7f3-5550-8f21-f77a18da1813,2006,Ukraine,Midfielder,26.0
25abdde9-808f-5310-9d27-33abe059610e,1978,Iran,Defender,23.0
24f2850c-6973-5efd-be28-c2239b7672a5,2006,Serbia and Montenegro,Midfielder,32.0
9d9406f7-3015-534f-a0c3-eb279fcd8203,2018,Senegal,Midfielder,28.0
cd661a06-76e1-5dbf-9073-3376593e9cf7,2022,Senegal,Forward,22.0
4caa6180-ed8b-56a1-928a-2659a43ec010,2018,Nigeria,Midfielder,22.0
581a3913-a941-577d-b52c-5810083ac14a,2002,Cameroon,Forward,27.0
e6c83e82-bb88-535e-956d-39dd48e4a4e7,1974,Zaire,Goalkeeper,26.0
e0314838-e1bf-551a-a4ee-c8a9f042e36e,2014,Cameroon,Goalkeeper,24.0
1e9b6560-66ed-5fdb-aad2-b480cf6ffc9f,1970,Romania,Midfielder,22.0
d1a27d9b-59f1-54d6-adcc-f51726ba43d0,1982,England,Defender,31.0
4951a601-b130-5c8a-b59a-b42f4c54140a,2006,Czech Republic,Midfielder,34.0
9b7d4443-548a-5814-86f9-a589ba71e80b,1978,Netherlands,Midfielder,27.0
9b7d4443-548a-5814-86f9-a589ba71e80b,1974,Netherlands,Midfielder,23.0
a5ad12f2-e775-5608-ac21-304fd412a2f5,1974,Chile,Goalkeeper,28.0
f6e2201b-1ec8-52c4-9fb4-0cbd5899232a,2006,Tunisia,Goalkeeper,32.0
8de0b083-51c2-568b-8a71-614141b94826,1986,Mexico,Midfielder,27.0
f855ef62-b943-5017-a4a7-b3b92cfbb31a,1934,Argentina,Midfielder,29.0
e6025080-766f-5b72-b522-3b573589add7,1982,Czechoslovakia,Forward,30.0
77ffa8b4-6dc2-5428-ba8a-90bc03cf7349,2010,Australia,Defender,32.0
77ffa8b4-6dc2-5428-ba8a-90bc03cf7349,2006,Australia,Defender,28.0
b0a39829-9889-5527-ac73-7264d6d00399,1998,Chile,Forward,21.0
28bf1821-a491-5f89-af51-39d9cd15823b,1982,Chile,Midfielder,30.0
f35407ce-69f9-5252-9bdf-0d3e842402fe,1938,Czechoslovakia,Forward,29.0
f35407ce-69f9-5252-9bdf-0d3e842402fe,1934,Czechoslovakia,Forward,25.0
2e2a7dd1-3c80-52f0-9b66-5a303f696ea3,2014,Iran,Midfielder,34.0
2e2a7dd1-3c80-52f0-9b66-5a303f696ea3,2006,Iran,Midfielder,26.0
d5a9c6f9-d214-5395-ba07-7171da59ff7e,1986,Italy,Defender,25.0
b668bfce-ba3c-5107-8983-8ce9616889eb,1978,Brazil,Defender,28.0
b668bfce-ba3c-5107-8983-8ce9616889eb,1974,Brazil,Defender,24.0
62aa7a65-b032-5836-b366-75688ee6671e,1938,Belgium,Forward,21.0
f6f413f7-b2ab-5965-be43-e8130fb95802,2010,New Zealand,Defender,33.0
2a463ee2-2ccc-5507-bd49-867b568cde3f,1982,Northern Ireland,Defender,33.0
e47a513e-30f4-5121-a91a-59619ae75afe,2022,Denmark,Defender,24.0
0645278b-8ef1-5f6b-8f13-ac7f6c8ef553,2002,Slovenia,Goalkeeper,25.0
2477a30b-6fc2-51aa-a972-1c381ba57c1a,1950,Brazil,Defender,29.0
98d958e2-cd41-50ac-820e-6b901dab63c6,1994,Morocco,Defender,22.0
98d958e2-cd41-50ac-820e-6b901dab63c6,1998,Morocco,Defender,26.0
638e79aa-a9e6-5490-92e3-5124e2b5c2de,1954,Italy,Midfielder,30.0
3c1934e9-8cc0-5a59-a3a3-3be744a29558,2006,Ukraine,Defender,27.0
5c676995-df6f-5165-aca8-ebc406062ee4,1930,Paraguay,Forward,
518f4fff-362c-5a07-84d7-94aa575e512b,2002,Italy,Defender,26.0
518f4fff-362c-5a07-84d7-94aa575e512b,2006,Italy,Defender,30.0
518f4fff-362c-5a07-84d7-94aa575e512b,1998,Italy,Defender,22.0
559e5dcc-db24-5a23-bac3-6b96c25f7037,1954,Italy,Midfielder,29.0
7ed5e0f3-b454-5f90-ab1d-455e927a2c0e,2014,Portugal,Defender,26.0
8a749d1b-a1cf-536a-b94f-d2e777460d5f,1978,Brazil,Defender,29.0
da966d2a-0e98-5978-aa43-87730cee114e,1958,Soviet Union,Midfielder,28.0
da966d2a-0e98-5978-aa43-87730cee114e,1962,Soviet Union,Midfielder,32.0
bdf7f28a-0dcf-5027-a38a-4cc6e2b0648f,1974,West Germany,Midfielder,30.0
fae907b8-dc21-5767-8030-c0736901a3f8,2018,Germany,Goalkeeper,32.0
fae907b8-dc21-5767-8030-c0736901a3f8,2014,Germany,Goalkeeper,28.0
fae907b8-dc21-5767-8030-c0736901a3f8,2022,Germany,Goalkeeper,36.0
fae907b8-dc21-5767-8030-c0736901a3f8,2010,Germany,Goalkeeper,24.0
354a98d1-5215-5170-9932-a185efb9890e,1938,Germany,Forward,19.0
8134f198-084e-5cbb-8a70-5c4ce10a0ded,1954,Switzerland,Defender,33.0
8134f198-084e-5cbb-8a70-5c4ce10a0ded,1950,Switzerland,Defender,29.0
71729eae-8bdf-5188-b011-be3b09b68a5b,2002,Germany,Forward,29.0
71729eae-8bdf-5188-b011-be3b09b68a5b,2006,Germany,Forward,33.0
ec99e9bd-46f8-53c9-83d6-e729bc5d95c0,2022,Portugal,Midfielder,25.0
08b45ffd-76eb-5300-a4c6-61d69faa5502,2006,England,Defender,31.0
08b45ffd-76eb-5300-a4c6-61d69faa5502,1998,England,Defender,23.0
58efb27b-e257-5019-a5d6-c4aed8c7c186,1970,England,Defender,29.0
71a6d293-a0d3-545f-83d4-4cb64d16d4c8,2018,Brazil,Forward,26.0
71a6d293-a0d3-545f-83d4-4cb64d16d4c8,2014,Brazil,Forward,22.0
71a6d293-a0d3-545f-83d4-4cb64d16d4c8,2022,Brazil,Forward,30.0
5e23507e-45a6-5b70-9c5f-5706920451ab,1930,Peru,Forward,22.0
e982314f-ae96-5e33-9be7-3d5a91a17ed8,2022,Cameroon,Forward,28.0
e3440f2d-af14-524c-b2e6-5a2d0b60e380,2022,Cameroon,Goalkeeper,19.0
1175ad9e-8dac-59f3-9827-7ba682a83fa4,2010,South Africa,Defender,23.0
90ed1e51-1823-59dd-8fb9-d6f107f62867,1974,Zaire,Midfielder,29.0
51eccbde-2424-548c-9b55-2b2d13cd5202,2022,Cameroon,Defender,24.0
c116420f-628d-5c77-98ff-eaebe4ca2ead,2018,Senegal,Forward,24.0
90151478-d5f7-5a2b-a600-745ad8f2a8d8,2022,Iran,Goalkeeper,27.0
3401f9b5-8b35-5c8d-9e19-961dabb3df72,2006,Togo,Defender,26.0
8089621d-6dd9-511b-bc62-f49d694b0c65,1970,Italy,Midfielder,24.0
79de4950-bd9e-5980-b051-95b7566a616b,1986,Scotland,Forward,25.0
e05f6995-5250-5f14-a6f4-3422d30bef18,1982,Northern Ireland,Defender,36.0
06d24c6a-5336-5a41-821d-fc4d13e3b2ec,1986,Northern Ireland,Defender,30.0
06d24c6a-5336-5a41-821d-fc4d13e3b2ec,1982,Northern Ireland,Defender,26.0
fe294117-3515-5d29-9b19-47829dac616c,1950,England,Midfielder,31.0
ea8123f1-02e3-5a3d-9dc2-36501a7c5c6d,1970,Sweden,Midfielder,28.0
7a1f64f3-13c7-5663-a839-f218e94cafce,1986,Scotland,Defender,25.0
c4ee41ef-d512-574d-aaec-68fcdc351fdd,1938,France,Forward,25.0
c4ee41ef-d512-574d-aaec-68fcdc351fdd,1934,France,Forward,21.0
b146e777-3925-5106-b222-0cac208d2674,1998,Romania,Midfielder,23.0
2d804c22-ad7a-59ec-bc6f-f2558cd8bd6b,1998,Denmark,Midfielder,27.0
4fd03115-c52c-522c-8876-9320253749d4,1986,Denmark,Defender,30.0
b271e044-8b8a-5704-9f20-2098c1c51328,1986,Denmark,Defender,25.0
b330717d-a8c7-5c41-b114-d8afde0c43be,1974,West Germany,Goalkeeper,26.0
336bc7fb-e59d-5985-b9b0-11337657d745,1938,Brazil,Forward,26.0
efd4a70f-2d68-5f34-8b43-a24fe62f0cee,2002,Russia,Goalkeeper,28.0
4f876581-a17a-59e3-ba99-6090ad358874,1994,Russia,Defender,24.0
4f876581-a17a-59e3-ba99-6090ad358874,2002,Russia,Defender,32.0
67706de8-fb05-586c-92dd-a806632e9e17,1970,Bulgaria,Midfielder,25.0
67706de8-fb05-586c-92dd-a806632e9e17,1974,Bulgaria,Midfielder,29.0
9597be83-d190-5403-ba6e-b24342f99e04,1962,Yugoslavia,Defender,24.0
5d033fbe-03b9-50ef-98ad-4433ecc8c360,1962,Bulgaria,Forward,31.0
f35df292-b6ed-5bd2-b099-0140c1af2ebd,1994,Bulgaria,Goalkeeper,33.0
a2bc7556-d957-50bd-872e-3aad4231aaa9,1994,Belgium,Forward,27.0
a2bc7556-d957-50bd-872e-3aad4231aaa9,1998,Belgium,Forward,31.0
1cad06e2-5694-5165-994e-e581853f762c,2010,Brazil,Forward,26.0
47945bcf-89bd-59bd-b689-e87954dbc130,1930,Brazil,Forward,27.0
04461cb6-a422-57e6-87f6-9e7e56cc1fed,1994,Norway,Defender,25.0
8dce9891-dd41-5dcd-9733-6e1cee55d952,1934,United States,Forward,30.0
adef220a-129a-52c1-bf44-a26b5d80c143,1938,Sweden,Defender,22.0
adef220a-129a-52c1-bf44-a26b5d80c143,1950,Sweden,Defender,34.0
183810e5-23c1-54da-abb8-eaac45b7f906,1938,Sweden,Defender,
97134065-72c9-5049-8bb1-2e046edb176b,1990,Sweden,Midfielder,24.0
6316e5d1-1163-5722-b942-42f645dd4d9a,1994,Sweden,Defender,26.0
403b346c-0e3a-5c62-800f-7eda649e71de,2006,Sweden,Defender,28.0
0cadba3c-c77d-5a34-b928-29e7e8760492,1994,Sweden,Defender,31.0
0cadba3c-c77d-5a34-b928-29e7e8760492,1990,Sweden,Defender,27.0
9443cc24-8dc6-5596-a9d0-b18e6ca50459,1950,Sweden,Forward,28.0
fa748835-4eab-56b5-8292-0dcf3a12649e,1978,Sweden,Forward,24.0
98c9a2fa-5d21-5b71-883c-6838aa2cf6e2,1958,Austria,Forward,21.0
b36954b1-b6ae-5296-8eb7-01208e5bbcb3,2010,Greece,Midfielder,20.0
533173a8-c91a-5286-bfdd-b60aa54a00d1,2010,Serbia,Midfielder,26.0
877a1645-e51c-542c-b197-4e7837d56417,1994,Greece,Midfielder,29.0
734f4687-7549-5890-988b-f61007825af7,2014,Japan,Goalkeeper,28.0
b7d035b2-c3ac-58d6-b461-0a540b7b0c4f,2002,Japan,Forward,26.0
f7389a79-0455-5152-8b50-4181516e65f6,1990,Colombia,Goalkeeper,23.0
d06a7b7f-438b-5b5e-b410-7a5fe5861c28,2002,Cameroon,Defender,27.0
d06a7b7f-438b-5b5e-b410-7a5fe5861c28,1998,Cameroon,Defender,23.0
160a07db-25de-521f-b184-dc02cebe0b01,2022,Cameroon,Midfielder,27.0
ac427a55-92ba-5e01-958a-448fbbe608bf,2014,Cameroon,Defender,24.0
ac427a55-92ba-5e01-958a-448fbbe608bf,2022,Cameroon,Defender,32.0
ac427a55-92ba-5e01-958a-448fbbe608bf,2010,Cameroon,Defender,20.0
bf6a99eb-4c5d-58c7-8ce5-373bd22d96e7,2010,Switzerland,Forward,35.0
5ee61508-ae4e-5fa3-bab6-f56c4bcf70fa,1934,Germany,Forward,21.0
05d93e0a-9b98-5246-877b-bb311ee17829,2014,Ecuador,Midfielder,29.0
fc28cb46-b3b8-5614-9f0d-ec68911e5716,2006,Angola,Midfielder,26.0
354d1165-6c52-52b6-bcb1-40021ff441dc,1970,Soviet Union,Forward,22.0
b2037a7c-fedc-550b-b20c-bff3ce94db50,1934,Spain,Goalkeeper,25.0
9a093b5a-d8eb-5558-96e5-326084e1f9ee,1994,South Korea,Midfielder,23.0
9a093b5a-d8eb-5558-96e5-326084e1f9ee,1998,South Korea,Midfielder,27.0
df85e07a-7c41-501c-aa72-f8803e7cf469,1990,South Korea,Midfielder,28.0
df85e07a-7c41-501c-aa72-f8803e7cf469,1986,South Korea,Midfielder,24.0
cc4354c4-158c-5026-80b6-7901055fe8b5,2010,South Africa,Forward,33.0
cc4354c4-158c-5026-80b6-7901055fe8b5,2002,South Africa,Forward,25.0
9ba74af0-1de9-5182-8848-69612bcea25d,2002,Saudi Arabia,Midfielder,24.0
9ba74af0-1de9-5182-8848-69612bcea25d,2006,Saudi Arabia,Midfielder,28.0
a67329f3-6b0f-511a-8bf6-2b849be48dee,2022,Netherlands,Goalkeeper,28.0
fe6d6d89-50fd-5956-b4f6-994419d91817,1982,Honduras,Midfielder,26.0
657719a4-4231-5913-933f-9cbd917a3df5,1950,Sweden,Midfielder,30.0
20bf3e5b-2012-5fc3-8299-4f11e344e67c,1970,Sweden,Forward,24.0
b762ab72-e28e-5af8-a1b0-401817de5f9a,1938,Norway,Goalkeeper,28.0
c033bb30-25ba-578b-93f2-ffae14aec8c3,2018,Sweden,Goalkeeper,29.0
cf39ef6f-15be-5138-bd0b-5da1b9503f32,1978,Sweden,Midfielder,29.0
36e242d8-2d5a-5912-9e96-849fcc2b4a51,1978,Sweden,Defender,36.0
36e242d8-2d5a-5912-9e96-849fcc2b4a51,1970,Sweden,Defender,28.0
36e242d8-2d5a-5912-9e96-849fcc2b4a51,1974,Sweden,Defender,32.0
76acdb51-c06c-5671-b42c-d58d46db65f1,1986,Canada,Midfielder,24.0
cfe40f93-ecf5-5688-a433-07afa52a9147,1958,England,Defender,24.0
cfe40f93-ecf5-5688-a433-07afa52a9147,1962,England,Defender,28.0
2dcd6821-2f44-5a97-a69a-262866f99566,1950,Brazil,Midfielder,32.0
aa696348-1565-5aa4-bfab-76b0f317775b,2006,Iran,Defender,24.0
9ad6c5be-c911-55cf-80d4-a5acd491d8c1,1970,Israel,Goalkeeper,33.0
794847f8-eb47-5b81-a16f-f0de6aa1c205,2014,Cameroon,Defender,28.0
0e1cc3a2-f33a-50df-9372-26458fc70870,1978,Iran,Forward,22.0
b2d879d4-740a-55ed-a887-69e22b96d326,2022,Iran,Midfielder,29.0
675a19c0-fd2f-5567-9341-2eaedc0a2d8c,1930,Belgium,Defender,22.0
bb54df34-2037-58b4-9c63-632d9e902ac4,2002,Slovenia,Midfielder,33.0
fc056688-8a09-5155-8230-0894297f237f,2010,Slovenia,Forward,31.0
3dcff69d-0b85-5a4b-a7e1-172149bd0141,1954,Czechoslovakia,Defender,23.0
3dcff69d-0b85-5a4b-a7e1-172149bd0141,1958,Czechoslovakia,Defender,27.0
3dcff69d-0b85-5a4b-a7e1-172149bd0141,1962,Czechoslovakia,Defender,31.0
57b34e2c-bad5-5576-a9a9-9c9181cc853b,1962,West Germany,Defender,25.0
43d4e086-f570-59a2-a617-53f0f0fbc22f,2006,Germany,Defender,32.0
c889c677-f9d8-5176-8a2a-37cf8698b24d,1930,Bolivia,Midfielder,
0b9830dc-47da-52af-9f4e-5c3552d20288,1938,Czechoslovakia,Midfielder,21.0
40400073-7afa-5658-a0e6-4c666853cb9a,1986,Iraq,Goalkeeper,35.0
e67ee192-3e30-5b2f-b836-5ab063f5c886,2022,Cameroon,Forward,29.0
3b3f7ff0-8bb1-5252-bb94-87f34e4ca67a,2022,Cameroon,Midfielder,26.0
5f4ff2e3-c34f-59d6-95b1-59c4ba1cceef,1958,West Germany,Defender,23.0
de7bed26-a129-5615-af9b-fe46d7a6cc20,1994,Netherlands,Defender,25.0
de7bed26-a129-5615-af9b-fe46d7a6cc20,1998,Netherlands,Defender,29.0
bf13ccf2-9956-5ecb-8823-1d0cece3f21e,1986,Paraguay,Midfielder,25.0
ecf395f1-1af3-5b4f-8040-200ad8c0adc9,2022,Portugal,Midfielder,24.0
8d81e8c5-a6d5-595a-81a9-da11d2dba344,1970,Romania,Midfielder,26.0
8de10906-71ff-50f7-bf99-47a78efcffc3,2018,Nigeria,Forward,26.0
5fc466eb-f295-5597-883e-b49f850d9e80,1994,Nigeria,Defender,27.0
098b7ca0-f857-5705-9189-f4a2ae8156e8,2014,Nigeria,Forward,23.0
6f79daa6-1264-5dc7-9985-3da2bc90694f,1998,South Africa,Defender,29.0
b18b6dc6-385a-516b-9973-c7825abeb766,1938,Sweden,Forward,25.0
0a47c08e-6405-5bde-8430-bb1d5016fe23,1938,Poland,Midfielder,24.0
de59aa76-b6f0-5aa0-a467-1f8701d715d6,1990,Sweden,Midfielder,24.0
f57d7b17-76f0-5683-9a4b-be8af706bd52,1978,Hungary,Forward,23.0
f57d7b17-76f0-5683-9a4b-be8af706bd52,1982,Hungary,Forward,27.0
c2f1557a-dda7-5cf5-b25f-0ce2cc651ad6,2014,Cameroon,Defender,26.0
2a172110-99db-530e-acd9-296310c9c5cc,2002,South Africa,Defender,28.0
6ba6c5df-2359-5664-983d-e3e97b9796a6,2018,France,Midfielder,30.0
c52cb933-7a50-55d9-b761-e9d62fb4547f,1978,Mexico,Defender,26.0
fce57d11-e05a-5e12-aa83-3949607df015,1954,Mexico,Midfielder,25.0
fce57d11-e05a-5e12-aa83-3949607df015,1962,Mexico,Midfielder,33.0
cb2f36d3-39e2-596f-b520-ccd77bdc2ad9,2018,Uruguay,Midfielder,23.0
10b1d470-e238-5253-879a-0fb2149214d3,2022,Denmark,Midfielder,28.0
2423709c-b481-5443-ab19-53206f2e4da7,2022,Uruguay,Forward,23.0
ef107e00-fb17-56be-92d4-02e840b9a54d,1966,Mexico,Defender,24.0
92056cd6-3f00-555b-b4e6-14037f4d6459,2006,Paraguay,Defender,28.0
c9021f4c-48d6-5a3f-ba18-fff7a58b5375,2010,Honduras,Midfielder,26.0
feaa6b9e-8e16-5d5a-ba85-1cdc674f1a73,2006,Costa Rica,Forward,26.0
e371e6b4-633e-5966-960b-6e2df8bd3c75,1990,Czechoslovakia,Midfielder,24.0
8d9d907a-b71f-5f71-aa1f-50e2de2615eb,1990,Czechoslovakia,Midfielder,23.0
fad078a5-9669-5fe3-a0a7-ea3a78672f5a,2002,Republic of Ireland,Defender,23.0
478b7cf1-5ade-5017-90eb-2c4949d79598,2002,United States,Midfielder,25.0
478b7cf1-5ade-5017-90eb-2c4949d79598,2006,United States,Midfielder,29.0
9e1b78f3-784b-5a5b-a0c3-d24ec9742bdd,1990,Republic of Ireland,Defender,32.0
43c415a6-73e0-58b3-a70c-1c4ce9bccede,2002,Uruguay,Midfielder,29.0
a6c5c38c-4e1f-5b3e-aca0-28d1f693a62d,1986,Northern Ireland,Defender,28.0
a6c5c38c-4e1f-5b3e-aca0-28d1f693a62d,1982,Northern Ireland,Defender,24.0
5fd35d75-4ad2-54f8-b968-277a2cb9423d,1982,Northern Ireland,Midfielder,30.0
419773d8-b23c-50f7-a143-35cf679d70fd,2014,Australia,Midfielder,23.0
f9171a1a-60e9-506c-abc4-49e298a90080,1990,Costa Rica,Defender,30.0
e19a683a-3a1a-5ffd-b188-1cf467283e96,2010,Nigeria,Forward,24.0
a1447359-da30-5af0-a662-b49735d3951f,1978,Austria,Forward,24.0
5f697991-4297-5449-ad1e-ed0ce065a826,1978,Austria,Defender,25.0
5f697991-4297-5449-ad1e-ed0ce065a826,1982,Austria,Defender,29.0
2ec22b2d-126e-518d-934e-232e44012ad5,2018,Nigeria,Midfielder,27.0
c1c13895-9517-51fe-a3ae-5c1f5d7bd4a0,2006,Togo,Goalkeeper,22.0
3375b148-385f-532f-be0d-ce7b15314d86,2010,Nigeria,Forward,23.0
1ddbc342-6862-579d-9a2f-278fb22cf361,2002,Nigeria,Midfielder,24.0
27ba7a46-6ece-5fe3-af1a-60668f93f95d,1974,Yugoslavia,Midfielder,27.0
93333011-aaa5-58e0-8b91-525afe49dff7,1978,Peru,Forward,27.0
93333011-aaa5-58e0-8b91-525afe49dff7,1982,Peru,Forward,31.0
61288aaa-75c8-57c5-8e75-59a49e669c78,2014,Nigeria,Defender,24.0
8de4bb5b-b9ba-58da-a34f-b14385e31c3c,2010,Serbia,Defender,22.0
26e43de5-542d-581f-9e4c-9cb759118e98,2002,Ecuador,Midfielder,30.0
7c3ff173-d518-5633-b334-1cebde5a26a8,2018,Mexico,Goalkeeper,33.0
7c3ff173-d518-5633-b334-1cebde5a26a8,2014,Mexico,Goalkeeper,29.0
7c3ff173-d518-5633-b334-1cebde5a26a8,2022,Mexico,Goalkeeper,37.0
7c3ff173-d518-5633-b334-1cebde5a26a8,2010,Mexico,Goalkeeper,25.0
7c3ff173-d518-5633-b334-1cebde5a26a8,2006,Mexico,Goalkeeper,21.0
99de6ad8-ab47-5338-a158-4363936a990d,1954,Mexico,Midfielder,27.0
99de6ad8-ab47-5338-a158-4363936a990d,1950,Mexico,Midfielder,23.0
eba3a350-a915-5642-be0e-770106029c09,1990,Spain,Goalkeeper,29.0
05bca441-a26f-5f83-a1f8-9d526b0efe08,1934,Brazil,Defender,25.0
8bbae04e-6956-52fb-85af-c9b0a7d63a98,1954,Austria,Midfielder,28.0
b6c90c90-f426-59a1-9515-f98e1f07505f,2006,Italy,Defender,30.0
f20acbf8-5304-5931-8725-1fd1df7e380f,2014,Nigeria,Forward,33.0
f20acbf8-5304-5931-8725-1fd1df7e380f,2010,Nigeria,Forward,29.0
591d065e-a21b-5df8-a643-de7430fb37bc,1966,Switzerland,Midfielder,24.0
6877f533-0b41-5656-ae2c-da7183f1af05,2010,Nigeria,Defender,27.0
e7ded471-d53c-56ba-9666-84a0fc4922b1,2022,Ghana,Defender,34.0
285b6f21-7450-535e-a218-79034005493c,2006,Germany,Midfielder,22.0
4d0f1928-7679-54f0-8c25-99c71eb1e5c9,2018,Spain,Defender,23.0
79481a8a-0a38-5a33-8b1f-e9ab5f1ac38b,2014,Nigeria,Defender,23.0
8296e906-9850-5b47-95b3-af0c84cb2258,2002,Japan,Midfielder,23.0
8296e906-9850-5b47-95b3-af0c84cb2258,2006,Japan,Midfielder,27.0
59fb58c8-2f77-57b9-8c1b-d9cb8de46b12,2002,Nigeria,Forward,18.0
4ca82f4e-aefc-5435-86cd-53e6d40f5ed0,1954,Yugoslavia,Forward,27.0
4ca82f4e-aefc-5435-86cd-53e6d40f5ed0,1950,Yugoslavia,Forward,23.0
709e809b-d669-5918-bd94-97d69f9df1a3,1958,Yugoslavia,Forward,25.0
f5c483c9-1ba7-5556-9ddf-4c0182f8b0ca,1998,Yugoslavia,Forward,21.0
140192b3-8c76-5dea-ab74-c00bc5b2d042,1990,Austria,Forward,26.0
dc68384a-b047-5eea-8756-edc622d18083,2018,Nigeria,Midfielder,30.0
e1ce00d8-cc61-59b8-a55e-8184d76511a3,2006,Japan,Forward,26.0
c2abf11c-bd6d-54a8-9c2a-38d65101eee0,2018,South Korea,Defender,30.0
df12f721-5246-5c96-a7eb-27e5681e5443,2010,South Korea,Defender,26.0
ab1257c6-d40e-599a-adc9-4892ce5c8a6d,1966,North Korea,Defender,25.0
4cf63a2c-4cd5-5079-bb9b-c878fcb3788d,1986,South Korea,Goalkeeper,26.0
65214cff-f111-5e9a-9dc9-74829d5e3645,1958,Sweden,Forward,20.0
e9f13c65-e107-5b7a-b0a2-f41f380ff28c,1994,Switzerland,Defender,26.0
2a684ad8-f8e2-5a4e-99d8-c82ef1274bb1,1930,Chile,Forward,20.0
66fe9239-d806-5aa3-9f2e-a6eae427f910,2022,Switzerland,Forward,22.0
bc02d637-15b2-5dca-8503-41a8aee61405,1994,Nigeria,Defender,27.0
bc02d637-15b2-5dca-8503-41a8aee61405,1998,Nigeria,Defender,31.0
c3f99cdd-73d9-56ea-a405-20a035e87ced,1998,Japan,Forward,26.0
7c5f4db1-d2c7-5243-b12f-e78ac996ec1c,2018,Japan,Forward,32.0
7c5f4db1-d2c7-5243-b12f-e78ac996ec1c,2014,Japan,Forward,28.0
7c5f4db1-d2c7-5243-b12f-e78ac996ec1c,2010,Japan,Forward,24.0
f232b928-1af8-52fb-94eb-8c0ddb104fb6,1994,Nigeria,Defender,27.0
f232b928-1af8-52fb-94eb-8c0ddb104fb6,1998,Nigeria,Defender,31.0
67cf799d-e153-554f-aa28-c6101cab91fc,1994,Nigeria,Midfielder,21.0
67cf799d-e153-554f-aa28-c6101cab91fc,2002,Nigeria,Midfielder,29.0
67cf799d-e153-554f-aa28-c6101cab91fc,1998,Nigeria,Midfielder,25.0
08934ff6-486f-542d-b2c0-896e371e83eb,2002,Nigeria,Defender,24.0
f8c61e7c-390f-5787-8739-2adb5e3b57dc,1998,Nigeria,Defender,26.0
e057f2a3-d03a-5102-bdc1-8a8d583c9efe,1998,Nigeria,Goalkeeper,30.0
cca5efa8-314a-544f-b6c5-e661ee253760,1982,Peru,Defender,26.0
b5d4f119-348a-5737-9a31-11a78a76654d,1990,Argentina,Defender,32.0
b5d4f119-348a-5737-9a31-11a78a76654d,1986,Argentina,Defender,28.0
b5d4f119-348a-5737-9a31-11a78a76654d,1982,Argentina,Defender,24.0
316fafc2-39c9-59ab-add6-732676031063,2002,Cameroon,Midfielder,22.0
316fafc2-39c9-59ab-add6-732676031063,1998,Cameroon,Midfielder,18.0
83806173-306e-5543-b64a-a812a823be49,1962,Argentina,Forward,20.0
2febc002-7f9a-5c92-8044-c93693f643a3,1978,Argentina,Defender,26.0
2febc002-7f9a-5c92-8044-c93693f643a3,1982,Argentina,Defender,30.0
9f8125da-f6d5-5920-b573-06fe1862f61d,1994,Nigeria,Midfielder,26.0
a26eb077-4eed-5a53-9eda-031b9eb30830,2014,Cameroon,Forward,18.0
4017db3d-6fb7-5ff4-b400-44b4c69832ed,2002,Poland,Forward,24.0
c6271dc1-4b1d-5f10-bb24-84d36607f0e1,1994,Nigeria,Midfielder,20.0
c6271dc1-4b1d-5f10-bb24-84d36607f0e1,1998,Nigeria,Midfielder,24.0
e2c714b1-e73c-5e40-a213-fb442f491dea,1930,Mexico,Forward,23.0
10a5ed35-8bec-5612-839f-6ee6845d41e8,1966,Chile,Goalkeeper,25.0
10a5ed35-8bec-5612-839f-6ee6845d41e8,1974,Chile,Goalkeeper,33.0
2321853c-22e9-52cc-a26b-8c9b9dc919ec,1986,Portugal,Defender,28.0
b310f790-14f5-5766-a667-389903c94939,1938,Cuba,Forward,
3e280655-dc91-514b-ab3e-807e57ce5631,1998,Belgium,Forward,29.0
dec7169c-9f7d-554a-8e67-9b9059feb20d,1966,Spain,Defender,30.0
92ecc892-11c4-5a23-832d-b3fd9d40653c,1930,United States,Forward,23.0
a24b5911-a891-5b7e-9b88-29d8b40158af,1958,France,Midfielder,28.0
b13e00a2-ae12-5b3b-8589-d2be0d183577,2022,Uruguay,Defender,25.0
5fd7803b-96cb-5449-9a07-ae693e81c848,2002,Uruguay,Forward,24.0
3f7d5d90-bd05-5131-a5ad-717b43360fcf,1938,Italy,Goalkeeper,28.0
a7fd85a0-d0fa-5672-bfa8-7ab9958ae640,2014,Croatia,Forward,35.0
a7fd85a0-d0fa-5672-bfa8-7ab9958ae640,2002,Croatia,Forward,23.0
a7fd85a0-d0fa-5672-bfa8-7ab9958ae640,2006,Croatia,Forward,27.0
ffec475e-7096-5e37-99f0-ec5d453d5c80,1974,Australia,Midfielder,23.0
6159fad8-c108-5762-b126-68f87ce8b665,1930,Paraguay,Defender,23.0
3688a4f1-efbe-52d1-9c62-42bd6825fcc6,1938,Italy,Midfielder,24.0
b3546f05-4994-5896-9244-4105187c8cc1,1978,Spain,Defender,24.0
6f40e49e-5da5-5626-8f2e-1b9cff409550,2022,Spain,Forward,24.0
560b692a-44ca-5d01-aaa8-53c6144cf788,2022,Denmark,Midfielder,23.0
26074f64-91a6-5c8e-b0b0-9120d90d85f9,2006,United States,Midfielder,29.0
2775901d-62b3-5f52-b679-bf6a18ff20d0,1986,Denmark,Forward,25.0
3ff4bccf-5f72-5e66-8769-3c3957ce4d9f,1986,Denmark,Defender,37.0
0dec584b-016d-5811-ab7e-7637be8d3775,2018,Sweden,Goalkeeper,28.0
ec427e51-71b8-5b0b-82ed-12f03e534dc1,1934,Sweden,Forward,26.0
4efdad27-4aa9-5a07-ae49-17a9eee2f471,1974,Sweden,Defender,32.0
6fcbb0fa-8e9a-5539-9b76-868625a777e7,1970,Sweden,Defender,26.0
06e4d93e-da59-5e93-b187-526000b448a7,2018,Sweden,Defender,30.0
7caf69d8-9b42-553b-8f90-8bb0e6ff489f,2006,Togo,Midfielder,26.0
b964b087-3505-5705-8856-5c8e18612bb3,1994,Cameroon,Forward,28.0
b964b087-3505-5705-8856-5c8e18612bb3,1990,Cameroon,Forward,24.0
b964b087-3505-5705-8856-5c8e18612bb3,1998,Cameroon,Forward,32.0
bfeb8a6c-597a-59b4-85fe-232813a2a40a,1990,Yugoslavia,Goalkeeper,29.0
a9dc6da8-3d57-5b92-890f-95069fb8f2cd,2018,Nigeria,Defender,25.0
a9dc6da8-3d57-5b92-890f-95069fb8f2cd,2014,Nigeria,Defender,21.0
772e8006-318d-5197-a63b-0a23624cdef1,2022,Switzerland,Goalkeeper,28.0
98f2950d-7239-5ed1-897f-b721a56d376e,1998,Japan,Defender,29.0
3902e678-4569-57da-a29c-cb68837dbb3f,2022,Belgium,Midfielder,21.0
92f7ef3a-36e3-5721-b515-88408ff06196,2022,Cameroon,Goalkeeper,26.0
278b9ee2-0661-5ac5-a620-c935c86b8b26,1982,Cameroon,Defender,31.0
938cc2ca-7141-549f-b64f-d600397aeffa,1990,Cameroon,Midfielder,26.0
f06386ed-8e2e-56aa-a7ce-b908ab5126e6,1954,Turkey,Forward,29.0
7c987b78-240b-502a-abc7-d1427afe1c88,2018,Nigeria,Midfielder,26.0
7c987b78-240b-502a-abc7-d1427afe1c88,2014,Nigeria,Midfielder,22.0
af8a698b-4121-5708-adcf-d828f430ec11,2022,Cameroon,Midfielder,27.0
27cb07c4-78f7-51f8-a1f2-a18425f85777,1966,Argentina,Forward,26.0
7540cbfb-25ff-527d-b30a-5a22d0570d98,2002,Japan,Midfielder,23.0
7540cbfb-25ff-527d-b30a-5a22d0570d98,2006,Japan,Midfielder,27.0
7540cbfb-25ff-527d-b30a-5a22d0570d98,1998,Japan,Midfielder,19.0
d404cc63-d673-59c9-b6a3-ad5e8d81b6e6,1994,Russia,Defender,25.0
d404cc63-d673-59c9-b6a3-ad5e8d81b6e6,2002,Russia,Defender,33.0
783fa1d9-1f57-596a-9c62-ee3f1020d2e8,2010,United States,Defender,28.0
783fa1d9-1f57-596a-9c62-ee3f1020d2e8,2006,United States,Defender,24.0
da14c6f1-b6ea-5de3-a73b-74329bb4ee19,2010,Netherlands,Defender,36.0
da14c6f1-b6ea-5de3-a73b-74329bb4ee19,2006,Netherlands,Defender,32.0
da14c6f1-b6ea-5de3-a73b-74329bb4ee19,1998,Netherlands,Defender,24.0
95a29b9f-5394-5cad-b6a2-d0c7e3a7636e,1938,Netherlands,Forward,22.0
532b77a9-2da4-561b-aaf6-03f251326a4d,2002,Nigeria,Midfielder,17.0
cad792c2-0baf-59b3-b189-83a645bfc223,1998,Nigeria,Defender,22.0
66d2a674-c104-5fbc-a4bd-d3ac8891e017,2014,Ghana,Defender,24.0
afd38907-0b09-555c-8b85-b2fa36833960,2022,Belgium,Forward,22.0
334d57f4-4e7e-52c1-b2fb-a8e2431aa8b5,1934,Netherlands,Midfielder,24.0
4f292274-f8e8-5c80-9d4d-9350d43c4db4,1990,Egypt,Midfielder,28.0
368d5944-b0b3-55f9-8d1c-fad450db5cc9,1986,Iraq,Defender,25.0
c3ff285a-bf6c-59d7-a703-d1aa888f57d1,1998,Mexico,Midfielder,35.0
60cd60f8-ce62-5734-9299-b13e927c2c84,1958,Brazil,Midfielder,26.0
5c23e781-aca0-55e8-81a3-2c48aad94800,2014,Chile,Midfielder,28.0
5c23e781-aca0-55e8-81a3-2c48aad94800,2010,Chile,Midfielder,24.0
63a48e51-556c-5e31-8f12-40f0c42ffee1,1982,Italy,Midfielder,30.0
28a40322-ccc4-57a9-84e1-7779f4919eda,2014,Belgium,Forward,19.0
97a56b84-6f85-56f4-b1b5-b09357f0c4c5,2014,Argentina,Goalkeeper,33.0
665d8156-c9d7-5f39-8cb6-c693a98707fe,1930,Argentina,Midfielder,25.0
00c1f839-2a4a-5372-a73d-3ed2b5c9ecd3,1966,Brazil,Defender,31.0
00c1f839-2a4a-5372-a73d-3ed2b5c9ecd3,1958,Brazil,Defender,23.0
c2279675-67a9-5213-bc2c-27db9296860f,1982,Chile,Midfielder,24.0
86a614ee-a70e-5fe0-8a9e-8f98b78febf9,1954,Scotland,Forward,27.0
0c39c065-818e-51a7-ad6a-e41818ac7068,1934,Italy,Forward,33.0
75d912bd-4c23-5f89-9814-b28c056a3482,1930,Paraguay,Forward,
bcb05dad-71c7-52d1-bb69-8f0d9645906c,1994,Argentina,Midfielder,20.0
bcb05dad-71c7-52d1-bb69-8f0d9645906c,2002,Argentina,Midfielder,28.0
bcb05dad-71c7-52d1-bb69-8f0d9645906c,1998,Argentina,Midfielder,24.0
fc0432e3-ce2e-54c6-b634-9449adddb814,1978,Mexico,Forward,22.0
fc0432e3-ce2e-54c6-b634-9449adddb814,1986,Mexico,Forward,30.0
02efda95-f007-5d9c-b068-c2d5dd7b0b1b,1934,Switzerland,Defender,21.0
159c402e-d8d9-57e1-abbe-3496e15757f7,1938,Czechoslovakia,Defender,22.0
62e6d441-0db6-5d64-9d9b-a19494d4a286,2010,Paraguay,Midfielder,26.0
be664143-a781-58b6-b678-744dd324a6c0,1950,Mexico,Midfielder,22.0
6dd91a30-6bf5-5a4c-a1ae-aaee0ff64554,1962,Chile,Midfielder,26.0
c3dd1963-e961-5c41-a2dd-2eca974d4c39,1994,Colombia,Defender,26.0
43417f84-b722-5e25-b482-6c8762ada38b,1978,Argentina,Forward,25.0
13e45f6a-330d-5830-900f-1e427b8e27af,1962,Mexico,Forward,23.0
732c0df4-2569-54bd-9661-b357d391e684,1950,Uruguay,Midfielder,22.0
8c2a09ef-5312-525f-bf07-890a6626b996,1998,Nigeria,Midfielder,22.0
da07f0de-51f3-54b6-98f5-a8818af25cf8,2022,Croatia,Forward,30.0
7ce1e887-afa5-52e9-8e26-0cff937dfb6a,2018,Japan,Forward,28.0
7ce1e887-afa5-52e9-8e26-0cff937dfb6a,2014,Japan,Forward,24.0
12a10dbe-a76c-52d0-b037-6ef51ffde226,1982,Chile,Goalkeeper,32.0
62de0b12-01e7-5048-a2ef-9e83a1a5e217,1978,Brazil,Defender,24.0
62de0b12-01e7-5048-a2ef-9e83a1a5e217,1986,Brazil,Defender,32.0
62de0b12-01e7-5048-a2ef-9e83a1a5e217,1982,Brazil,Defender,28.0
a5ce52d3-e74e-5572-b13f-c0a791b1ec11,2014,Brazil,Midfielder,23.0
9f3b13c5-1972-51a8-8330-b11198cef3d2,1930,Brazil,Midfielder,23.0
05171197-a18b-525f-8f9a-39ccc713266a,1970,England,Forward,23.0
ac670a25-1b05-5488-b119-a129aaa9abfd,2014,Nigeria,Defender,24.0
9d68b2a7-2f8e-5b50-87ec-891caf75c416,2018,Japan,Midfielder,25.0
0178f719-489b-5e30-a891-29ec774347e8,1950,Paraguay,Forward,22.0
539aa7bf-6781-50e4-aeb4-4262d6e8977e,2022,Canada,Midfielder,30.0
ea3fe15f-5477-5ef5-b1a6-a51d017706ff,2010,Mexico,Defender,30.0
ea3fe15f-5477-5ef5-b1a6-a51d017706ff,2006,Mexico,Defender,26.0
ad78b35f-d283-55a0-b6d7-530c3c06dae0,1970,El Salvador,Defender,25.0
9f77d055-1cd7-5d62-9ea2-e011223a712e,1982,El Salvador,Defender,25.0
bd825eab-aaed-54e8-8e18-a0e011fa2f31,2018,Colombia,Goalkeeper,30.0
bd825eab-aaed-54e8-8e18-a0e011fa2f31,2014,Colombia,Goalkeeper,26.0
130d0b01-d45b-59db-ac4c-28e49427f204,1998,Iran,Defender,33.0
64f43e6b-f3ca-5084-b288-ecbb89defc28,2002,Slovenia,Forward,27.0
54b4e73f-09e5-52a4-8c12-91afb5810636,1990,Uruguay,Midfielder,28.0
d6f67f3b-fcc2-5688-8bed-014d3fb53eb6,1966,Soviet Union,Defender,30.0
d6f67f3b-fcc2-5688-8bed-014d3fb53eb6,1958,Soviet Union,Defender,22.0
d6f67f3b-fcc2-5688-8bed-014d3fb53eb6,1962,Soviet Union,Defender,26.0
a6d5560e-e73d-5219-8943-ac02d19d8218,1986,Poland,Defender,27.0
1a8a662f-aaff-59ba-9439-839f6354a347,2018,Argentina,Defender,30.0
1a8a662f-aaff-59ba-9439-839f6354a347,2022,Argentina,Defender,34.0
1a8a662f-aaff-59ba-9439-839f6354a347,2010,Argentina,Defender,22.0
95054670-62ab-59e0-bbb3-4ac4c6bc176d,2018,Saudi Arabia,Midfielder,26.0
95054670-62ab-59e0-bbb3-4ac4c6bc176d,2022,Saudi Arabia,Midfielder,30.0
946e45c4-93cd-56f8-9636-ba213dd18d0a,1974,Zaire,Goalkeeper,26.0
bd66ef68-185c-5542-905d-5218f44ff5ab,1986,Uruguay,Goalkeeper,28.0
4e7c6f9a-c0de-51f9-912a-d6c6f1c03c66,1994,Spain,Defender,25.0
e3a6842b-af48-52d6-9917-1a90f4573b7e,2022,Portugal,Midfielder,27.0
c616fd75-b0a3-5e13-80be-b665f13786a8,2002,China,Goalkeeper,34.0
1a04acf8-a297-5416-8c6d-ebef1009ef42,1986,Morocco,Defender,27.0
013f67be-9557-5eb8-8aeb-ec777feb5571,1998,Morocco,Forward,28.0
7a4015c5-4d00-5373-8e33-67a02bd4115a,1970,Morocco,Goalkeeper,27.0
e7291054-da52-505c-877b-02f69901b82e,2022,Morocco,Midfielder,22.0
aa01c5ec-0627-593c-a9bc-cb7b3deeecf3,2018,Panama,Defender,30.0
a145d8ec-5edf-506d-912f-beb685fa4f35,1966,West Germany,Midfielder,23.0
a145d8ec-5edf-506d-912f-beb685fa4f35,1970,West Germany,Midfielder,27.0
a145d8ec-5edf-506d-912f-beb685fa4f35,1974,West Germany,Midfielder,31.0
23acfd2b-d706-5da0-b0d7-be52e72106c3,1994,Netherlands,Midfielder,21.0
23acfd2b-d706-5da0-b0d7-be52e72106c3,1998,Netherlands,Midfielder,25.0
bd721415-0608-5e8b-8efd-084c62cc6e45,2018,Costa Rica,Defender,28.0
bd721415-0608-5e8b-8efd-084c62cc6e45,2022,Costa Rica,Defender,32.0
34c4c25b-eed6-5000-b493-4a255bb87f6a,1978,Argentina,Midfielder,28.0
04287b0d-24cb-5c63-8583-7ec03173ce19,2002,England,Forward,23.0
04287b0d-24cb-5c63-8583-7ec03173ce19,2006,England,Forward,27.0
04287b0d-24cb-5c63-8583-7ec03173ce19,1998,England,Forward,19.0
cf135585-c25b-59d2-ba17-d995bf0b0b7e,1954,England,Midfielder,32.0
dc3625dc-a3d3-59a0-9722-d8a519d6a5bd,2006,Ghana,Goalkeeper,24.0
5fc76fc4-038f-5213-bb6e-7bc97d4a4d25,2022,Ghana,Midfielder,25.0
ec11952f-69d5-5ffd-b326-bbb0d621e581,2010,Ghana,Midfielder,24.0
5d1c47cc-6db0-5b5a-bc5e-b0e791b90ae3,2014,England,Midfielder,21.0
fe549fcf-a96e-53dc-87ed-01bec73dc936,1938,Netherlands,Midfielder,27.0
fe549fcf-a96e-53dc-87ed-01bec73dc936,1934,Netherlands,Midfielder,23.0
a27200dc-4342-5c4b-a843-74da026b4e43,1986,Portugal,Midfielder,28.0
e4ba7df2-2c19-54f2-b67a-e6f694bb3952,1930,Peru,Forward,
79db823d-3970-5862-968e-5c90f614b207,2022,Ecuador,Defender,21.0
d102b7d3-7958-5c04-85f1-1d114aa9cfc6,1962,Spain,Defender,24.0
e49ecafd-d145-536b-81b0-387c8bdad862,2010,Switzerland,Midfielder,27.0
8392bf1c-f5f2-5a5d-b5de-4c44e48f12a6,1966,Mexico,Forward,24.0
8392bf1c-f5f2-5a5d-b5de-4c44e48f12a6,1970,Mexico,Forward,28.0
b9224cc5-c18a-56f9-9b3e-84bfddea0624,1990,Cameroon,Defender,26.0
343acaba-6ba1-500e-9c55-d5157d56b5ae,1962,Argentina,Forward,21.0
b478329b-8906-535e-ba29-c705a937eb89,1994,Italy,Goalkeeper,28.0
b478329b-8906-535e-ba29-c705a937eb89,1990,Italy,Goalkeeper,24.0
b478329b-8906-535e-ba29-c705a937eb89,1998,Italy,Goalkeeper,32.0
98e82e8d-d16d-5492-9fdd-14218a4f3d9d,1978,Argentina,Defender,29.0
8008e2e0-0c9e-57ae-a501-5462f6b08839,1966,England,Forward,27.0
33ff9082-5f24-5831-a012-021956d4165b,2010,Ghana,Defender,29.0
33ff9082-5f24-5831-a012-021956d4165b,2006,Ghana,Defender,25.0
38087709-9739-52ef-986c-eee93d61b1f9,2010,North Korea,Defender,25.0
3e04a095-1c4c-5805-a588-fdca3ddd2e4f,1966,North Korea,Forward,24.0
62172e68-6b25-5c5a-bdce-1ec2ee877a48,1966,North Korea,Defender,22.0
d7b8ffb8-35c8-58bf-bbd5-40f0e44ab35e,2010,North Korea,Defender,22.0
39736f44-d3ea-59e4-b436-a8dcd1cb7a16,2010,North Korea,Midfielder,25.0
dfc4a2d4-c1e1-547a-a5fd-bb8a867b1f33,1966,North Korea,Forward,25.0
7c336850-5d80-500e-9275-17e2880987ae,1986,Canada,Forward,34.0
ae50af93-4df0-559e-8999-22f1245f119c,2014,Argentina,Forward,32.0
ae50af93-4df0-559e-8999-22f1245f119c,2006,Argentina,Forward,24.0
937a8a36-7287-5fbc-820e-288893ed76c7,2022,Ecuador,Defender,23.0
9b2b48fc-c0eb-532a-a88b-031976948197,1998,Colombia,Defender,29.0
1942c45d-7a34-55c0-ba1e-93cf32f4dd7a,2022,Argentina,Midfielder,24.0
46b194c4-9f81-5767-a7f2-f1f82181dff7,2014,Honduras,Forward,33.0
46b194c4-9f81-5767-a7f2-f1f82181dff7,2010,Honduras,Forward,29.0
f0087151-ad0e-52a2-87ca-bd57d7530903,2010,Honduras,Defender,24.0
a30bec8a-c815-5639-82c4-7493781e49e5,2014,Honduras,Midfielder,30.0
a30bec8a-c815-5639-82c4-7493781e49e5,2010,Honduras,Midfielder,26.0
39d7f062-4905-5353-b846-69f9c61cc75c,2002,Mexico,Forward,29.0
39d7f062-4905-5353-b846-69f9c61cc75c,1998,Mexico,Forward,25.0
35974e56-5d60-55e1-b4c9-977519db7582,2010,Argentina,Forward,37.0
125e3026-f85d-5777-91d6-66a02d1fd01a,2014,Italy,Defender,28.0
bb23b2d4-9874-5500-82f4-e158d3ccc0a6,1950,Yugoslavia,Midfielder,27.0
863fe566-263f-5fac-a4e6-835b23114e3f,2022,Portugal,Midfielder,27.0
513fb2a6-1ae8-58c3-b935-684567c8b4dc,1950,Sweden,Forward,21.0
eba9d446-d7d4-55f8-a156-8d62180a98fc,2010,Italy,Midfielder,29.0
19bfac9e-5909-5dd1-a521-39d0ec47ad59,1934,Hungary,Midfielder,26.0
4c53678e-899a-5429-8fce-9d6a56ca672f,1954,Hungary,Forward,25.0
2724b586-1b51-5580-8a4c-ba1261fe5ef4,1990,Czechoslovakia,Goalkeeper,32.0
1d171875-666d-5afa-9d04-06f22b52f9d7,1930,Brazil,Midfielder,26.0
1d171875-666d-5afa-9d04-06f22b52f9d7,1934,Brazil,Midfielder,30.0
399be83d-3572-5f5b-aa3e-e51edb5aa605,1990,Yugoslavia,Defender,21.0
69cf783c-9c75-5cb3-8179-7c7f37868c35,1962,Bulgaria,Forward,32.0
ef3b0579-0b65-5c32-92d3-9739790af9d6,1962,Argentina,Forward,28.0
4b6f6ac8-5dd9-5e35-b233-f5b7d4267d13,1954,Italy,Forward,28.0
4b6f6ac8-5dd9-5e35-b233-f5b7d4267d13,1950,Italy,Forward,24.0
0a6eaa52-13df-514b-b59f-b5fab43483ff,1994,Romania,Midfielder,24.0
58c57889-e8a0-5b80-90df-62f346ff3ca5,1982,Czechoslovakia,Midfielder,34.0
fcf00c07-c91e-5a89-b26d-a1286f28e5a9,1950,Spain,Midfielder,28.0
f7923769-ccd6-5931-869a-3fb19ec4ee83,1974,Bulgaria,Forward,24.0
0d06e9cc-22cd-5771-ba57-be46ed21b745,1982,Yugoslavia,Goalkeeper,31.0
1685dfff-eb8b-534a-88a2-0e3fabedbfbb,2010,Serbia,Forward,32.0
4603e878-f758-5515-82d0-6a6a435218b2,2022,Canada,Goalkeeper,25.0
f5203a2d-05ee-54ba-bf59-d1eeb8e7c678,2002,Italy,Defender,29.0
f7b721f6-8811-53cd-82c0-e85b083678c2,1990,Yugoslavia,Forward,25.0
a87d2f45-b7b0-5d56-9f3e-21427c948e05,2010,Greece,Defender,26.0
3ac82406-c5a6-588c-a0c8-0a88fd0fb09f,2014,Greece,Defender,26.0
3ac82406-c5a6-588c-a0c8-0a88fd0fb09f,2010,Greece,Defender,22.0
f5fd212f-27d2-5163-a665-ff5b782dd514,1954,Yugoslavia,Midfielder,20.0
e62b0fc0-eb87-54ce-96eb-370d786e39a1,1978,France,Midfielder,29.0
9e69e60f-3169-56bc-91b6-87c2aebfb8a7,1986,France,Forward,23.0
ac29f7c5-cc09-5b28-8a41-53cf49e4af88,1934,Belgium,Defender,29.0
b159db42-5b52-5b68-9313-a9bef8fea0f8,2006,Ghana,Defender,25.0
03d2f6c1-ef00-5dfe-a57f-0bc79815f2f8,1994,Romania,Defender,21.0
0f733754-ec3f-5d8e-8eaa-c470a232cb03,2022,Brazil,Midfielder,25.0
8193b95e-9d82-5d45-bbe1-3c26323170a8,1966,Brazil,Forward,24.0
28262b4a-3654-53f3-80ab-76a82f549cad,1990,Spain,Forward,25.0
9d733689-3045-5cf6-9ca0-0c65efd2e464,2006,Mexico,Midfielder,30.0
9d733689-3045-5cf6-9ca0-0c65efd2e464,1998,Mexico,Midfielder,22.0
0e0a2ab0-7b9f-5bcf-b1a7-4543215a10cc,1930,Peru,Goalkeeper,21.0
720e9f78-30ec-5807-acb9-8a9b0baf6449,2002,Paraguay,Midfielder,26.0
720e9f78-30ec-5807-acb9-8a9b0baf6449,2006,Paraguay,Midfielder,30.0
720e9f78-30ec-5807-acb9-8a9b0baf6449,1998,Paraguay,Midfielder,22.0
a0705959-f91f-51db-9a79-eda10fb17564,1950,Paraguay,Defender,29.0
61930b6a-f28a-5c82-b0f2-6ae2fe685c72,2014,Chile,Forward,34.0
61930b6a-f28a-5c82-b0f2-6ae2fe685c72,2010,Chile,Forward,30.0
5bc24374-2ffc-5344-9249-e5f72d228e24,2014,Ecuador,Defender,27.0
8cf6305b-ca69-5d0f-9352-fed0efa0d13e,2022,Argentina,Midfielder,28.0
61a4fd79-7e66-5ea9-b612-7ef5cf3383f9,1950,United States,Forward,22.0
001875d7-43c0-513d-add8-d97327650eee,1986,South Korea,Midfielder,32.0
42a3c838-c99a-59da-b5cc-11938d2f63c2,2014,South Korea,Forward,29.0
42a3c838-c99a-59da-b5cc-11938d2f63c2,2010,South Korea,Forward,25.0
42a3c838-c99a-59da-b5cc-11938d2f63c2,2006,South Korea,Forward,21.0
985af8de-d753-5e9b-9c69-87a1b6d258fb,1994,South Korea,Goalkeeper,29.0
b6cc2b39-4a14-52a1-9190-33092fa4fbd4,1954,South Korea,Forward,28.0
883a67d8-be4c-535e-a38a-e9a9d18de747,1954,South Korea,Defender,31.0
9eeb648a-375d-5e25-8780-18801ead13c2,2010,South Korea,Midfielder,29.0
9eeb648a-375d-5e25-8780-18801ead13c2,2002,South Korea,Midfielder,21.0
9eeb648a-375d-5e25-8780-18801ead13c2,2006,South Korea,Midfielder,25.0
5fe8f42b-bdb9-5c4d-9f80-a5a40846afef,2014,South Korea,Midfielder,25.0
70e3a35c-b701-583b-b3aa-81c3119535be,2018,South Korea,Defender,31.0
70e3a35c-b701-583b-b3aa-81c3119535be,2014,South Korea,Defender,27.0
f8d6338f-c5c2-54c1-8695-a7396a2a9e9f,1994,South Korea,Defender,27.0
6196a38f-fffb-5bff-929d-77bef03bd2b2,1954,South Korea,Defender,30.0
531ec326-1b33-5f72-b00f-e024db97c224,1990,South Korea,Defender,29.0
531ec326-1b33-5f72-b00f-e024db97c224,1986,South Korea,Defender,25.0
a95c52ac-4505-5ffa-b321-d590d29192e8,1958,Scotland,Defender,23.0
65f56e32-6352-5632-8de6-9fcef36af6e0,2010,South Africa,Forward,24.0
dc83d4d8-cf0e-5ea6-8d69-423bd4f6b9f0,1990,England,Defender,26.0
d3e2d238-1aaa-5675-a2cd-d92fa2245d34,2002,Costa Rica,Forward,21.0
b46af1e2-3400-51b7-a503-fe91dd65eb7d,1954,Switzerland,Goalkeeper,25.0
527ae56f-6b28-5b7f-af63-35830c415d2a,1958,Sweden,Midfielder,28.0
c714476e-8c2d-5ee2-a57d-0c7c8ad75ab4,1958,Paraguay,Forward,26.0
cc5da625-8643-5297-bf29-55eb7379ce0f,1950,Italy,Midfielder,29.0
7c847220-2cf0-5050-b5da-f6393bdc91b3,2014,Italy,Midfielder,29.0
841a837e-b697-5110-8b5f-ba84d7196951,1950,Spain,Defender,25.0
42ad433e-95e8-556b-937b-37bec4587d52,1998,Chile,Midfielder,27.0
79b01a41-bbb8-5bc2-bf70-e7bf7ac05d24,1962,Bulgaria,Goalkeeper,28.0
50a58577-5273-5dea-8d94-05f8a626d945,2022,Ghana,Midfielder,29.0
7df8c82e-c2d7-588d-8f2c-383dcfde815a,1978,Iran,Midfielder,32.0
7a8f404d-c3f5-5f03-87ea-93f4363963ea,1994,Switzerland,Goalkeeper,28.0
485fd394-0ac7-5977-9fa6-e9a69e216176,1986,Argentina,Forward,26.0
175fd7a5-cb17-57c4-ad3e-b1c76b141b04,1966,Italy,Forward,29.0
175fd7a5-cb17-57c4-ad3e-b1c76b141b04,1962,Italy,Forward,25.0
b3ede5ef-d8e1-5abc-a0f7-e5d5af60b6c5,1998,Iran,Defender,25.0
cee5e10b-8ba6-5773-a739-1d9f1a221d05,1986,Bulgaria,Forward,23.0
364cf84f-cce4-5985-ad42-8576774fedf0,1938,Italy,Forward,28.0
7b9537cd-da15-57f1-93a6-3fc043e828b7,1978,Argentina,Defender,25.0
7b9537cd-da15-57f1-93a6-3fc043e828b7,1986,Argentina,Defender,33.0
7b9537cd-da15-57f1-93a6-3fc043e828b7,1982,Argentina,Defender,29.0
5202fd88-99f5-54cf-a1cd-4a283773a592,1934,Switzerland,Forward,29.0
5e29c435-db11-53f6-996e-4f25b38553dc,2010,New Zealand,Goalkeeper,34.0
8e5c8a10-d9e2-5bb7-b3a2-7fad14ffd12e,2010,Argentina,Midfielder,21.0
aab9c026-41a1-5411-b766-3f8d1b77d60b,1966,Argentina,Midfielder,24.0
bcd95db0-c5ad-524d-b43d-d2a9660bf056,2022,Netherlands,Goalkeeper,39.0
0178b0d6-d1b8-59cb-b6b8-cc4f4060c8fa,1930,United States,Forward,21.0
87d9a085-31c2-5874-8b2b-8d1784d13413,1930,Argentina,Defender,27.0
ab22137e-190d-5271-b624-2c8c1b624efa,1938,Brazil,Forward,28.0
ab22137e-190d-5271-b624-2c8c1b624efa,1934,Brazil,Forward,24.0
214b677d-b6be-52fd-99c1-27bfac3d17ec,2018,Portugal,Goalkeeper,30.0
214b677d-b6be-52fd-99c1-27bfac3d17ec,2014,Portugal,Goalkeeper,26.0
214b677d-b6be-52fd-99c1-27bfac3d17ec,2022,Portugal,Goalkeeper,34.0
f2017ded-a42d-5088-a488-1617a8e5053b,2010,Greece,Defender,31.0
d70f119d-040e-5ff6-96ef-cbcb654dd2b0,1938,Dutch East Indies,Forward,24.0
83531ef4-c522-598d-a774-ad7db4a482cf,1934,Czechoslovakia,Goalkeeper,20.0
679a1016-8a6b-5d45-a9d7-748c793c97ff,1966,West Germany,Defender,23.0
679a1016-8a6b-5d45-a9d7-748c793c97ff,1970,West Germany,Defender,27.0
40d37a2e-bfd6-5762-a668-9ddf767d824e,1966,West Germany,Defender,26.0
298ab8fe-0fe3-5fec-8e8b-a0cf4607fdb9,2002,Portugal,Forward,29.0
298ab8fe-0fe3-5fec-8e8b-a0cf4607fdb9,2006,Portugal,Forward,33.0
946bf413-f394-5acc-9630-0cc16bf4a7ad,1954,Brazil,Defender,22.0
f1e5c31f-c436-5f95-93c0-58a8ca4e8386,2018,Brazil,Midfielder,30.0
f1e5c31f-c436-5f95-93c0-58a8ca4e8386,2014,Brazil,Midfielder,26.0
8c374c5a-2028-55df-818a-2bdb5e20b5fb,2002,Brazil,Midfielder,29.0
7b241f26-449b-59fd-9372-119c2d435f6f,2018,France,Defender,22.0
7b241f26-449b-59fd-9372-119c2d435f6f,2022,France,Defender,26.0
46854d22-a965-534d-9798-e91f041ecbac,1938,Belgium,Defender,26.0
55f68f62-73b5-5407-8feb-21772a69f045,2002,Slovenia,Midfielder,31.0
4371b352-4d0a-53f5-9997-26edb1d8196c,1938,Romania,Goalkeeper,26.0
2f2561cb-690f-5f5e-aeca-4d0afd31c70b,1974,Yugoslavia,Midfielder,32.0
a472858f-9292-56f1-b8a3-fa54566b6f67,2022,Serbia,Defender,21.0
f2ac14e2-6a2d-58a2-82ea-495c14d6ff1c,2002,Slovenia,Midfielder,26.0
c0b240bb-4aad-52e5-a6dd-611492af3ce2,1974,Uruguay,Defender,31.0
131efdf2-7dbe-57ff-9b59-267e8c2e01ef,2010,Honduras,Forward,37.0
77e9d371-d733-5194-b6d1-59489707761a,2018,Argentina,Midfielder,22.0
6118d10f-fcdc-555e-940f-2a123513daea,1986,Poland,Defender,28.0
6ac511a2-b2aa-59c0-af14-5f27d33fd356,1950,Uruguay,Goalkeeper,33.0
41dfc354-244a-575d-904a-d4734b33b455,1962,Colombia,Forward,20.0
965b2ffc-b228-53e8-ac44-57e469d62aba,1998,Argentina,Defender,25.0
712bf475-3c36-5e37-8935-332487f9a6e8,1990,Spain,Midfielder,25.0
edd02187-d238-5684-acee-c89354fcf325,1990,Uruguay,Midfielder,31.0
edd02187-d238-5684-acee-c89354fcf325,1986,Uruguay,Midfielder,27.0
b05fe970-5bb7-52e0-a776-db914e4bfc79,2018,Poland,Defender,31.0
3cfee1cf-8fd6-5f55-8219-7a95ccc7bcb9,1994,Colombia,Goalkeeper,30.0
b762c1b4-c1a9-5199-be8e-fb67af78ae9e,2010,Italy,Forward,26.0
40199484-3966-5f1c-8c49-a58e019fd3d8,1986,Poland,Midfielder,26.0
40199484-3966-5f1c-8c49-a58e019fd3d8,1982,Poland,Midfielder,22.0
70742bc6-5a68-5342-ba95-0d5d7893127c,2022,Croatia,Midfielder,27.0
8a0847d0-a416-5255-b012-7906e448ce7c,1958,Yugoslavia,Forward,24.0
a4ccfa10-9e29-55a2-911f-9332447bd98e,1982,Yugoslavia,Midfielder,24.0
c68ab7ec-8238-5d0d-b374-f21285536803,1954,Czechoslovakia,Forward,27.0
2cfcd740-9ee1-5b8c-a665-b6f7d5c7cbac,1962,England,Forward,25.0
e5949c31-6748-5ff3-90de-a98bc3f13172,1958,Northern Ireland,Midfielder,30.0
b11fc032-50a9-578c-8d0a-32d0f6d1921f,1990,England,Defender,28.0
08a171f1-f02e-5a2c-94cf-b563ad36c1a5,1978,Italy,Midfielder,23.0
76924007-1d9a-55fa-8b17-dd9c77dea60e,1990,Austria,Defender,25.0
1329898e-ca03-5e19-85cf-78cecfc27f6d,1934,Argentina,Defender,25.0
7e09d77c-df3f-5ce9-abeb-57d337ab99e4,2022,Spain,Midfielder,20.0
b8ef49a5-6414-5c99-a52b-94fd069b1db6,1982,Brazil,Defender,25.0
730a62aa-3d6c-53dc-8251-bf8372eb4d91,2014,Spain,Forward,27.0
730a62aa-3d6c-53dc-8251-bf8372eb4d91,2010,Spain,Forward,23.0
cb1c8691-a131-5ee0-aedd-c3041f9a9333,2022,Brazil,Forward,25.0
cc058a40-e56a-5c0e-b250-1b1c9c7e9289,1934,Brazil,Goalkeeper,21.0
70495252-bb7b-566e-88b7-eb39abe72702,1934,Belgium,Midfielder,21.0
7790797d-4bac-5eb3-a809-aec259b862e2,1970,Belgium,Midfielder,27.0
5d68ddbf-1dc0-592b-a491-7b1dfd05d430,2002,Belgium,Defender,33.0
a5caf8e5-b398-5e12-95a8-363c63331b44,1966,Spain,Midfielder,30.0
a5caf8e5-b398-5e12-95a8-363c63331b44,1962,Spain,Midfielder,26.0
d2dc64b3-efe8-5fe2-86f0-fbb386c53b64,2010,Slovakia,Defender,24.0
4c2cd912-1339-52b4-80bb-6043a5d5aa95,1954,Austria,Goalkeeper,29.0
1b27030a-4663-584b-87c2-903f224d2a1a,1934,Netherlands,Midfielder,24.0
28670d18-1441-53b1-a0e9-96547b0aa9ae,2022,Uruguay,Forward,21.0
039aa507-7f97-5d56-a934-6250b0b21010,1998,Mexico,Forward,35.0
706445cd-23b9-56b6-8d64-0d9a3f6e8125,1966,Brazil,Forward,26.0
706445cd-23b9-56b6-8d64-0d9a3f6e8125,1958,Brazil,Forward,18.0
706445cd-23b9-56b6-8d64-0d9a3f6e8125,1970,Brazil,Forward,30.0
706445cd-23b9-56b6-8d64-0d9a3f6e8125,1962,Brazil,Forward,22.0
a34e4f81-1836-521c-b00c-0437c6f54b15,2018,Costa Rica,Goalkeeper,36.0
a34e4f81-1836-521c-b00c-0437c6f54b15,2014,Costa Rica,Goalkeeper,32.0
683a6b02-6296-5a4c-90f0-81b25f89229e,1958,Paraguay,Forward,25.0
924fc7fb-9ed3-5c69-91ca-f72425c8c037,2002,Turkey,Midfielder,30.0
718b252d-c650-5b08-8acc-a8da6391423c,2018,Panama,Goalkeeper,37.0
b9bac074-0cd3-53e2-bc10-ca9ed65b1341,1966,Bulgaria,Defender,21.0
b9bac074-0cd3-53e2-bc10-ca9ed65b1341,1970,Bulgaria,Defender,25.0
b9bac074-0cd3-53e2-bc10-ca9ed65b1341,1974,Bulgaria,Defender,29.0
e5f261a5-e1ff-5498-822e-c3b53e692840,1998,Bulgaria,Forward,32.0
201e4310-b0d0-579d-9554-9da2ad3e392b,1986,Northern Ireland,Midfielder,22.0
f0546b21-260d-582e-866f-7066d207b2db,1998,Cameroon,Defender,25.0
ab7c67f8-f86d-50dd-8548-b93f7cff8435,1954,France,Defender,28.0
ab7c67f8-f86d-50dd-8548-b93f7cff8435,1958,France,Defender,32.0
d7a1dd1b-f911-58de-9f0b-bb2a6dbce290,2010,Italy,Midfielder,27.0
23d65736-7c86-511d-af6f-d92c1e47d8c7,1958,Brazil,Forward,23.0
23d65736-7c86-511d-af6f-d92c1e47d8c7,1962,Brazil,Forward,27.0
0d5c3b8f-a7a5-5ad1-8abb-8500f663119e,2018,Portugal,Defender,35.0
0d5c3b8f-a7a5-5ad1-8abb-8500f663119e,2014,Portugal,Defender,31.0
0d5c3b8f-a7a5-5ad1-8abb-8500f663119e,2022,Portugal,Defender,39.0
0d5c3b8f-a7a5-5ad1-8abb-8500f663119e,2010,Portugal,Defender,27.0
3fb5514a-712f-58fa-9de4-154ddfbc9bc6,2018,Mexico,Forward,34.0
3fb5514a-712f-58fa-9de4-154ddfbc9bc6,2014,Mexico,Forward,30.0
1c726a74-0b97-5b92-9cee-1a58febe389e,1966,Italy,Midfielder,27.0
d1849321-d472-5fa5-bed3-45b9961857c0,1938,Italy,Midfielder,27.0
d7e39729-70a6-5327-bff9-8f993e4f4c82,1990,Uruguay,Midfielder,25.0
8524d29d-72ee-5539-a585-37f5beb645e9,1994,Colombia,Defender,31.0
8524d29d-72ee-5539-a585-37f5beb645e9,1990,Colombia,Defender,27.0
d81942ab-5ccc-56e7-a5ab-65f6545a5fed,2022,Portugal,Defender,31.0
a9d14fbe-02cf-5db5-86e6-457ff33b1a66,1990,Uruguay,Goalkeeper,36.0
b7da1c7b-02c3-500c-8caf-dc0c144f2cf4,1966,Portugal,Goalkeeper,35.0
a0959b14-627e-5045-af55-f3b5770006b1,2014,Portugal,Defender,30.0
f0ddb9c2-2f52-5b3f-9482-a7182cace032,1974,Brazil,Defender,25.0
e4b56cdb-2c9b-5819-a811-5d065db6f6ec,2018,Uruguay,Defender,34.0
e4b56cdb-2c9b-5819-a811-5d065db6f6ec,2014,Uruguay,Defender,30.0
e4b56cdb-2c9b-5819-a811-5d065db6f6ec,2010,Uruguay,Defender,26.0
27b0a91e-891d-51f7-a258-78e37b35968c,2002,Portugal,Goalkeeper,27.0
07df68ea-9654-5f79-8f7a-c7f2e9d9b950,2018,Portugal,Defender,25.0
83f406e9-d1d7-51d7-88b7-5351e44aad39,1990,Uruguay,Midfielder,22.0
c3db0853-7296-50a7-9ff4-b54f34521fd3,2014,Uruguay,Midfielder,29.0
c3db0853-7296-50a7-9ff4-b54f34521fd3,2010,Uruguay,Midfielder,25.0
9a5bf299-06ad-5bba-a720-eb3e3ff0696f,1966,Portugal,Midfielder,24.0
33055a42-996e-51bc-933e-88b2ef0c993f,1974,Brazil,Defender,27.0
181851dc-46e6-5ed2-8f9b-4b7d45d15b5d,1978,Brazil,Goalkeeper,27.0
181851dc-46e6-5ed2-8f9b-4b7d45d15b5d,1974,Brazil,Goalkeeper,23.0
181851dc-46e6-5ed2-8f9b-4b7d45d15b5d,1982,Brazil,Goalkeeper,31.0
8c191211-91fd-50d2-bb67-16aeb973678f,1986,Uruguay,Defender,30.0
36e9f304-14d5-597f-b071-2ce6b25a28bc,1966,Argentina,Defender,24.0
36e9f304-14d5-597f-b071-2ce6b25a28bc,1974,Argentina,Defender,32.0
bca29a01-5a82-5234-995b-17e1cc751305,2014,Italy,Goalkeeper,22.0
4ed00275-831d-570d-aa5b-e19e3801ab64,1930,Argentina,Forward,30.0
1bc7347e-8e0e-5bff-a61f-2cf481f4a409,2018,Croatia,Midfielder,29.0
1bc7347e-8e0e-5bff-a61f-2cf481f4a409,2014,Croatia,Midfielder,25.0
1bc7347e-8e0e-5bff-a61f-2cf481f4a409,2022,Croatia,Midfielder,33.0
018152f9-4537-5252-9248-3aeb0d593128,2006,Ecuador,Defender,25.0
9a54688a-e2b4-5ecf-8aa7-f81e546b5409,1962,Switzerland,Goalkeeper,32.0
2caa7668-e32c-53bb-8247-ec460ccee1d3,2006,Brazil,Midfielder,31.0
63dd3bef-acf3-5bd9-a178-5310eb1d3c7b,2010,Slovakia,Goalkeeper,26.0
474b0bd6-d71d-523c-86ea-b7559b449bfc,2006,Spain,Defender,29.0
c621c4a1-6d15-5aaf-87c8-d9a8625c5f79,2006,Italy,Midfielder,29.0
cc2fa5d1-9c66-5949-b54c-1c281947256a,1978,Austria,Defender,31.0
dfdf2e69-e4cc-5009-8364-eb3ac834c662,1938,Sweden,Forward,29.0
7dc168b4-f1ba-5586-975f-ddefb1fe9455,1970,Sweden,Midfielder,28.0
7dc168b4-f1ba-5586-975f-ddefb1fe9455,1974,Sweden,Midfielder,32.0
aac5162d-b5c4-510f-b73b-0c662b7d022a,1974,Yugoslavia,Defender,22.0
0a2367a0-af51-5d0f-85c6-bdad658560ad,2006,Italy,Goalkeeper,36.0
96df5217-95a2-52c5-a280-d0f2a6c6f11e,1938,Brazil,Forward,21.0
b911b3cd-00db-5709-bbce-16da38669e55,1970,Romania,Defender,27.0
c68e9adb-1cf4-5e46-9b88-39abfe0f3ae7,1938,Germany,Forward,27.0
9b7b077d-96a0-5c7c-8528-6b3b3fec56c4,1998,Italy,Defender,28.0
698ae557-86f1-5821-9ee8-faefbd8e2ed8,2018,Poland,Midfielder,33.0
42ced4a8-8e37-5800-87da-4b6e184784ea,1954,Yugoslavia,Forward,24.0
42ced4a8-8e37-5800-87da-4b6e184784ea,1958,Yugoslavia,Forward,28.0
dbbe3627-95f1-5d66-ac86-c2a613de6c9a,1966,England,Midfielder,23.0
dbbe3627-95f1-5d66-ac86-c2a613de6c9a,1970,England,Midfielder,27.0
3748bf7c-b3bf-5f79-83b5-c3433c948a30,1958,West Germany,Midfielder,29.0
a733c74b-ceba-547e-ae3a-12b40eaeff95,2002,France,Midfielder,32.0
a733c74b-ceba-547e-ae3a-12b40eaeff95,1998,France,Midfielder,28.0
b0510a9c-60bb-5377-b828-99335221485a,1938,Belgium,Defender,24.0
26b01c7a-bcf1-590d-a2bb-41d1a69478f7,1978,France,Midfielder,29.0
11995e5e-c843-5808-a1c9-e5b462bee256,2002,Portugal,Midfielder,26.0
11995e5e-c843-5808-a1c9-e5b462bee256,2006,Portugal,Midfielder,30.0
299be585-6ecf-5ef5-9e41-bc8d92de5251,1998,Bulgaria,Defender,22.0
d69ed9f4-8a25-5336-b764-2402ded4a0df,1998,Bulgaria,Midfielder,24.0
7f02f18b-25f5-5ec5-ad6d-95e93088eb58,2022,Croatia,Forward,28.0
0eec5197-13e4-5165-a5fc-61ca8eaf054b,2006,Serbia and Montenegro,Defender,32.0
bdcead44-a9ce-5e1a-a608-2fa072caa26b,1974,Yugoslavia,Forward,29.0
26145031-2e51-5962-8930-e286adaff5ad,2018,Australia,Forward,26.0
09fd101e-ce31-5c53-b75b-ed4db0efa5d4,1994,Romania,Defender,27.0
09fd101e-ce31-5c53-b75b-ed4db0efa5d4,1998,Romania,Defender,31.0
6806877c-bad9-526c-9d54-cab71cdf310a,1930,Uruguay,Forward,25.0
60456be6-b398-5fdb-a217-3449f8be2646,1986,Bulgaria,Defender,25.0
2cd428e0-1531-514c-a6ce-0f75f265aa75,1974,Yugoslavia,Goalkeeper,26.0
e244f760-e48b-5920-a142-52a1be3c9b71,2010,Serbia,Midfielder,21.0
ca7c7310-7294-5ebf-bf77-db0e9a506afb,1974,Yugoslavia,Midfielder,19.0
ca7c7310-7294-5ebf-bf77-db0e9a506afb,1982,Yugoslavia,Midfielder,27.0
1d876afb-aea2-57e7-9eca-d64578777162,1998,Yugoslavia,Defender,33.0
18c418a1-8e08-523a-b3cb-dc083d67c278,1970,Czechoslovakia,Forward,24.0
4ad9258e-3789-5b81-839d-104f766b428c,2010,Slovakia,Defender,31.0
43ed1ce5-60a2-5721-aff2-a14d3ddda416,1982,Czechoslovakia,Forward,29.0
d9350ca2-56d7-50e2-8d84-ae6904151898,1970,Sweden,Goalkeeper,30.0
490d1bfb-3223-5cf0-be29-291a35135172,1990,Sweden,Forward,27.0
10ab2375-b1a6-59ef-95f6-eb5e69ba2c0e,1930,Argentina,Forward,22.0
f80a4e4e-69e0-53be-a4e8-3dfff4005ef5,1998,Iran,Defender,28.0
5e5e72f2-ae6d-57bc-b5c4-9a054d5fe234,1990,Republic of Ireland,Goalkeeper,34.0
585ebee6-c427-5abe-84ce-b5b3db3eee0d,2022,Argentina,Defender,31.0
cd0159cc-06b9-5dd9-b806-3f4cd618163c,1978,Austria,Defender,23.0
cd0159cc-06b9-5dd9-b806-3f4cd618163c,1982,Austria,Defender,27.0
93e4594e-25c4-5732-8946-de2a12dabe25,2014,Mexico,Midfielder,24.0
fc0dd070-6738-5331-b181-e2d37ea28025,1966,Mexico,Defender,25.0
fc0dd070-6738-5331-b181-e2d37ea28025,1970,Mexico,Defender,29.0
46b8df8e-19bd-5a27-8bfc-592098f91bf5,1994,Bolivia,Defender,21.0
a98d2fbd-ae6e-57ec-aed5-2a2dbccadc8d,1994,Bolivia,Forward,29.0
f0038dd9-cc3c-59a0-89df-ec4c86f12611,2010,Slovenia,Forward,24.0
695205d2-ce5f-52aa-985a-826a7d22c02f,1954,Czechoslovakia,Forward,27.0
f25ad90a-2f53-57aa-a898-8f066741d3fb,1954,West Germany,Midfielder,28.0
47fdab8a-8c24-59cb-9e29-c8eabbc46947,1986,Belgium,Goalkeeper,33.0
47fdab8a-8c24-59cb-9e29-c8eabbc46947,1982,Belgium,Goalkeeper,29.0
0abc60b1-8254-5cd2-9e99-3a3f741bf0e8,1990,Austria,Defender,25.0
0abc60b1-8254-5cd2-9e99-3a3f741bf0e8,1998,Austria,Defender,33.0
4955d5a8-d108-5644-991f-eb48d44cd262,1990,Austria,Midfielder,24.0
4955d5a8-d108-5644-991f-eb48d44cd262,1998,Austria,Midfielder,32.0
dc226bd9-3bb8-58a8-9e07-a3cfedb5cab5,1990,West Germany,Defender,30.0
72d04023-de79-5510-b60b-dbbe11f4f002,1994,Republic of Ireland,Defender,27.0
36c39a78-d328-5b0f-bf5e-57375e47f4a7,2022,England,Midfielder,27.0
79b57664-6c49-5b11-802b-31ecbb2a2374,1998,South Africa,Midfielder,24.0
cdc4cff9-fde7-5a19-873b-fde1c0f24ae4,1930,Argentina,Defender,25.0
f6f863d9-37fe-52cf-a86f-a6f73163f410,1958,France,Forward,27.0
5d13882e-880f-5422-9940-ce771fe281bd,1970,Brazil,Midfielder,27.0
5d13882e-880f-5422-9940-ce771fe281bd,1974,Brazil,Midfielder,31.0
35b0e9a0-b443-5678-8814-c1a993badd04,1982,Austria,Defender,27.0
f0bdce45-fb8e-5944-adca-368b6357c1d2,1982,New Zealand,Goalkeeper,26.0
d5187271-f0e5-5b01-b359-4e4fd90cde1d,2018,England,Goalkeeper,24.0
d5187271-f0e5-5b01-b359-4e4fd90cde1d,2022,England,Goalkeeper,28.0
2922ee86-1d8e-57e0-866b-83eaf22f85b5,1938,Poland,Forward,25.0
6b4d206b-56e1-51a2-9ff1-4f170845336d,1938,Poland,Midfielder,23.0
a45a50d8-cd33-5a47-9fdf-8e274bc188da,2010,South Africa,Midfielder,28.0
a45a50d8-cd33-5a47-9fdf-8e274bc188da,2002,South Africa,Midfielder,20.0
72d68076-6156-5f46-aebd-628e7083f781,1934,United States,Midfielder,26.0
e0867af2-e66a-54cd-80fc-e8a0dbfc9fe5,2022,Canada,Midfielder,28.0
22fcecac-8979-56b1-acf0-1efb80c0964d,1938,Netherlands,Midfielder,21.0
d90864cc-f547-5bb8-b782-2abcfc739208,2002,Russia,Forward,21.0
6a5b38d7-7943-5728-86f1-7ff88d4816c8,2018,Panama,Midfielder,27.0
0c2e84a6-97a0-5cc3-8193-7bfe13b2625e,2006,Ghana,Forward,24.0
2d28a09c-a8f7-5662-a19e-4e532b637754,2006,Mexico,Defender,24.0
3c1b3306-2b23-5d88-830d-c649f293029e,1998,Argentina,Defender,23.0
d17ce66c-55a8-5159-8df6-278405124f9b,2022,Mexico,Forward,26.0
4f0f1874-597c-56a9-9a68-6beb19fe0aff,1970,El Salvador,Goalkeeper,24.0
f8094a4a-fc3d-5325-9bfa-700f70ae6f91,1994,Bolivia,Midfielder,30.0
1ab9b6dc-5e87-5c5a-b5da-e351b4e0f574,1930,France,Forward,22.0
a75b9b6c-5a1c-5eb2-a527-f9ed8cd50d44,1954,Brazil,Forward,30.0
066762e7-43d9-5773-9ec0-21ba42709526,1954,Brazil,Midfielder,22.0
fa5ab912-1798-5fb3-b556-5089fbb5f99f,1950,Uruguay,Midfielder,24.0
01dbac62-b0af-5255-b00b-77189b808909,2014,Chile,Forward,30.0
96cf2cc6-a08b-5159-8b80-c66eebda44e3,2022,Spain,Forward,20.0
666e60bd-8752-5945-8964-0752dab0ff2c,1966,Portugal,Midfielder,24.0
7a1732f5-1244-557e-a16b-d42016fda549,1986,Portugal,Defender,25.0
0de529ef-e0cf-5914-8c45-9022dbf78033,2002,Portugal,Forward,31.0
a1fffead-326e-51e8-8651-438a48337d27,2010,Chile,Goalkeeper,27.0
1855bf57-81a6-5d46-bbf0-90741c5c7f0a,1990,Uruguay,Defender,26.0
1cfe9658-e0d2-5dd4-8d8e-bbdbd48cbf99,1978,Hungary,Midfielder,28.0
eb219028-4097-5f19-ba16-76ef34f3ee6b,1938,Italy,Forward,25.0
31d93844-1c2e-5199-8375-515703db401a,1970,Belgium,Goalkeeper,23.0
38aa7908-8edf-51e0-b69d-d2184a8b7e76,1974,Haiti,Goalkeeper,25.0
3b387961-00d6-590c-aac3-ffb25c02d5e7,2018,Spain,Defender,31.0
3b387961-00d6-590c-aac3-ffb25c02d5e7,2014,Spain,Defender,27.0
3b387961-00d6-590c-aac3-ffb25c02d5e7,2010,Spain,Defender,23.0
11593f7b-e5df-56b0-b539-0a7ce36156fa,1998,France,Midfielder,25.0
b6a2eabc-3f5f-5870-955a-ced5e5ead154,1978,Austria,Forward,32.0
96b607d4-70fb-5ef6-8c5b-46a1e28ccc7e,2014,Italy,Midfielder,35.0
96b607d4-70fb-5ef6-8c5b-46a1e28ccc7e,2010,Italy,Midfielder,31.0
96b607d4-70fb-5ef6-8c5b-46a1e28ccc7e,2006,Italy,Midfielder,27.0
93ed8497-ddbc-5455-b42f-f22785da69fb,1966,Spain,Defender,21.0
93ed8497-ddbc-5455-b42f-f22785da69fb,1978,Spain,Defender,33.0
2e31b7c9-13aa-5042-b893-ec5998f34de9,2018,Poland,Defender,33.0
837478ea-408f-53c6-a2ea-918f1ad2d55f,1966,France,Defender,26.0
98229d36-c8b2-55b9-a2a1-c347f93f5c8d,2018,Croatia,Defender,29.0
09bb9d6e-41d9-595b-8999-9e3f2257f637,1970,Czechoslovakia,Defender,23.0
f354d2d3-0b8f-5a65-9264-0573567a75a1,1954,Italy,Forward,21.0
ab24d186-60a6-56e3-b6d0-3195c0c387e2,1966,Italy,Goalkeeper,27.0
86e8dcf4-bc47-51d3-9be2-779f56ab358c,1998,Spain,Forward,30.0
313b82e9-afd9-5c32-8367-783e316d593b,1934,Italy,Midfielder,25.0
0eec153a-e7b4-572e-89db-a64465b2fb21,2022,Poland,Forward,27.0
bbea8963-9a2b-5e75-ad1d-446018698088,1938,Poland,Forward,25.0
38d39c49-9860-5499-82c3-60d6d557f8a1,2018,Croatia,Forward,23.0
661a2ed3-0bac-52df-bd2d-30fa24efb50c,2014,Bosnia and Herzegovina,Midfielder,24.0
d896c99d-37a2-59f5-9ad7-788374b7ffe2,2002,Argentina,Defender,25.0
97465ddd-c7fb-5548-8a54-f264c2c56328,2010,France,Defender,28.0
a62c4cd8-f7d4-55ad-b4fc-b12a10e95713,2022,Ecuador,Midfielder,22.0
7856fff6-4d43-59fa-9fdb-937799e6e514,1978,France,Midfielder,23.0
7856fff6-4d43-59fa-9fdb-937799e6e514,1986,France,Midfielder,31.0
7856fff6-4d43-59fa-9fdb-937799e6e514,1982,France,Midfielder,27.0
c57771e0-f11f-500a-bcfd-2575d163b59e,1990,England,Midfielder,24.0
8bd9767f-a5c4-5bb8-a6fb-045f02ec9d6f,1986,Northern Ireland,Goalkeeper,34.0
8bd9767f-a5c4-5bb8-a6fb-045f02ec9d6f,1982,Northern Ireland,Goalkeeper,30.0
69cf84a8-5b0e-5f8a-b35f-a31db690322c,2018,Germany,Defender,26.0
be4aff4d-9895-592e-bd41-9b199a350f48,1934,Austria,Goalkeeper,24.0
694f6284-a3a6-5193-83ee-9790a5d8a314,2006,Czech Republic,Midfielder,24.0
5c954a09-7d38-54a0-8fdf-eaed89e48750,1938,Netherlands,Defender,25.0
ed691bcf-bd58-53ef-818e-d3573d2eb517,1982,Belgium,Defender,23.0
26be7c79-5a04-5591-ab62-9ed7995e8946,2014,Croatia,Goalkeeper,35.0
26be7c79-5a04-5591-ab62-9ed7995e8946,2002,Croatia,Goalkeeper,23.0
26be7c79-5a04-5591-ab62-9ed7995e8946,2006,Croatia,Goalkeeper,27.0
8481b095-60c8-5f02-bb89-0a28bf45fae6,1990,Belgium,Defender,25.0
225783c3-9302-5af3-9ae0-d9e0e8b9ac87,1954,Czechoslovakia,Defender,24.0
225783c3-9302-5af3-9ae0-d9e0e8b9ac87,1958,Czechoslovakia,Defender,28.0
225783c3-9302-5af3-9ae0-d9e0e8b9ac87,1962,Czechoslovakia,Defender,32.0
f8ff56ae-12f5-51f7-a7d7-f9516e52c939,1938,Czechoslovakia,Goalkeeper,34.0
f8ff56ae-12f5-51f7-a7d7-f9516e52c939,1934,Czechoslovakia,Goalkeeper,30.0
c151518d-79a0-5089-b12e-e492e4b38ccf,2006,Czech Republic,Midfielder,34.0
eac82a43-b8e2-5c80-9cc4-9999f9a16ae4,2002,Argentina,Defender,30.0
ce444862-4674-5231-9c5d-9d50f1656d76,2014,Germany,Midfielder,29.0
ce444862-4674-5231-9c5d-9d50f1656d76,2010,Germany,Midfielder,25.0
ce444862-4674-5231-9c5d-9d50f1656d76,2006,Germany,Midfielder,21.0
472eb89d-43ea-5f7a-8665-f6352ad12b09,2018,France,Midfielder,25.0
472eb89d-43ea-5f7a-8665-f6352ad12b09,2014,France,Midfielder,21.0
2ddebc9d-2c2c-50e0-965d-94de556589b4,1930,Chile,Defender,33.0
324537e1-4e69-5867-9cba-5e79f8b103d4,1970,Italy,Defender,27.0
c85ea55d-2fe4-58f2-a935-2c0c6c2cd607,2002,Brazil,Defender,23.0
49b14160-63e0-5971-a0c9-bd2ae4c54040,1938,Hungary,Defender,26.0
49b14160-63e0-5971-a0c9-bd2ae4c54040,1934,Hungary,Defender,22.0
edf8a00a-cb87-51da-92e5-98f10ab5a473,1970,Belgium,Midfielder,27.0
13ae5acd-93b6-5148-a6b9-ecba14f5ae49,1970,Czechoslovakia,Midfielder,23.0
df6a33b9-c75d-560c-bcd9-4b074474c7bd,2018,Peru,Midfielder,24.0
97cf9fe6-7acb-5e1c-8497-fcc2f346a67d,1978,Brazil,Defender,23.0
6b744887-e4b4-5403-9ea3-a5222d5b821d,1990,Austria,Forward,26.0
6b744887-e4b4-5403-9ea3-a5222d5b821d,1998,Austria,Forward,34.0
de08b5f6-72ad-58c8-b93e-0683cee4fdd2,1930,Brazil,Forward,21.0
6ad8ecc8-32a9-5211-80fc-490b3c3c940d,2006,Czech Republic,Midfielder,25.0
6dd5385d-0a5d-52bc-ba3a-16aefeeaf9f6,1974,East Germany,Midfielder,21.0
2dd60690-91c0-52e4-9e75-202f3e54b447,2014,Mexico,Defender,25.0
060addfb-e4f0-507a-a95a-ba7421990cc1,2010,Chile,Defender,28.0
cb4f5805-63b3-5dc1-b44c-9a053d8566ea,1962,Soviet Union,Forward,25.0
50d3df3d-052d-5cb3-b011-b8ed58dca4fe,1966,Soviet Union,Defender,26.0
7a533127-237e-50e0-b752-76b2921024a1,2014,Iran,Defender,27.0
f3c75ae2-8107-5473-918c-d7fa7279931c,1978,Netherlands,Defender,23.0
e46d445f-03cb-5527-a8db-b57f1b56e641,2002,United States,Defender,29.0
e46d445f-03cb-5527-a8db-b57f1b56e641,2006,United States,Defender,33.0
e46d445f-03cb-5527-a8db-b57f1b56e641,1998,United States,Defender,25.0
210e4df8-b7ca-5b71-a00b-c22e357fb6f7,2018,England,Goalkeeper,26.0
210e4df8-b7ca-5b71-a00b-c22e357fb6f7,2022,England,Goalkeeper,30.0
b896940f-91a2-549c-bdec-ca36468c7e6b,1990,Romania,Defender,30.0
c4c10ff5-c214-55eb-a029-457be332101f,1998,Romania,Midfielder,25.0
61645de0-f013-51e2-ab11-0f02e0e5fca5,1994,Romania,Defender,27.0
61645de0-f013-51e2-ab11-0f02e0e5fca5,1990,Romania,Defender,23.0
61645de0-f013-51e2-ab11-0f02e0e5fca5,1998,Romania,Defender,31.0
48afe54b-d244-5881-bf95-cbd40ea54510,1974,Yugoslavia,Forward,27.0
92fa65e3-c967-5005-802d-b0cc4ae38e6e,1958,Czechoslovakia,Defender,23.0
92fa65e3-c967-5005-802d-b0cc4ae38e6e,1962,Czechoslovakia,Defender,27.0
08b18095-8775-5dbd-a593-9ba945ab4f0f,1994,Russia,Midfielder,27.0
ea5923ac-c69f-5594-87f4-3d359991279d,1970,Bulgaria,Forward,26.0
c0e61b97-86e8-52f1-b0c7-7ee6f0f2af75,2006,Australia,Defender,33.0
1e3ffa1e-bdee-5348-b494-f1d387b86024,1958,Yugoslavia,Defender,23.0
1e3ffa1e-bdee-5348-b494-f1d387b86024,1962,Yugoslavia,Defender,27.0
e0143a1d-3ace-5d4c-9dad-0559f2c176d0,1966,Soviet Union,Forward,22.0
e0143a1d-3ace-5d4c-9dad-0559f2c176d0,1970,Soviet Union,Forward,26.0
f8119d05-c711-53c7-a79c-de668b7ed962,2002,Ecuador,Defender,28.0
6b095f44-a4d6-5b3d-b274-f91f8049ab72,2022,Ecuador,Defender,22.0
5349ac62-3f91-5987-a64e-74c212a585a0,2006,Costa Rica,Goalkeeper,36.0
2501eb17-a9c2-5a9c-9e93-050a6d0430ef,1970,El Salvador,Forward,23.0
e36ffe51-bda8-5007-9d33-28f5f282499b,1958,Mexico,Defender,24.0
cf8d6e9e-3753-5201-b85f-8ad5911e7dad,1954,West Germany,Defender,27.0
5853383c-1026-59a9-bbb2-aaa9130ac884,1962,Czechoslovakia,Forward,26.0
48994a4f-1e50-5592-b286-30826c06fb87,2014,Portugal,Forward,32.0
48994a4f-1e50-5592-b286-30826c06fb87,2006,Portugal,Forward,24.0
190864a2-8adc-5d9d-993f-4eaf666e92f1,1962,Switzerland,Forward,24.0
860d5e47-3bdd-5c12-a17a-73033de5bd1c,2010,Denmark,Midfielder,30.0
860d5e47-3bdd-5c12-a17a-73033de5bd1c,2002,Denmark,Midfielder,22.0
850e69ae-818f-5a81-bd80-61e98015a59c,2010,Denmark,Midfielder,27.0
2c3cba46-e1a7-5f1c-9e33-ce3471ee8e2c,2010,Denmark,Defender,26.0
f562b6a4-c762-5285-99f2-ce2617aedde4,2018,Denmark,Forward,24.0
f562b6a4-c762-5285-99f2-ce2617aedde4,2022,Denmark,Forward,28.0
7ab2ce09-71d9-5b4a-b26a-45c0bdb23bf1,2018,Iran,Defender,26.0
7ab2ce09-71d9-5b4a-b26a-45c0bdb23bf1,2022,Iran,Defender,30.0
a5e75778-71ac-57e4-8375-ceb00fde1dc3,1938,France,Defender,24.0
237f5321-5a23-5217-ae9d-94282f65ca91,1998,Jamaica,Midfielder,27.0
e4e85f1a-cf71-5096-9c04-d3256f5588b4,1974,Argentina,Forward,29.0
1e1c347c-d715-54ae-99b3-77de444ccebb,2010,Argentina,Goalkeeper,32.0
8a29d88f-9089-5d9c-8ee1-d8ae04464ff2,1958,Argentina,Forward,29.0
bbb26666-584c-5b85-b1d6-3aeacb37687f,2014,Croatia,Defender,33.0
1c2d3ec8-2ee3-5a63-8422-d2a53e4b84d9,1938,Romania,Forward,22.0
c7e29b03-4aed-57d0-a303-4945daa58c1e,1970,Italy,Forward,24.0
1cc7bc5e-d8a3-5cad-8e09-20508c709c30,2022,Ecuador,Midfielder,28.0
509e86f1-a2be-5c16-8533-3e45e6e7dfd1,1998,Colombia,Forward,21.0
1063e285-eac6-506b-8fd6-fce080043ab8,2022,Ecuador,Defender,24.0
f527ae67-3b4d-5042-bfd0-e6bf64c633c0,1994,Romania,Goalkeeper,24.0
c95b88b5-df1b-5637-9537-85a163dea0ab,1982,Austria,Defender,27.0
b7f6844b-a75a-5215-b59d-45d40caca913,1930,Brazil,Forward,25.0
941ff295-53c1-55f5-9374-0ac4c7fa5de3,1994,Belgium,Goalkeeper,35.0
941ff295-53c1-55f5-9374-0ac4c7fa5de3,1990,Belgium,Goalkeeper,31.0
b8313435-44e6-5f78-807f-d2702278ba9a,1950,Chile,Forward,22.0
28705a92-935b-59d1-9844-bc8f9a62bb70,1966,Chile,Midfielder,23.0
c6e49430-aa1d-54b9-93c8-a47290e14d1a,1950,Mexico,Forward,31.0
07ff869f-8728-5052-82d0-ab6d85054788,2018,Serbia,Forward,28.0
ca73482b-5270-5cf1-ae12-4d4e68b6c61b,1970,Israel,Midfielder,24.0
201d89c9-cb90-5178-af72-5a4bc9efb41a,2010,Greece,Midfielder,31.0
b659905b-a0ed-51bd-bb9f-6b97adfa5a8a,1954,Austria,Midfielder,27.0
3a181c91-95dc-51a3-8045-546a6037403b,1954,Czechoslovakia,Midfielder,26.0
f9c211ba-9bbc-5351-a6b6-d683598741da,1994,Romania,Defender,22.0
210ad1e8-f4f2-5651-83cb-6669607bacd9,1978,Austria,Midfielder,23.0
210ad1e8-f4f2-5651-83cb-6669607bacd9,1982,Austria,Midfielder,27.0
392b0ab0-d52e-527e-878a-f028d2823b0d,2002,Croatia,Midfielder,33.0
392b0ab0-d52e-527e-878a-f028d2823b0d,1998,Croatia,Midfielder,29.0
9e01eb0f-2745-5595-9caf-8a179645cb66,1990,Yugoslavia,Midfielder,21.0
16aeae7d-cec5-50fc-bac9-ed461dbc183c,1966,Switzerland,Goalkeeper,21.0
6e4ee7c9-d72b-5ab8-b905-54ece09e61cb,1990,Soviet Union,Forward,26.0
6e4ee7c9-d72b-5ab8-b905-54ece09e61cb,1986,Soviet Union,Forward,22.0
698b146c-5026-5130-b805-e427a1df36e7,1982,Scotland,Forward,26.0
a8b4b793-9db9-599f-9708-eb564fbe7bfe,1994,Romania,Goalkeeper,26.0
a8b4b793-9db9-599f-9708-eb564fbe7bfe,1998,Romania,Goalkeeper,30.0
1b15b7ee-1f24-5345-af0d-021b781223e9,1986,Poland,Defender,26.0
7475248a-8cd2-5a8c-bda7-7fed7fdc59a8,2006,Croatia,Forward,32.0
edd2e135-9e1b-59be-84a9-7f0300e1ed92,1950,Spain,Midfielder,25.0
c8083482-17a3-5e40-888f-9744139c1f00,1982,Yugoslavia,Goalkeeper,21.0
f1251d0c-d4eb-547c-9b16-2dd1de07de9d,1970,Italy,Defender,32.0
d8d7f52a-dcd8-5dea-816c-0d7b3a9b472f,1970,Belgium,Forward,27.0
ae82da20-684b-5389-958b-0fd6b6dd80c7,2002,South Africa,Midfielder,22.0
77b8b440-63ef-594c-b00b-1e38956dd1b7,1978,Italy,Forward,28.0
77b8b440-63ef-594c-b00b-1e38956dd1b7,1974,Italy,Forward,24.0
d553b7df-aa7f-5431-85d6-d7c7efc4580e,2014,Mexico,Forward,23.0
6c429b3d-be6f-5f3a-b662-66561d8a02d9,1970,Mexico,Midfielder,28.0
db6eb0c7-9b30-5511-9ca6-bb27b6ebdc40,2022,United States,Forward,24.0
cd2dfc3c-4ccc-563c-84ea-c2d949d7f218,1990,Argentina,Goalkeeper,33.0
cd2dfc3c-4ccc-563c-84ea-c2d949d7f218,1986,Argentina,Goalkeeper,29.0
cd2dfc3c-4ccc-563c-84ea-c2d949d7f218,1982,Argentina,Goalkeeper,25.0
9e4c83b5-23ce-5e5e-941e-3e774192009e,1938,Netherlands,Forward,29.0
528b7f6b-0c7b-59e9-9307-9a08a765a0ea,1958,Austria,Midfielder,24.0
2ef77552-27cf-5b34-a9de-fa114011f2e1,1954,Hungary,Forward,27.0
811d7871-d7bd-5d61-873b-608f9215c0fb,1962,Spain,Forward,35.0
b548557d-80ef-5110-ba4a-ee981f190c36,1966,Hungary,Forward,22.0
d6a3d058-b137-5470-9d04-3a5a9f8171be,1978,Hungary,Forward,32.0
00afa057-8902-5d4f-9d88-a4c997ee1192,1934,Belgium,Midfielder,20.0
d9566744-c856-5a41-9c57-250567199b04,2010,Spain,Defender,32.0
d9566744-c856-5a41-9c57-250567199b04,2002,Spain,Defender,24.0
d9566744-c856-5a41-9c57-250567199b04,2006,Spain,Defender,28.0
06eec4b5-a89b-5608-bc98-7119dc581a5a,1970,Soviet Union,Forward,29.0
ccb08543-61d7-5e0e-ad21-0bb3c47cc138,1938,Czechoslovakia,Forward,31.0
ccb08543-61d7-5e0e-ad21-0bb3c47cc138,1934,Czechoslovakia,Forward,27.0
f8e1721d-b826-536f-9aac-616db52a40b1,1994,Russia,Midfielder,27.0
fa3ce409-ad35-5cdc-9384-847b7b54117f,2006,Ukraine,Goalkeeper,22.0
c9b0a765-cbe1-51b9-8c7f-5ca6d22e8d63,1974,Chile,Midfielder,29.0
15c97573-e823-522e-a34e-8838b809fd22,1962,Argentina,Defender,25.0
18c13743-7d38-554a-8d0d-d9efce40c645,1938,Hungary,Goalkeeper,26.0
624d02ca-5058-5123-b464-666be0726cda,1970,Sweden,Midfielder,25.0
1a37f9f5-c053-5566-9d44-bcc1dde96673,1958,Argentina,Defender,29.0
a951e418-d59e-554e-a31a-77d19103722c,2018,Panama,Forward,37.0
45921f69-f544-5663-8bef-c1420f92abc2,2014,Uruguay,Midfielder,34.0
45921f69-f544-5663-8bef-c1420f92abc2,2010,Uruguay,Midfielder,30.0
d18fd755-8e57-53c7-b8d0-7724b909f04d,1966,Uruguay,Forward,30.0
d18fd755-8e57-53c7-b8d0-7724b909f04d,1962,Uruguay,Forward,26.0
a19ce423-aa80-5f12-954f-a973417e204c,2018,Argentina,Midfielder,32.0
a19ce423-aa80-5f12-954f-a973417e204c,2014,Argentina,Midfielder,28.0
b082a9f7-89bf-5690-b12f-8788ec794115,1934,Argentina,Forward,
fe89a010-c7af-5bad-b35a-6acff27892ec,1994,United States,Midfielder,31.0
a1dd2627-cf63-5b37-93cd-b732b3bb1257,1994,Argentina,Midfielder,26.0
a2faff8d-76f2-523c-90bc-2bd15fca87d4,1962,Colombia,Forward,28.0
1a7653df-e580-5fa8-84bb-6cb4bf52df83,1998,Colombia,Midfielder,28.0
27ec5403-4014-584c-b2f4-5dca96011842,1990,Colombia,Defender,27.0
3b28866b-c7fa-5280-a6cb-b45e27b097f7,1954,Uruguay,Forward,28.0
3b28866b-c7fa-5280-a6cb-b45e27b097f7,1950,Uruguay,Forward,24.0
5f51ceef-1cc7-5204-943c-dd5ec8e8cb03,1930,Mexico,Forward,23.0
c035c765-37b9-5cbf-8dd0-286cef8094a1,2006,Mexico,Midfielder,25.0
f1f33cf8-218a-51f3-9fac-242bcb7c002f,1950,Mexico,Midfielder,23.0
3f88b9a6-6b03-58c3-afc2-c79f266cb9de,1970,Mexico,Defender,24.0
8d222d24-d616-5e59-a89c-143430bca72e,1994,Colombia,Defender,27.0
fdbad6d0-9334-5478-9917-cbacc3122103,2010,Mexico,Goalkeeper,37.0
fdbad6d0-9334-5478-9917-cbacc3122103,2002,Mexico,Goalkeeper,29.0
fdbad6d0-9334-5478-9917-cbacc3122103,1998,Mexico,Goalkeeper,25.0
1d8599b0-cef0-5e53-93b9-15fa0f8d3ec7,1986,Hungary,Defender,28.0
cb6eada1-1090-5318-8896-f9bb3ce049b9,1930,Uruguay,Midfielder,25.0
80679f03-456d-50a7-bc8c-970b1541071e,1982,Hungary,Forward,22.0
45c4a732-222d-5c00-adce-3db82c888f84,1934,Romania,Goalkeeper,27.0
d97fb382-fbc3-525e-af22-d98079522588,1986,Iraq,Defender,23.0
109249a3-8aad-549f-8b6b-1cfd73500c67,2002,China,Midfielder,26.0
6ee2c8dc-48b5-5f8e-9a73-717090f3bc86,2002,China,Forward,21.0
adf63e9c-db24-5031-99c3-72587023b09e,2010,Italy,Forward,27.0
b7e9567e-8da6-5761-be5f-357d1550ab2b,2018,Portugal,Forward,35.0
230ac21d-2221-5619-b968-cd4fe251c2c6,2006,Ghana,Defender,26.0
598d5cc9-caf9-5362-9141-5542838da13d,1966,Switzerland,Forward,23.0
59051660-5073-5199-80d7-fd5e985b150a,1994,Switzerland,Defender,24.0
a318e91f-d818-5234-8593-4b960658d4ac,1978,Peru,Midfielder,29.0
65a39b46-95f8-5073-945f-5170fec000a7,1990,Costa Rica,Defender,24.0
ec7779f8-093a-5869-86f7-8ac6782ff71a,2006,Portugal,Goalkeeper,31.0
72fb3fc2-047b-57f7-b4c8-bfee0d4203f0,1950,Switzerland,Midfielder,28.0
213f2958-c6a7-5df6-a9b3-cd2e86332df6,1934,Spain,Defender,29.0
cfe85274-1013-56b0-9104-a289eb29707e,1978,Spain,Forward,29.0
cfe85274-1013-56b0-9104-a289eb29707e,1982,Spain,Forward,33.0
b698c346-6852-51e6-8c2a-303af962b5e2,1986,Northern Ireland,Forward,27.0
22826225-649e-53f6-8d28-3a1065aed487,1990,Republic of Ireland,Forward,24.0
22826225-649e-53f6-8d28-3a1065aed487,2002,Republic of Ireland,Forward,36.0
2370831d-f92a-597f-b36a-157b540d1bf8,1930,Peru,Midfielder,26.0
3fae33f5-2035-50bd-8448-dec78e042b86,1970,El Salvador,Midfielder,23.0
eaca42db-ff9d-501a-b8d9-433a53de7255,1974,Chile,Defender,28.0
d800f964-710d-59f4-a331-615e6e62c64a,2018,Colombia,Midfielder,25.0
d800f964-710d-59f4-a331-615e6e62c64a,2014,Colombia,Midfielder,21.0
15f473a0-b0ed-5d49-aae0-4dfb71161874,1994,Bolivia,Defender,29.0
df212ce7-3da7-52c6-b256-44e10abcab30,1986,Mexico,Defender,30.0
9eab861c-41db-5de6-b6dc-de6f15ef018f,1978,Peru,Goalkeeper,28.0
9eab861c-41db-5de6-b6dc-de6f15ef018f,1982,Peru,Goalkeeper,32.0
806632bc-cad7-5c9b-bbbf-bb6564b6559f,1950,Chile,Goalkeeper,26.0
1f110d53-a9c2-5ec0-9e9d-a544f56cf6f7,1954,England,Midfielder,21.0
434a9a80-dde8-5b8c-8562-997263a8105f,1986,Denmark,Goalkeeper,36.0
5b3f1f46-532e-515b-822e-765d5264091f,1978,Hungary,Defender,23.0
5b3f1f46-532e-515b-822e-765d5264091f,1982,Hungary,Defender,27.0
8a545e9e-09e1-5885-871b-7cf039d111ea,2022,France,Midfielder,27.0
657f8945-9b6a-5fe3-a2f4-ad8089926d71,2014,Ghana,Midfielder,25.0
ff27d4ce-8323-53f1-8a79-83abd0a651bd,1974,Haiti,Defender,23.0
0d60d35e-9e3d-5644-85fd-ad744e982615,1962,Colombia,Forward,25.0
47bf77f0-68d6-544d-9854-22be5213077c,1962,Yugoslavia,Midfielder,25.0
2550babb-060e-523e-b15a-95f573a5888f,1994,Russia,Forward,24.0
da4b3f8d-3cbb-5c92-a9be-ead6806632de,2002,South Africa,Defender,33.0
da4b3f8d-3cbb-5c92-a9be-ead6806632de,1998,South Africa,Defender,29.0
bf57bdd9-1941-511d-9463-1e621357e05e,1986,Iraq,Forward,22.0
b10412a6-e9e9-5124-8cb9-65f3b9ec35c2,1962,Italy,Midfielder,27.0
e50db3c5-c331-5967-b0f8-0b31f712130a,1982,Czechoslovakia,Defender,32.0
836a4396-3968-5bec-b239-8bc8cd12264b,2006,Poland,Midfielder,29.0
a868635f-0b0b-50a6-af77-7fcf56ffe1f8,2018,Serbia,Forward,22.0
a868635f-0b0b-50a6-af77-7fcf56ffe1f8,2022,Serbia,Forward,26.0
05de67d6-9b8b-5212-a12f-ab07fb23d80a,2010,Slovenia,Midfielder,31.0
307a10be-669f-5c68-a842-d87027286ba4,1998,United States,Midfielder,35.0
8fb92685-f4de-5115-9e1a-b58c51c08968,1958,Yugoslavia,Defender,25.0
b478cf90-39b0-5854-9d08-e6bb1ebc3b9e,1950,Yugoslavia,Midfielder,32.0
32019877-58e3-556d-a23e-44bb1b751919,1934,Egypt,Midfielder,26.0
64b7362c-8d01-520a-871d-42a5a891afb3,1930,Romania,Midfielder,25.0
64b7362c-8d01-520a-871d-42a5a891afb3,1938,Romania,Midfielder,33.0
2093a957-61ac-5a27-8dd1-d3d3168f3623,1938,Germany,Goalkeeper,27.0
90257136-5b3d-50a6-ad4a-e8a031008900,1934,Austria,Goalkeeper,23.0
1d1b5e52-bcb7-578d-8fba-4cc5a5a89589,1986,Canada,Midfielder,27.0
566822ca-f061-5fe4-8ed2-e32ecfd1891a,1982,El Salvador,Forward,26.0
6072d539-8940-508c-b241-bba7f79605d3,1934,Egypt,Midfielder,25.0
7fc97709-28ea-583b-8ca7-b6751c02623e,2022,Ghana,Defender,28.0
112860a4-e451-5a4c-899b-f8384dfb6501,2014,Iran,Midfielder,23.0
36594778-f2f8-5d20-99b1-2d245483f4ac,1954,West Germany,Forward,25.0
36594778-f2f8-5d20-99b1-2d245483f4ac,1958,West Germany,Forward,29.0
be21b9f1-322d-549a-805c-5973ed79e645,1986,West Germany,Midfielder,24.0
0495a63a-d402-52f1-be8a-1a4724aa03e5,1958,Yugoslavia,Midfielder,31.0
e10fb996-06af-574a-ba28-c38d0fb13f0f,2018,Serbia,Goalkeeper,23.0
e10fb996-06af-574a-ba28-c38d0fb13f0f,2022,Serbia,Goalkeeper,27.0
743090e8-ff45-54aa-b8c5-e84df1660837,1962,Bulgaria,Defender,30.0
2ccc7412-cf23-5d6e-8ec0-e7349fa3793e,2018,Croatia,Midfielder,30.0
2ccc7412-cf23-5d6e-8ec0-e7349fa3793e,2014,Croatia,Midfielder,26.0
15de9506-5f49-53d9-a2f5-6344c556435a,1950,Spain,Goalkeeper,26.0
5dd3a1c6-aefe-535c-bfe5-2d20436b26c3,1994,Bolivia,Forward,31.0
65e12337-e3ed-5e41-a63c-e4179035181e,2002,Germany,Midfielder,28.0
409bf858-7cc2-55b6-acff-bcbb78ac764c,2018,France,Defender,33.0
5fa8403c-a7c0-5b50-9dfa-8134c3589e9d,2014,Brazil,Midfielder,27.0
5fa8403c-a7c0-5b50-9dfa-8134c3589e9d,2010,Brazil,Midfielder,23.0
a59ae26f-a375-5c1e-a2bf-3650bd5e9e58,2014,Colombia,Forward,28.0
541a3f2d-a468-5592-afd5-0d61d2ac9531,2018,Peru,Defender,30.0
39bade83-352d-5248-99d4-7beb523ad64d,1978,Mexico,Defender,29.0
6f21dc82-a68c-550d-8243-ec6c8f3ddad6,2022,Portugal,Forward,21.0
a27aaa0d-b02b-57cc-9898-6c91f268d890,1966,Uruguay,Defender,27.0
124f88ca-6b54-506e-aceb-8d6063dd52ca,1994,Bolivia,Midfielder,25.0
9e34ea37-faac-5f4a-b1f5-719819802dfe,1954,Brazil,Defender,24.0
9e34ea37-faac-5f4a-b1f5-719819802dfe,1958,Brazil,Defender,28.0
9e34ea37-faac-5f4a-b1f5-719819802dfe,1962,Brazil,Defender,32.0
0ab23302-5b5d-53dc-882d-b04c2ff269c8,2018,Spain,Defender,32.0
0ab23302-5b5d-53dc-882d-b04c2ff269c8,2014,Spain,Defender,28.0
0ab23302-5b5d-53dc-882d-b04c2ff269c8,2010,Spain,Defender,24.0
0ab23302-5b5d-53dc-882d-b04c2ff269c8,2006,Spain,Defender,20.0
8f8667b1-e67f-5e2b-9d84-a105e68766f7,1994,United States,Midfielder,28.0
8f8667b1-e67f-5e2b-9d84-a105e68766f7,1990,United States,Midfielder,24.0
8f8667b1-e67f-5e2b-9d84-a105e68766f7,1998,United States,Midfielder,32.0
3802ab77-64a6-5bd0-afc5-a4dac92d1e8e,1986,Uruguay,Forward,27.0
028b3cf5-25d6-59c2-bcc3-7bcb4e09c0e3,2022,England,Goalkeeper,24.0
1b26f6d8-ed19-5b3e-8798-dee252efbffc,2022,Wales,Midfielder,32.0
08e572c5-7282-555a-a0dd-5490d11c3e89,1950,England,Defender,30.0
4664c5aa-b245-5575-b5d8-6f9e1aeaaed1,1986,Northern Ireland,Midfielder,24.0
3330518f-662c-50f6-9d21-dfe97b76ef15,1990,Egypt,Defender,25.0
98faf8b5-8e0b-5de1-ac40-b1814c752405,1990,Egypt,Defender,21.0
843a69dc-92bc-5af5-b970-223aa73e7d01,2002,France,Goalkeeper,30.0
6c698f5c-d9ca-5f01-bba3-c1af1e5987b2,1998,Paraguay,Forward,21.0
3b7da666-8397-5f6d-85c2-96107b2e2d5b,2014,Uruguay,Midfielder,24.0
1faad416-3c7b-5569-aadd-9659083cabed,1966,Chile,Midfielder,35.0
1faad416-3c7b-5569-aadd-9659083cabed,1962,Chile,Midfielder,31.0
3a0df408-051a-5a4e-9427-d25eb2407dbc,1998,Chile,Goalkeeper,33.0
6c57327a-3617-5cd8-b7b6-a6eba045405f,1998,Chile,Defender,28.0
519b9323-8e16-5508-9c8f-7ad3912fed04,2022,Ecuador,Goalkeeper,22.0
3a449fbb-b93c-5a1b-b531-46269702e095,1966,Chile,Forward,23.0
6b6e4343-a9f6-58a3-bca9-f7c44d98adbe,1990,Costa Rica,Midfielder,26.0
c26cfd53-076a-5ae3-8a66-c6c65be1fa2e,1970,Peru,Forward,23.0
d56a5a1d-5e75-588d-a148-ea832881e683,1994,Mexico,Midfielder,25.0
d56a5a1d-5e75-588d-a148-ea832881e683,1998,Mexico,Midfielder,29.0
d6654925-b156-5ecb-82fa-3f8093cc1ebb,1982,El Salvador,Forward,28.0
0ac59566-87fa-54dc-a69f-9986e5df7def,1978,Mexico,Forward,21.0
d255778c-adde-5e1f-9d32-ef542a3d98b1,2002,Croatia,Midfielder,29.0
35345b3c-6d75-5ee4-98bf-5fc2379a7157,2022,Brazil,Forward,26.0
6c10decc-597e-57cf-bc03-e3c39b90a453,1934,United States,Defender,
7eeebf3a-e8be-5267-8609-8489ff0c7010,2018,England,Forward,21.0
7eeebf3a-e8be-5267-8609-8489ff0c7010,2022,England,Forward,25.0
708f251b-a450-50b9-a00c-f2ba317d5827,2006,Poland,Forward,27.0
87015697-2b17-55e4-b54a-f42e125bd810,1986,Denmark,Goalkeeper,25.0
ded998fc-45de-5462-888c-0ee629117d4b,1990,Soviet Union,Midfielder,29.0
ded998fc-45de-5462-888c-0ee629117d4b,1986,Soviet Union,Midfielder,25.0
d9cfe2c9-c853-56c8-9af6-f6fbe8fbc2ae,1966,Argentina,Midfielder,29.0
d9cfe2c9-c853-56c8-9af6-f6fbe8fbc2ae,1962,Argentina,Midfielder,25.0
c99c8a3b-b1b7-5745-ae04-6954fbff8fb9,1938,Switzerland,Midfielder,24.0
a581c28e-5dd9-50dc-853a-dbc6ebade514,2022,Germany,Defender,24.0
975a9aea-6c18-5a3c-bcfd-f0e660fb5b72,1938,Italy,Defender,22.0
0b79e979-f1b8-581d-b7c9-f89939df31b0,1994,Sweden,Goalkeeper,35.0
0b79e979-f1b8-581d-b7c9-f89939df31b0,1990,Sweden,Goalkeeper,31.0
cf35f6a6-2331-5ef6-b3b9-c88f79c41918,2022,Spain,Goalkeeper,27.0
66f00c3b-4f95-5e15-b80e-9819b142236d,1994,Brazil,Midfielder,29.0
e68bbebd-6ce8-5d08-823f-12968274ea01,2002,Spain,Forward,25.0
e68bbebd-6ce8-5d08-823f-12968274ea01,2006,Spain,Forward,29.0
e68bbebd-6ce8-5d08-823f-12968274ea01,1998,Spain,Forward,21.0
067e81c1-cecd-5279-a57c-418f1a789ae0,2022,Serbia,Midfielder,24.0
0039e726-ee0d-5131-9f7c-1bca5afcbc10,1974,Italy,Midfielder,26.0
f0551425-8c80-5b09-b5b4-b9a272fa658c,1958,Northern Ireland,Goalkeeper,24.0
85e02ca6-f26f-503f-923e-aef621e7b32f,2022,United States,Defender,35.0
f089216c-e7e9-55c9-847e-64f8a314d571,2022,Ecuador,Forward,23.0
cf5bb5a1-3299-5ad4-8a7b-bfcfa1bb03e2,2006,Ecuador,Defender,29.0
43b9b7a0-e601-581e-8d1f-34a395b1ea4b,2018,Croatia,Forward,25.0
43b9b7a0-e601-581e-8d1f-34a395b1ea4b,2014,Croatia,Forward,21.0
c4eb7fac-7e71-5086-96b8-8e0230e7ee77,2006,Ukraine,Forward,32.0
8fa22c30-28f4-5f85-a5af-2f44af150930,1982,El Salvador,Defender,32.0
f28faf0e-f4dd-561c-b969-aa4fb88cad69,1930,Uruguay,Defender,26.0
b06d221b-61bc-5664-bf42-d86c64cceea0,2002,Uruguay,Midfielder,26.0
477aeb10-659e-542c-bdc2-7950578c6da8,2022,Australia,Goalkeeper,33.0
577f96f7-2981-5816-adcc-0984b1469238,1990,Romania,Defender,28.0
a2cc8c9e-20e3-51bc-91fe-40c43c8307ff,1994,Argentina,Midfielder,25.0
089a6d08-e5f5-58c7-961b-9967537c3edb,1990,Colombia,Midfielder,27.0
f1678336-8e8b-5971-a380-0bb04af801fe,2002,United States,Defender,34.0
f1678336-8e8b-5971-a380-0bb04af801fe,1998,United States,Defender,30.0
6e265868-e547-5eee-b8c3-1dd711a92602,1934,Spain,Forward,26.0
39bbe217-d377-51b4-a5db-bdaa19981076,1966,Mexico,Midfielder,23.0
7c43a2d2-3be1-50c6-bc0d-9d6cc3a61d05,2002,Uruguay,Midfielder,24.0
e20e4a21-f383-55b7-a30b-dd982f655a3d,2002,Germany,Defender,30.0
fa2b6cf9-c82e-5e07-a6a4-48351cd2e494,1994,Sweden,Midfielder,28.0
1726cde4-853b-517e-9e79-2533a8aa6da0,1986,England,Midfielder,30.0
dfcd9843-f63f-5b17-a4de-7c55f452cde4,2002,Republic of Ireland,Midfielder,21.0
856d6df3-9364-5052-b73e-530d4e3e9492,2010,New Zealand,Defender,22.0
151761dd-c52d-55b6-8dd5-75eb3cabf0a3,1966,Spain,Defender,28.0
151761dd-c52d-55b6-8dd5-75eb3cabf0a3,1962,Spain,Defender,24.0
097e70e1-f403-5fae-a6b2-b030d3a100ac,1974,Australia,Goalkeeper,29.0
8f4f1a0c-b174-5be3-abc8-7cd12b7ec3ef,1954,Czechoslovakia,Goalkeeper,33.0
a9e3dd24-5e58-5f80-b673-e20629ec9961,1966,Spain,Goalkeeper,20.0
bfa3bf27-fd1c-5c3f-988f-8d49967aee17,2018,Spain,Goalkeeper,36.0
bfa3bf27-fd1c-5c3f-988f-8d49967aee17,2014,Spain,Goalkeeper,32.0
bfa3bf27-fd1c-5c3f-988f-8d49967aee17,2010,Spain,Goalkeeper,28.0
bfa3bf27-fd1c-5c3f-988f-8d49967aee17,2006,Spain,Goalkeeper,24.0
2958ccb6-55dd-56e6-aff6-484d6ab4abe4,1978,Brazil,Forward,21.0
bca57d6a-d0f3-5379-9306-e3c13f04974d,1982,West Germany,Forward,27.0
c454d15e-81b3-54f5-b2dd-bbe68b9c3db5,1998,Austria,Forward,29.0
f45d7344-5db9-5c08-9a90-dd7e6b76be6b,1974,Chile,Midfielder,29.0
8d1b767c-75ff-556b-800b-f2d8ba4337b1,1990,Austria,Midfielder,27.0
e9b7ed95-8bac-548e-9382-774932394d7a,1998,Netherlands,Defender,25.0
56bf62d3-716a-514a-a98d-1c7d5621e82c,1994,Norway,Midfielder,26.0
56bf62d3-716a-514a-a98d-1c7d5621e82c,1998,Norway,Midfielder,30.0
08ae5e6d-78f7-5c08-912e-69079f9c30d4,1954,France,Goalkeeper,26.0
08ae5e6d-78f7-5c08-912e-69079f9c30d4,1958,France,Goalkeeper,30.0
f8322250-f8b0-5655-8295-ddb5d5b6ac93,1950,Italy,Midfielder,33.0
49361c48-a2ba-5a3a-b608-111be73eabc0,1974,Brazil,Goalkeeper,30.0
af353992-7850-54fb-a90a-cb622f21a07e,1982,Brazil,Midfielder,25.0
31ec7ed5-a2d4-50bc-b5d9-17b476b16d35,1994,Belgium,Defender,23.0
bcf3bfda-734e-56a5-932b-77824d82723b,1986,Belgium,Defender,31.0
bcf3bfda-734e-56a5-932b-77824d82723b,1982,Belgium,Defender,27.0
ea2da0fb-34b0-5813-8789-cdd218e3d0e7,1978,Netherlands,Forward,31.0
ea2da0fb-34b0-5813-8789-cdd218e3d0e7,1974,Netherlands,Forward,27.0
9fa9f10e-2f0b-58ec-9327-5c10bdd4bb01,1978,Netherlands,Forward,27.0
9fa9f10e-2f0b-58ec-9327-5c10bdd4bb01,1974,Netherlands,Forward,23.0
1276f022-15fc-5632-b588-80c8b3838296,2018,Germany,Forward,29.0
bd3f3051-fd3b-51a7-915e-6e3acb16e5a5,1990,West Germany,Defender,24.0
ce1f1399-fb6b-5412-a7c8-0815c3f319cc,1998,Germany,Defender,32.0
72a75ee8-29f1-57f1-846d-f596306d40ba,1990,Uruguay,Defender,31.0
23d5ae98-4328-5ef5-b7b7-d6da3f09b9b4,1978,Spain,Midfielder,31.0
a249d460-65bc-59b7-b3c6-87d3825d2a6b,1962,Switzerland,Forward,32.0
6066c67e-84e2-5a41-8758-1607b6c8d299,1950,Switzerland,Defender,27.0
e2092574-4ed5-5644-8b29-69b297413139,2014,Mexico,Defender,22.0
1e41c653-205a-5419-9c57-c12439dd43fe,1970,Peru,Forward,22.0
e24f17d0-592a-5ec7-89d4-30ea299f233c,2006,Spain,Midfielder,23.0
b4d54910-b62a-5f53-ae0f-c81aa4692eb2,1978,Mexico,Goalkeeper,23.0
619072c2-fd00-5197-b6a7-0fb363947fb2,1998,Chile,Defender,26.0
5ec9121d-e526-5f84-b176-b952a4cafc8a,1966,Mexico,Midfielder,30.0
5ec9121d-e526-5f84-b176-b952a4cafc8a,1958,Mexico,Midfielder,22.0
5ec9121d-e526-5f84-b176-b952a4cafc8a,1962,Mexico,Midfielder,26.0
21edcedf-d104-54b3-84d0-903e04c9182b,1930,Bolivia,Forward,23.0
d9ef35ae-c9ee-502d-bd85-bc48e2a7b86a,1930,Bolivia,Defender,19.0
ec0068b9-2da6-5fb0-a730-6d17991e5aca,1994,United States,Midfielder,21.0
ec0068b9-2da6-5fb0-a730-6d17991e5aca,2002,United States,Midfielder,29.0
ec0068b9-2da6-5fb0-a730-6d17991e5aca,2006,United States,Midfielder,33.0
ec0068b9-2da6-5fb0-a730-6d17991e5aca,1998,United States,Midfielder,25.0
65b96ab1-2e33-5288-ab0b-a731cc8d411e,2022,United States,Forward,20.0
bab547f7-e325-53e6-8d21-272648630ae0,1982,Peru,Midfielder,23.0
8af7425f-7e4b-5e46-8e2e-c5ffe4169a18,2006,Iran,Defender,31.0
ca81f878-725f-5267-8329-7eb843f301e6,2018,Iran,Defender,28.0
ca81f878-725f-5267-8329-7eb843f301e6,2022,Iran,Defender,32.0
83b4c2b5-d76e-51fa-897c-8411c6dffc2a,2002,Turkey,Goalkeeper,29.0
9c1fa31d-0a7e-5b73-b262-fba91371940a,1986,Morocco,Forward,23.0
091390dd-c9a3-592f-8116-91e02eebade4,2010,North Korea,Midfielder,22.0
2cd71496-d7de-59a3-b898-840a5a0d84d8,2010,North Korea,Defender,23.0
00f690b5-822e-5094-9ecf-de4b901c9aaa,2010,North Korea,Defender,25.0
ecd84d46-63f1-5c93-a8ec-51fafc1cf88c,2010,North Korea,Defender,23.0
b1f7646f-2f18-52da-8186-a24f4345423c,2010,North Korea,Goalkeeper,24.0
d470e7a6-ed43-5fbf-9183-e49179b2c4c9,1986,Portugal,Midfielder,29.0
b7c15085-eb80-5c93-9ce2-6cfe4881b246,2022,Brazil,Midfielder,33.0
4448423a-e24e-5bff-9281-d6a9a09e8e75,2010,France,Midfielder,27.0
4448423a-e24e-5bff-9281-d6a9a09e8e75,2006,France,Midfielder,23.0
84004b5c-4a8c-5df4-a2b0-875a9bc9edfc,1998,Colombia,Forward,24.0
68b1e231-05d1-5381-9ae0-6c3b5e3e2ccd,2002,Brazil,Midfielder,26.0
68b1e231-05d1-5381-9ae0-6c3b5e3e2ccd,2006,Brazil,Midfielder,30.0
8551afea-b9f9-5ba2-9ce2-91eca4154385,2006,Angola,Goalkeeper,36.0
7b0d973b-6886-53ee-bdce-4e010a3da7f5,2002,Spain,Goalkeeper,31.0
57ba56dc-cbd9-53c3-9a15-84aeb1b8cbe4,2002,Portugal,Goalkeeper,26.0
57ba56dc-cbd9-53c3-9a15-84aeb1b8cbe4,2006,Portugal,Goalkeeper,30.0
493b7d19-6849-5c94-84ca-41db9e9d379b,2022,England,Midfielder,23.0
8cdc26f0-6e13-5efa-aea0-5c6cfd6d7f05,1974,Australia,Midfielder,28.0
54dc9874-c5cf-5e47-939d-760032eb8a2f,2022,Brazil,Forward,25.0
11266991-b859-5356-a90a-8f3418364812,2002,Germany,Midfielder,26.0
9187e4b8-b1e3-51d7-a334-1419627b4797,1998,Jamaica,Goalkeeper,21.0
646baa16-bdcd-5de3-9fe6-0c5dc3c066c4,2022,Switzerland,Midfielder,20.0
169f2414-db44-5763-98be-39070f2edf43,1994,Germany,Forward,29.0
bd6248bd-f96e-5a37-ab77-3083bd96c740,1990,West Germany,Forward,25.0
49afa3f9-7262-5d04-933d-5e84989ad6a5,1954,Austria,Midfielder,25.0
621f4b75-ac65-5318-b18b-d8fba7ad8aff,1998,Denmark,Defender,30.0
cd021a22-726c-527f-b143-7fa5c098a01a,1950,Chile,Forward,30.0
e9014d46-c70b-57ef-8d12-53b870d77c46,1994,Netherlands,Midfielder,32.0
e9014d46-c70b-57ef-8d12-53b870d77c46,1990,Netherlands,Midfielder,28.0
d11e06e3-e403-5476-86af-f6293992511a,1950,Uruguay,Forward,23.0
373102a2-9787-5457-b874-01586327d307,1978,Netherlands,Defender,26.0
373102a2-9787-5457-b874-01586327d307,1974,Netherlands,Defender,22.0
dedbaa05-e673-53b2-82fd-4cd2ccc2c4d7,1966,Brazil,Defender,24.0
95ce2f76-bc33-5e5b-afc7-a5249e587cde,2014,United States,Goalkeeper,35.0
42a8b110-3fd4-5de7-883e-0315884d0b7f,1994,Bolivia,Defender,27.0
bccb3ab6-d20a-5e9d-b238-ccac8e6d4953,1994,Brazil,Goalkeeper,35.0
d3113849-3641-512c-ac53-824ca5733fd9,1994,Colombia,Midfielder,28.0
d3113849-3641-512c-ac53-824ca5733fd9,1990,Colombia,Midfielder,24.0
d3113849-3641-512c-ac53-824ca5733fd9,1998,Colombia,Midfielder,32.0
2c794a27-5c62-5c1e-aeb9-d0f65f1d0f36,1986,Spain,Forward,29.0
e91236e7-d28a-52a2-81b0-4550e5dad16c,1978,France,Defender,30.0
a0965ca4-9bd7-5139-9d10-8731225dd89b,1934,France,Midfielder,21.0
419358a7-0c11-5acf-a7c1-969d51b4d76e,1978,Scotland,Midfielder,31.0
4f873d09-2d7a-5605-97f8-b75078796676,1930,Uruguay,Midfielder,25.0
b4bf0f3c-9030-5e38-8a50-99063eec703d,2006,Argentina,Midfielder,28.0
d8c94391-31ef-5f08-aad6-399363373417,2018,Australia,Defender,26.0
e2b29412-28fe-5ee6-ae8a-9d6f4e0ac2e7,1998,Norway,Defender,26.0
0f6790aa-69e7-50a9-9698-53036e41af4b,1954,Switzerland,Forward,24.0
7234644f-0515-52c6-aaf5-0cce30841dc9,1970,Italy,Forward,26.0
7234644f-0515-52c6-aaf5-0cce30841dc9,1974,Italy,Forward,30.0
3bf52051-d43a-5b2b-9dbc-281ba13f5969,2002,Brazil,Midfielder,30.0
3bf52051-d43a-5b2b-9dbc-281ba13f5969,1998,Brazil,Midfielder,26.0
7212fe3b-44c3-58db-8f5c-669a5f0e4b5b,1998,Paraguay,Defender,33.0
c8201d04-07c2-58f6-8683-e909c7d4363a,1982,Chile,Midfielder,29.0
c64a3d19-d26c-50ac-bd9a-e592a531a6bc,1982,El Salvador,Forward,24.0
c6fb6463-8c8e-53aa-bede-16f45f822e38,1970,Mexico,Midfielder,23.0
c990b9c2-158f-563f-a493-250f54aad8f7,1970,El Salvador,Defender,29.0
692698be-20ec-53cf-a10c-586e82c1bc3a,1978,Brazil,Midfielder,32.0
692698be-20ec-53cf-a10c-586e82c1bc3a,1970,Brazil,Midfielder,24.0
692698be-20ec-53cf-a10c-586e82c1bc3a,1974,Brazil,Midfielder,28.0
774469c1-f60f-5232-9b00-f7c4f42a599b,1930,Paraguay,Forward,
04bb4014-a949-59e6-a80b-3c0f1fe74f2e,1966,Italy,Midfielder,23.0
04bb4014-a949-59e6-a80b-3c0f1fe74f2e,1970,Italy,Midfielder,27.0
04bb4014-a949-59e6-a80b-3c0f1fe74f2e,1974,Italy,Midfielder,31.0
04bb4014-a949-59e6-a80b-3c0f1fe74f2e,1962,Italy,Midfielder,19.0
ea0a56d7-081c-5188-a39f-a4d86f65c89f,1954,Uruguay,Midfielder,28.0
6f6aba50-26b9-51fb-acb4-accbc28c84c0,1986,Uruguay,Defender,29.0
5536718d-4f7d-5670-a5ff-fafb808fa4bd,2010,Paraguay,Midfielder,28.0
5536718d-4f7d-5670-a5ff-fafb808fa4bd,2006,Paraguay,Midfielder,24.0
6f05601a-d414-5e99-be27-4d9fab16da86,1930,Chile,Defender,28.0
ab38f352-fa02-5a82-8e6e-c52fca030f48,1966,Spain,Defender,30.0
ab38f352-fa02-5a82-8e6e-c52fca030f48,1962,Spain,Defender,26.0
c312bd0b-29b3-5a83-a85a-803fae19bc04,1982,England,Midfielder,25.0
8509bb06-ce99-5d3a-b564-870567c244aa,1966,Italy,Forward,23.0
551bdd3d-e383-5e91-aac3-6b5967e24abe,1998,Argentina,Goalkeeper,29.0
750e2858-7c84-591a-8dd1-88c2cee16907,2014,Netherlands,Midfielder,30.0
750e2858-7c84-591a-8dd1-88c2cee16907,2010,Netherlands,Midfielder,26.0
750e2858-7c84-591a-8dd1-88c2cee16907,2006,Netherlands,Midfielder,22.0
03b72edf-4bd3-5dc4-b8ee-4657ce26cc92,1930,Romania,Midfielder,22.0
7cb2b0e1-b4f0-5e94-8c48-84ef227cc6c7,1938,Brazil,Forward,26.0
d1f3b1fb-f6ac-5828-a923-a3cf53e8630a,1970,Brazil,Forward,26.0
596572e4-30db-5e25-8164-1d1f6527f92d,1990,Spain,Midfielder,28.0
10083f5f-3d54-5f8b-87b8-b28c4d981090,2022,Wales,Defender,27.0
c057d5db-2de0-5d77-9b63-8011585ef20c,1958,Scotland,Forward,29.0
4b403c2d-12b3-5dc8-8114-60d30fdadaf0,1978,Scotland,Forward,25.0
4b403c2d-12b3-5dc8-8114-60d30fdadaf0,1982,Scotland,Forward,29.0
249df7b7-0cad-56ed-b12c-790c583f0519,2010,Brazil,Forward,26.0
249df7b7-0cad-56ed-b12c-790c583f0519,2006,Brazil,Forward,22.0
85852aad-b0ad-5432-ab28-8624ea703ac8,2022,United States,Defender,25.0
b6aa2401-cc68-5bc5-87aa-d6e1ad40c37a,2006,England,Goalkeeper,27.0
3ea73da2-b9c4-5e91-902f-17ce5522758e,1950,Chile,Forward,24.0
cc8608fe-8ce6-5e63-a67c-840011576bc7,1962,Italy,Defender,27.0
04055080-198a-51ce-8aef-2b6ef9b68721,1958,England,Midfielder,25.0
04055080-198a-51ce-8aef-2b6ef9b68721,1962,England,Midfielder,29.0
c146d0a3-b2c7-57ba-8af6-a75f59a238fc,1990,England,Midfielder,33.0
c146d0a3-b2c7-57ba-8af6-a75f59a238fc,1986,England,Midfielder,29.0
c146d0a3-b2c7-57ba-8af6-a75f59a238fc,1982,England,Midfielder,25.0
bfbe7cf8-eadc-5432-b46e-3963e75d85ad,1966,France,Forward,31.0
4d25e024-d2d3-5908-8ffc-b3881d04c13b,1954,Mexico,Defender,26.0
4d25e024-d2d3-5908-8ffc-b3881d04c13b,1950,Mexico,Defender,22.0
4d25e024-d2d3-5908-8ffc-b3881d04c13b,1958,Mexico,Defender,30.0
abb87ded-535b-5512-9e0b-efb656650903,1966,Uruguay,Midfielder,24.0
abb87ded-535b-5512-9e0b-efb656650903,1970,Uruguay,Midfielder,28.0
abb87ded-535b-5512-9e0b-efb656650903,1974,Uruguay,Midfielder,32.0
abb87ded-535b-5512-9e0b-efb656650903,1962,Uruguay,Midfielder,20.0
0c9ab932-1494-5215-89c7-3bb93e97db53,1994,Brazil,Defender,32.0
0c9ab932-1494-5215-89c7-3bb93e97db53,1990,Brazil,Defender,28.0
bab2cc5f-256a-51c7-bcc3-9e1bf41d508f,2022,Uruguay,Goalkeeper,29.0
fc4912d4-34e7-59b0-ba68-952573a44baf,1978,France,Midfielder,23.0
fc4912d4-34e7-59b0-ba68-952573a44baf,1986,France,Midfielder,31.0
fc4912d4-34e7-59b0-ba68-952573a44baf,1982,France,Midfielder,27.0
16255282-0679-5d80-8f2b-4d958684849f,1990,Austria,Forward,25.0
9bc83553-85ad-5891-80a2-8d177ac65132,1986,Soviet Union,Forward,24.0
9bc83553-85ad-5891-80a2-8d177ac65132,1982,Soviet Union,Forward,20.0
f536dab4-44b6-56e4-bba5-a986d8dc7012,2018,Serbia,Defender,27.0
80ae006c-9d96-5a63-b0f1-e1d9fdbeae88,2022,Wales,Defender,25.0
26ddb440-8e65-5e38-bbb8-0a0c2b91c8d1,1962,Spain,Defender,28.0
24aa4afe-df04-5756-8901-8ca973b7099e,2022,Spain,Midfielder,26.0
50d8fe92-b46d-52c9-a277-3240b998d640,2018,Spain,Forward,27.0
cc8ded2b-8126-5ba8-969f-2525dd4d460f,1954,Brazil,Forward,29.0
cc8ded2b-8126-5ba8-969f-2525dd4d460f,1950,Brazil,Forward,25.0
8f43f82a-cdee-5460-b106-5416ffb0247d,2022,Brazil,Forward,21.0
36063094-67f4-59de-9b29-adf57ac4826b,2002,Mexico,Defender,28.0
a9e12352-19f0-50f6-ae87-671c9a34b853,2018,Peru,Defender,34.0
0d6b8e1b-fd9c-56d2-b288-ab71e94eae2a,2022,Mexico,Midfielder,25.0
b761ef3f-401a-5104-8ca6-f00036590abb,2010,Argentina,Defender,29.0
11527e16-9876-5e38-8ea9-4f44f3ca6a9d,2018,Uruguay,Midfielder,33.0
11527e16-9876-5e38-8ea9-4f44f3ca6a9d,2014,Uruguay,Midfielder,29.0
2c32f441-dcb0-5f6b-9393-c954105f33c9,2002,Uruguay,Defender,28.0
acacf4e6-acb5-5442-8dc8-c867f154c752,2014,Mexico,Defender,33.0
acacf4e6-acb5-5442-8dc8-c867f154c752,2010,Mexico,Defender,29.0
acacf4e6-acb5-5442-8dc8-c867f154c752,2006,Mexico,Defender,25.0
f27759f8-605d-5a1e-9df5-e50fad00d661,2022,Argentina,Midfielder,28.0
ef91e745-5236-5c1a-b695-6571e6600c9a,1978,Mexico,Forward,19.0
674978c9-046d-539d-bd9c-f5fed676fb72,1986,Mexico,Goalkeeper,27.0
0d602240-b565-5e88-95a7-2ce8c00115b2,1982,El Salvador,Defender,23.0
4c936157-4d63-517d-bdc0-4b594567d23a,2018,Colombia,Midfielder,27.0
4c936157-4d63-517d-bdc0-4b594567d23a,2014,Colombia,Midfielder,23.0
055e35a8-1206-56cc-bb5a-2e837346300d,2002,Mexico,Midfielder,27.0
9819a778-87dc-54d0-9842-46ce1bb3dd08,1994,Mexico,Midfielder,26.0
b1b7563c-1b16-5678-9dc9-ee7768f3372f,1938,Cuba,Midfielder,
8d9b33a2-7d1a-5dec-843d-f422b273589a,2022,Uruguay,Defender,25.0
51a67869-11e1-5247-a2d2-eea2297235ae,2018,Panama,Midfielder,20.0
c5e6004f-0ed7-5a79-a420-6045f5409504,1974,Chile,Defender,30.0
22128b2c-6230-5715-a0ed-90de900cf15e,2002,Costa Rica,Defender,35.0
609dcfe0-3171-5787-a8fe-2c59f7d86130,2022,Ecuador,Forward,22.0
fa8d6961-a683-5589-bec2-60abcd9db756,1994,Argentina,Midfielder,28.0
43a543e1-5387-5bde-a415-c2e4c2cf8e9d,1962,Chile,Defender,24.0
9e6218eb-d10f-5d5b-865f-6fffc87d3585,1970,El Salvador,Midfielder,25.0
1c7fff17-1ef9-5f57-b5f3-3388be68bd14,2014,Argentina,Midfielder,33.0
1c7fff17-1ef9-5f57-b5f3-3388be68bd14,2010,Argentina,Midfielder,29.0
1c7fff17-1ef9-5f57-b5f3-3388be68bd14,2006,Argentina,Midfielder,25.0
94b22204-9ef8-50c4-b08e-489c34c3772a,2006,Costa Rica,Defender,25.0
3f5d9ff4-eb1a-59df-923f-fb72256c0e05,1930,Mexico,Midfielder,25.0
6d59a007-9e47-5ed8-8132-35b2806ff09d,2018,Switzerland,Defender,26.0
6d59a007-9e47-5ed8-8132-35b2806ff09d,2014,Switzerland,Defender,22.0
6d59a007-9e47-5ed8-8132-35b2806ff09d,2022,Switzerland,Defender,30.0
d9940d48-ed0f-59f1-81fd-f74d9abae32f,1986,Uruguay,Goalkeeper,30.0
609096a8-44bc-5b16-9dc1-0fd49eeb5012,2018,Panama,Goalkeeper,28.0
de3eb060-8bdd-524b-9d5e-88ecf2bc389a,1954,Uruguay,Midfielder,27.0
de3eb060-8bdd-524b-9d5e-88ecf2bc389a,1950,Uruguay,Midfielder,23.0
f6b9762e-6ee6-5721-b9fa-99c7dfb7e2ef,1930,Peru,Forward,20.0
063a2e5d-ee91-5f93-b4e5-4590d682436c,2018,Australia,Midfielder,26.0
07525033-6870-5879-b58a-afbd80730136,2018,Sweden,Midfielder,27.0
e3e8e10e-9d4b-5da0-b8b8-bc8aa90479e8,1966,Argentina,Forward,29.0
e3e8e10e-9d4b-5da0-b8b8-bc8aa90479e8,1958,Argentina,Forward,21.0
a5db3a04-b992-5ee2-8fed-8493dfd7e2ab,1998,Paraguay,Forward,30.0
42ad4305-d928-55f3-beb1-55c0a34d81b4,1950,Chile,Midfielder,22.0
45ae9128-1f7d-5bcf-a8ad-02d12049872b,1994,Bolivia,Goalkeeper,34.0
ec139488-2778-5300-afde-dcbaf14d45a1,1962,Chile,Midfielder,28.0
3f8ba290-74a5-5bc9-837b-0171be3362f3,1998,Chile,Defender,24.0
92c21a15-7b28-5728-94e5-abfcae3bf23a,2014,Ecuador,Midfielder,25.0
e1b1c76c-1ffa-536b-85e5-d3aefec16b28,2014,Chile,Defender,31.0
d1f7d675-fbd0-51c0-a7f5-2e80d49cd829,1982,Chile,Midfielder,28.0
be5815b9-6f74-5e10-ab68-61c385d6f66b,1982,Chile,Defender,24.0
ec71e305-6e16-50c6-ba63-9184f97bad0b,1978,Peru,Midfielder,29.0
ec71e305-6e16-50c6-ba63-9184f97bad0b,1982,Peru,Midfielder,33.0
baa173a7-d947-592e-a338-4e71f32972f9,1998,Paraguay,Defender,27.0
22ce46c1-4ab6-56c5-8737-8ee000f6be0f,1978,Peru,Defender,23.0
c21eec19-11cb-508a-b40c-23f30d2f9b1b,2018,Argentina,Defender,28.0
c21eec19-11cb-508a-b40c-23f30d2f9b1b,2014,Argentina,Defender,24.0
a2105652-e6fe-552b-a198-0cfaa277b1e9,1998,Morocco,Forward,24.0
fa553dfd-e675-5789-8567-7415de641c8f,2010,Portugal,Defender,25.0
83f6a007-a7bf-5cda-a0ba-5e4a38894ccb,2022,United States,Midfielder,27.0
541f2722-38c8-5155-bbe2-11fb841a0308,1950,Chile,Defender,20.0
1881fbeb-5d3d-5f1a-bdc5-251fcd20c1df,1986,West Germany,Midfielder,27.0
c8fea824-eff6-5f5f-9ba0-734a716a0f35,1966,Argentina,Goalkeeper,34.0
c8fea824-eff6-5f5f-9ba0-734a716a0f35,1962,Argentina,Goalkeeper,30.0
ecc4fe84-fbce-529b-a3cc-deff09052f0e,1970,Israel,Midfielder,24.0
6b27f1dd-6923-5277-9b0f-b482a081ccd0,1982,Soviet Union,Defender,28.0
8b41aae2-f7c8-59d3-85ce-df802a67eef0,2006,Togo,Midfielder,22.0
8f3ee488-5572-5862-aeda-323a64207772,2010,Ivory Coast,Midfielder,27.0
8f3ee488-5572-5862-aeda-323a64207772,2006,Ivory Coast,Midfielder,23.0
eb21e4b6-618d-5ec4-bbb8-0c8090691b88,1950,Uruguay,Forward,23.0
7526fff9-a802-590e-a748-47155c97487a,2022,Argentina,Defender,24.0
9dc0ec66-de78-5d20-ab80-a75fad530967,2002,Spain,Defender,31.0
c360dc6a-7a99-5528-894e-aac5bd49260d,1930,Paraguay,Forward,
b56f7667-67aa-5b27-abaf-58d977d82565,1958,Paraguay,Forward,21.0
5c8f0fb4-f2cd-54ba-80f1-698fe2e7463d,1986,Paraguay,Midfielder,26.0
69b376b9-444d-5e16-a1c9-25947b6e85c0,2002,Uruguay,Midfielder,26.0
8f0cebf1-94ef-5ca9-a430-55f75c2b2263,1962,Mexico,Midfielder,25.0
d2e7bfc6-5996-5467-b308-0d3e014e3024,2014,Argentina,Goalkeeper,27.0
d2e7bfc6-5996-5467-b308-0d3e014e3024,2010,Argentina,Goalkeeper,23.0
2b9a3042-7375-5c95-87f5-362c854f0106,1938,Brazil,Forward,27.0
fa0c15a4-3e41-596c-9f1e-2f79bea089f1,2010,Denmark,Midfielder,32.0
fa0c15a4-3e41-596c-9f1e-2f79bea089f1,2002,Denmark,Midfielder,24.0
ee430600-4f6e-5af9-9fd1-c968abfc3b05,1954,Mexico,Defender,31.0
ee430600-4f6e-5af9-9fd1-c968abfc3b05,1958,Mexico,Defender,35.0
6afa168d-454b-5d62-b98e-c0553c27598d,2022,Mexico,Midfielder,27.0
705a28fe-4421-5794-a754-fdc7846fe0e8,1994,Brazil,Forward,28.0
705a28fe-4421-5794-a754-fdc7846fe0e8,1990,Brazil,Forward,24.0
5a8bf62e-c509-5e90-854a-6690a5113cae,2002,Brazil,Midfielder,22.0
5a8bf62e-c509-5e90-854a-6690a5113cae,2006,Brazil,Midfielder,26.0
d3c07451-e83b-55e6-a734-7ec19f9e1083,2018,Portugal,Forward,33.0
d3c07451-e83b-55e6-a734-7ec19f9e1083,2014,Portugal,Forward,29.0
d3c07451-e83b-55e6-a734-7ec19f9e1083,2022,Portugal,Forward,37.0
d3c07451-e83b-55e6-a734-7ec19f9e1083,2010,Portugal,Forward,25.0
d3c07451-e83b-55e6-a734-7ec19f9e1083,2006,Portugal,Forward,21.0
c6d7a149-4d7b-59f8-8b38-6acaa67f72f5,1994,Brazil,Forward,18.0
c6d7a149-4d7b-59f8-8b38-6acaa67f72f5,2002,Brazil,Forward,26.0
c6d7a149-4d7b-59f8-8b38-6acaa67f72f5,2006,Brazil,Forward,30.0
c6d7a149-4d7b-59f8-8b38-6acaa67f72f5,1998,Brazil,Forward,22.0
de1ce74a-c2d1-5bb3-940d-7ebc24e0796f,1994,Brazil,Defender,29.0
fb32d3ab-fa4b-513d-969a-71070ea04094,1974,Australia,Midfielder,29.0
ccfb44f5-967e-5071-817c-7f72b0974ea6,2014,England,Forward,29.0
ccfb44f5-967e-5071-817c-7f72b0974ea6,2010,England,Forward,25.0
ccfb44f5-967e-5071-817c-7f72b0974ea6,2006,England,Forward,21.0
d9e469c6-338d-532e-ba82-2e9acf1f3357,1930,Mexico,Midfielder,20.0
6fd9819e-4845-5488-8c5e-63b6cc0217de,1930,Mexico,Defender,18.0
f6a11901-3c70-5dc9-9f8e-43a4f62604d1,1966,Italy,Defender,23.0
f6a11901-3c70-5dc9-9f8e-43a4f62604d1,1970,Italy,Defender,27.0
e3c1af0e-263e-54c8-9baf-d9ddaa8ee530,2018,England,Defender,28.0
a538b682-6742-58d8-9a56-9b80f7d4f73f,1970,Israel,Defender,23.0
7d647cad-ea78-5f8a-9067-5e343a9e560c,2006,Sweden,Forward,24.0
27f4c873-6403-5679-8336-939023efccc4,1970,Israel,Defender,23.0
0ff7acbe-96c4-5af6-9751-cc0c8b9134f5,1934,Italy,Defender,32.0
255b2d31-6969-5cf2-8c56-266a16e1a850,1978,Iran,Forward,23.0
3f30acb7-a158-5a29-967d-3f8be9b190a2,2006,Czech Republic,Midfielder,26.0
d919f85a-62d8-5f60-8aa5-5c1b52cfd151,1958,Argentina,Defender,33.0
fe51ab9d-eeec-5354-8f79-86d69c21e442,1962,Argentina,Midfielder,32.0
89c7528b-4e1b-5141-97ed-746c280e9a4a,1978,Italy,Forward,22.0
89c7528b-4e1b-5141-97ed-746c280e9a4a,1986,Italy,Forward,30.0
89c7528b-4e1b-5141-97ed-746c280e9a4a,1982,Italy,Forward,26.0
9ae525df-7115-5f55-b850-33e2e8ef776a,1998,Morocco,Defender,25.0
4de50aec-068f-580b-a567-6be562f4fa93,1950,Sweden,Midfielder,29.0
02f60c57-d74d-53f0-b5c0-cb828754bb32,1934,Sweden,Midfielder,32.0
e765ef9f-ab71-5cab-9f84-d13b98c29212,2006,Ukraine,Midfielder,25.0
36c5a1c2-6712-5cce-9835-de848d5fd431,1990,Romania,Midfielder,28.0
6dcafce0-47d1-5a51-8e52-4661ace3938e,2006,Iran,Goalkeeper,28.0
c763bc8e-2bbb-5d8c-84b5-6319706d7426,1978,Scotland,Goalkeeper,27.0
c763bc8e-2bbb-5d8c-84b5-6319706d7426,1986,Scotland,Goalkeeper,35.0
c763bc8e-2bbb-5d8c-84b5-6319706d7426,1982,Scotland,Goalkeeper,31.0
fda34cb8-92e7-5e7f-b6c5-d02d36e62b32,1978,France,Forward,23.0
cf0f09fd-3c06-5438-ba8f-aa80f15762c4,2022,Australia,Defender,24.0
4f3359e4-3901-5e04-8d8f-9a64519e2746,1994,Netherlands,Forward,24.0
4f3359e4-3901-5e04-8d8f-9a64519e2746,1990,Netherlands,Forward,20.0
a738602d-63f0-5396-9025-b7165ea533df,2006,Czech Republic,Defender,26.0
00d0ce5f-8b6b-5b95-b7ff-687ce51e4f1f,1954,Brazil,Forward,26.0
46fa3378-fb1c-52c2-90b0-c5ccf3480b86,1970,Peru,Goalkeeper,30.0
3d80fa74-8b11-5171-8ebe-16eca3728ddc,1974,Australia,Defender,32.0
310d8050-ff5f-5fbb-ad51-19602c8c6e03,2002,Slovenia,Forward,31.0
4845648e-ebec-5e10-97dd-54a224b696f5,2018,Germany,Midfielder,28.0
48c846b6-b897-5c34-8003-f3967c71d2a5,1978,Poland,Defender,26.0
13ed2c86-85cc-5490-857a-2773c6b0023a,1994,Switzerland,Defender,31.0
a378e112-6143-5ac0-88b6-ce9f682d6a8d,1994,Nigeria,Goalkeeper,31.0
a378e112-6143-5ac0-88b6-ce9f682d6a8d,1998,Nigeria,Goalkeeper,35.0
9295875f-04c9-5759-bc21-a44583606283,1982,New Zealand,Forward,20.0
4180c96b-a1da-5cde-a504-1d9017eac44e,2014,France,Goalkeeper,28.0
081de3f8-c55d-58a3-a011-096d53b082f2,1982,El Salvador,Midfielder,29.0
c8bb25ee-800c-5818-bbf1-4eef3eb72175,1994,Argentina,Defender,32.0
c8bb25ee-800c-5818-bbf1-4eef3eb72175,1990,Argentina,Defender,28.0
c8bb25ee-800c-5818-bbf1-4eef3eb72175,1986,Argentina,Defender,24.0
db490b83-9f1b-5fae-a5b6-42e35e42d59f,2018,Portugal,Defender,27.0
5cde9cac-9d6d-5aba-851e-2a9682d67533,1950,Brazil,Midfielder,28.0
d8a832c2-603a-5d10-be34-c8bf3ff46d73,2018,Peru,Forward,28.0
0ab8a430-bd98-5137-ba1c-48b3ced1901d,2018,Costa Rica,Midfielder,33.0
0ab8a430-bd98-5137-ba1c-48b3ced1901d,2014,Costa Rica,Midfielder,29.0
0ab8a430-bd98-5137-ba1c-48b3ced1901d,2022,Costa Rica,Midfielder,37.0
8c729497-c26e-546c-a652-8ea5552b6e20,1950,Mexico,Defender,27.0
17592d09-8c23-509b-ac95-c2e3f80a7a40,1998,Paraguay,Goalkeeper,29.0
2d922c58-bd62-5cb0-a91f-8a8a8f1d3b34,2018,Serbia,Defender,34.0
2d922c58-bd62-5cb0-a91f-8a8a8f1d3b34,2010,Serbia,Defender,26.0
ca29c1a0-8e9e-5e28-8b1b-7bb0741be54a,2010,Australia,Forward,23.0
00426d15-0838-5ecd-8bf4-68480e7e098c,1938,Czechoslovakia,Forward,27.0
32afa0b4-a568-5b4f-a170-53018748c2ca,2022,Argentina,Goalkeeper,30.0
7a8f2481-b4a6-55c4-a15a-e8e50af9c2b7,1954,France,Goalkeeper,30.0
b779ca86-8ac7-568e-af16-5c00f4f48422,1978,West Germany,Forward,23.0
b779ca86-8ac7-568e-af16-5c00f4f48422,1986,West Germany,Forward,31.0
b779ca86-8ac7-568e-af16-5c00f4f48422,1982,West Germany,Forward,27.0
1f749b14-11b7-5aa0-9e05-6a557a1b1465,1938,Switzerland,Forward,
6ba5beb7-c420-597d-b018-1d5a7e87f252,1994,Norway,Forward,22.0
6897881c-56ca-5ab1-8d52-72920f4a643a,2006,Ukraine,Defender,23.0
8b44fa91-7023-50f6-994c-647aa52094dd,1990,Austria,Defender,26.0
a60e0bee-cc64-5501-8065-ce2b7cfd688a,1930,Brazil,Forward,28.0
4e389712-a03c-5150-9f75-08836b76a8f7,1986,France,Goalkeeper,33.0
e76272bc-8f21-50eb-8a64-6745e2e683f8,1990,Netherlands,Defender,30.0
e8e9b291-2b16-54ed-a7d2-c614fec89f39,1966,Mexico,Midfielder,25.0
e8e9b291-2b16-54ed-a7d2-c614fec89f39,1962,Mexico,Midfielder,21.0
c5cce1bf-33f1-5060-bb57-2b3d30b534ff,1930,Mexico,Forward,26.0
bad73e3e-3503-5e10-a529-96f94705e342,1934,United States,Forward,26.0
80ca23ee-f241-5f46-b2a6-c5856e31dc13,2018,Australia,Goalkeeper,26.0
80ca23ee-f241-5f46-b2a6-c5856e31dc13,2014,Australia,Goalkeeper,22.0
80ca23ee-f241-5f46-b2a6-c5856e31dc13,2022,Australia,Goalkeeper,30.0
2fcca0e5-c2a5-5aed-b942-5051a07546a0,2018,Poland,Midfielder,29.0
6cc538f1-9a2f-5180-b31d-f35d39907e22,1934,Sweden,Goalkeeper,31.0
92d7f6e0-f0bc-5885-ad02-e8d913ccece2,1950,Sweden,Forward,28.0
a77a1d9d-50c4-5825-9763-7084be8e0c86,1966,North Korea,Defender,26.0
7ac8c5ff-e9e8-5a68-a109-3a59efd28625,2014,Russia,Goalkeeper,34.0
3407cee2-e0e4-59a8-8075-c8a1a203338c,2002,Poland,Defender,29.0
f2d83000-5f83-5f7b-857d-da806bcff0c8,1966,Hungary,Forward,28.0
f2d83000-5f83-5f7b-857d-da806bcff0c8,1962,Hungary,Forward,24.0
0b7c61e4-788e-50ca-b9a8-d3aa3a6f07f1,1958,Paraguay,Forward,20.0
4bda655a-1fea-5a62-b6dd-91fc6353de38,2014,France,Forward,27.0
e91a5f59-5d3a-5e50-b90a-9fd68b21d28e,2010,France,Defender,31.0
8dbd9b9c-565d-5e96-83fb-8eedc4ba1276,2022,Qatar,Defender,32.0
df1f3f28-589f-505c-848b-e83c02afb9de,1986,Hungary,Defender,26.0
2a356460-b2fd-50b5-bc24-cd7b840a141a,1962,Switzerland,Defender,32.0
4af27eb8-4bc8-5980-bd20-257348e62da7,2018,Denmark,Goalkeeper,26.0
4af27eb8-4bc8-5980-bd20-257348e62da7,2022,Denmark,Goalkeeper,30.0
89221c26-90da-576f-b64b-78368f524128,1934,Argentina,Forward,23.0
cb32d92a-07a1-541e-b34c-2b0aec275180,2018,Iceland,Goalkeeper,23.0
a17d0fef-607f-5e38-9fb5-b19cbb45fecb,2018,Germany,Defender,25.0
a17d0fef-607f-5e38-9fb5-b19cbb45fecb,2022,Germany,Defender,29.0
a192187e-4448-5aae-8840-99e954be8978,1978,West Germany,Midfielder,28.0
dab19b82-dacd-58a4-96df-06cf108c496d,1970,Romania,Goalkeeper,24.0
7ce61297-ba10-5b5d-9ad2-200c66aa124c,1994,Romania,Forward,24.0
7ce61297-ba10-5b5d-9ad2-200c66aa124c,1990,Romania,Forward,20.0
8731e8dd-908c-5490-b80c-d883d1fab910,1938,Romania,Midfielder,23.0
85fadb73-d6b8-5a20-8b2e-f9599789f6e0,1982,Kuwait,Defender,25.0
ed616187-ac82-5591-bff3-5d2da15b446a,1998,Iran,Defender,29.0
33f62ae9-99fd-5043-a93a-7b0c8a632f11,1930,Chile,Midfielder,27.0
37327b62-e488-5267-8469-50a5a9515840,1950,Bolivia,Midfielder,27.0
e7d3a7bb-abf3-5605-ad63-9c1b2f6db806,1974,Italy,Defender,25.0
6e2ee114-b50f-56ba-8088-e6b3792aa7ff,2018,Senegal,Defender,25.0
6e2ee114-b50f-56ba-8088-e6b3792aa7ff,2022,Senegal,Defender,29.0
c41fc406-24b6-52c3-8123-3403c44eb06f,1998,Morocco,Defender,24.0
14575720-935d-588e-8f24-38e5962e2bce,2010,Honduras,Defender,32.0
76501116-a83c-58dc-9026-61d7697c1b08,2022,Morocco,Forward,26.0
fe762c58-258c-532d-8936-6cd95d33068c,1966,Soviet Union,Midfielder,26.0
fe762c58-258c-532d-8936-6cd95d33068c,1962,Soviet Union,Midfielder,22.0
d1e1786b-80fc-5247-9b02-153528b6e837,2006,Costa Rica,Forward,24.0
09a0c142-d699-5982-94ad-33acdeecc864,1990,Romania,Midfielder,22.0
ea0b979d-986c-510d-be4d-05609ee18e47,1962,Argentina,Midfielder,26.0
6c20b1fc-3776-5920-828c-8098e7fa700c,1986,Bulgaria,Midfielder,25.0
7d29477c-2100-5d2a-acda-2dd2901e6058,1986,Iraq,Forward,26.0
482075dc-a859-5090-98aa-21c6089385b6,2014,Iran,Defender,33.0
482075dc-a859-5090-98aa-21c6089385b6,2006,Iran,Defender,25.0
8f078c20-cce5-5b7e-b533-845be6afbe51,1978,Iran,Midfielder,27.0
ba2d6170-6ef0-53b6-9594-c8f32f4891c6,1986,Algeria,Defender,25.0
948a2d30-3904-5ffd-aa67-fcefecae21c5,1938,Romania,Goalkeeper,24.0
e41429a3-2696-5c85-b923-5bde9283af9e,1962,Spain,Goalkeeper,21.0
0f54a340-9b36-51b0-9d13-f9e008c2b232,1986,Iraq,Forward,28.0
1f595a7a-25da-5802-a25d-c4020a10ea77,1930,Belgium,Forward,19.0
dcd87f66-252b-5489-bc94-5d104ee29f83,1950,Chile,Midfielder,27.0
b09bd49b-a5d6-54b2-9539-20bc9e27c457,2014,France,Defender,31.0
b09bd49b-a5d6-54b2-9539-20bc9e27c457,2010,France,Defender,27.0
2ad636ed-c8d1-56b1-89d8-1894d3d78c3d,2002,France,Defender,25.0
2ad636ed-c8d1-56b1-89d8-1894d3d78c3d,2006,France,Defender,29.0
9a79702c-b839-51b0-a927-aec5b8274e99,2006,France,Forward,28.0
d021fa0a-725e-5c08-a1fd-7abd1088c711,1986,Morocco,Midfielder,23.0
7ef4f75f-c933-566a-b167-a2e16027e38e,2006,Tunisia,Defender,23.0
5c7b3828-33b3-5122-82eb-9a66db2e8a0b,2018,Australia,Defender,26.0
d729b2fb-4e6c-545f-80bf-069c06195dfb,1974,Haiti,Forward,32.0
acf5718a-3217-52f7-bf99-e1f9eead20ed,1974,Haiti,Forward,25.0
e6943a23-3bb5-5a14-bd68-9922f2344e7d,1962,Argentina,Defender,25.0
16de23ea-8a16-53ab-9a64-93c8455451e2,1998,Japan,Defender,25.0
985f87b2-ab54-5fc6-a942-2cd449e7c3d6,2014,Japan,Forward,24.0
701114ff-0fc4-5bf7-9e46-16bac49f8f15,2022,England,Forward,21.0
da3533d7-6359-5d78-ab3c-2d4b66b14a9e,2018,Japan,Defender,27.0
da3533d7-6359-5d78-ab3c-2d4b66b14a9e,2014,Japan,Defender,23.0
5d442f0e-ad34-50d4-b902-0c115b7e5331,2018,Japan,Defender,28.0
5d442f0e-ad34-50d4-b902-0c115b7e5331,2014,Japan,Defender,24.0
5d442f0e-ad34-50d4-b902-0c115b7e5331,2022,Japan,Defender,32.0
4a527467-8853-5011-a474-ebda60425455,2018,Senegal,Forward,29.0
d68b244e-5262-554a-a079-c5adbb8bb627,2014,France,Defender,24.0
b3b4296f-3042-52d8-b3ca-2f737a656793,1978,Italy,Midfielder,31.0
f1b955f1-3312-57cf-973a-5edb669b23a9,1978,Italy,Midfielder,23.0
9fccedcf-6922-511b-9199-5ccc4d4b7397,2018,Egypt,Forward,26.0
53cf938f-11fb-54f8-8a10-8414a0f65554,1998,Chile,Forward,24.0
9dee0c6b-3a14-5df8-9bf5-dfb85b654c31,2022,Costa Rica,Midfielder,26.0
301d2f77-b632-5595-9613-d9de1d16f16b,1958,Mexico,Midfielder,27.0
9e37781c-fc90-5719-ae83-1772c82d1499,2018,Mexico,Defender,25.0
f291ba83-ec3d-5f7d-8b1d-974a076ae4d2,2014,Mexico,Defender,34.0
f291ba83-ec3d-5f7d-8b1d-974a076ae4d2,2010,Mexico,Defender,30.0
f291ba83-ec3d-5f7d-8b1d-974a076ae4d2,2006,Mexico,Defender,26.0
a4fafb8c-fce1-520f-a402-e0a67bb41c52,1930,Uruguay,Forward,25.0
da534308-a93b-5d0c-8262-4e624ff32b14,1994,Saudi Arabia,Midfielder,27.0
da534308-a93b-5d0c-8262-4e624ff32b14,1998,Saudi Arabia,Midfielder,31.0
9bfb3cf2-2b39-56fe-80fa-00555f10c249,1994,Russia,Forward,25.0
19af2e14-5be5-525b-a77c-603437193bda,1970,Mexico,Forward,22.0
018aa031-c118-5bc3-be44-77b724d94ed2,1994,Mexico,Defender,28.0
e5f21989-873d-5dd3-a9c5-4db9a5c12c5c,2006,Spain,Defender,31.0
420b9c4b-31bb-5a82-924e-2bbe58540180,1982,Peru,Defender,31.0
58ef78f8-b4ec-5035-b7e8-c180cba68216,1998,Tunisia,Goalkeeper,31.0
ecd7a92e-32f6-5e1a-925d-73d1fd098fe0,2022,France,Defender,21.0
86381414-53af-531d-aa82-d3f2edbdf85c,2006,Togo,Forward,23.0
3bb4c165-48a5-5ca4-bf17-cae2809654e0,2014,Bosnia and Herzegovina,Midfielder,30.0
86421c0e-767f-50ad-a1f4-859acfea4548,1990,United Arab Emirates,Defender,22.0
8666e018-12ea-55e7-9214-8a09c882aca6,1970,Peru,Defender,31.0
d6befdd0-58a9-52ee-a09f-c36ddcf91ca0,1994,Spain,Forward,32.0
d6befdd0-58a9-52ee-a09f-c36ddcf91ca0,1990,Spain,Forward,28.0
d6befdd0-58a9-52ee-a09f-c36ddcf91ca0,1986,Spain,Forward,24.0
977d9d29-9487-5c4b-a97c-f915aea1f8ed,2022,Ghana,Defender,23.0
572686e5-ca14-5b57-a3b8-7c1d2a760bdc,1986,Hungary,Defender,26.0
572686e5-ca14-5b57-a3b8-7c1d2a760bdc,1982,Hungary,Defender,22.0
3afccac1-f978-5aa5-aa40-97963b078f50,2014,Cameroon,Midfielder,22.0
6bd7535d-4d4d-57cd-b514-00357298f156,2022,Qatar,Defender,25.0
24bd0604-d361-5bda-bc79-d222218a171b,1958,Soviet Union,Forward,33.0
b2291f85-06a4-56bd-a7ee-40ea9c896bc3,2014,Greece,Forward,33.0
b2291f85-06a4-56bd-a7ee-40ea9c896bc3,2010,Greece,Forward,29.0
6b67c013-e01b-52eb-b824-3f4c7a116e9a,1994,Mexico,Forward,26.0
7ced493e-832a-5fa9-bb81-5e24c09ab9d0,1966,Italy,Defender,27.0
7ced493e-832a-5fa9-bb81-5e24c09ab9d0,1962,Italy,Defender,23.0
620b968d-cf97-5af8-873a-c059b4809b9e,2018,Argentina,Defender,28.0
7c1ecbfa-5c5d-5c5d-a048-ad2d357d2e1c,1966,Uruguay,Midfielder,27.0
c3a30d65-f683-5866-b389-03ebcc1f61ce,2010,Slovakia,Defender,25.0
f1552c22-97fe-5dad-a99e-821d555fcaa1,1994,Morocco,Midfielder,24.0
54cc10f9-c6d9-52d6-8a19-3b839c94f856,2014,Greece,Forward,29.0
54cc10f9-c6d9-52d6-8a19-3b839c94f856,2010,Greece,Forward,25.0
9a4792e5-fb85-5366-9cb3-fe253be571e3,2014,Greece,Midfielder,25.0
dd6eac1f-28e4-521e-a670-b3e2cea2f494,2018,Russia,Midfielder,34.0
dd6eac1f-28e4-521e-a670-b3e2cea2f494,2014,Russia,Midfielder,30.0
223966ab-f9e1-519c-955d-e2c32c891d4b,2018,Egypt,Defender,29.0
50707b0e-4565-59d2-a19b-b70719606481,1994,Germany,Defender,27.0
b6482d20-f421-5b83-983b-303789404cca,2014,Croatia,Midfielder,27.0
ffc665d8-a8f5-5249-aa1f-d7371f751ccf,1998,Brazil,Midfielder,30.0
ad4a171a-0797-5783-85b6-b9b8b473392e,2006,Trinidad and Tobago,Forward,25.0
5f899876-fbf9-5585-bee5-aa6df4577291,1986,Canada,Defender,23.0
fc7f63d3-114d-5737-a0fe-b388aa320c16,2010,Argentina,Defender,32.0
fc7f63d3-114d-5737-a0fe-b388aa320c16,2002,Argentina,Defender,24.0
4f439b67-4681-5a13-8605-570861c6d46b,1938,Dutch East Indies,Defender,
24e8bee7-6520-5e09-9ce0-1425ca907b37,1950,Sweden,Defender,26.0
1b8c372e-019c-5b9a-b778-284b34452d98,1978,Spain,Defender,23.0
9597827f-5e8c-5f19-8eac-fae5396ccb95,2002,Paraguay,Defender,25.0
beea31df-2212-56aa-8627-9bcd035e2a9a,2006,Trinidad and Tobago,Defender,29.0
7f25a5e0-f111-5d78-9643-6594d1bcbf76,1966,Spain,Defender,28.0
c025abbd-9929-5801-8b75-ccd0ab8585c5,1990,Spain,Defender,25.0
01cca200-3e39-548e-866a-7aef7d3f0f43,2002,Denmark,Forward,30.0
01cca200-3e39-548e-866a-7aef7d3f0f43,1998,Denmark,Forward,26.0
5f4c2886-151a-5824-a276-fbe74f533f35,1974,Sweden,Forward,28.0
afb14b9a-2ade-5180-a336-dde59df982a2,1950,Bolivia,Midfielder,28.0
2aef8768-57b2-50f1-88a4-7280945f3f73,1970,Uruguay,Defender,22.0
77df6f28-a9a4-5433-91eb-0d085e4fa393,2022,Brazil,Defender,31.0
22f2098a-7b5c-5db9-abfb-6bd8b0238264,1994,Bolivia,Defender,23.0
cbdd43b7-1d31-52ba-8da9-3a1af4d1c74e,1958,Argentina,Forward,23.0
cbdd43b7-1d31-52ba-8da9-3a1af4d1c74e,1962,Argentina,Forward,27.0
d93cd09e-e1ee-5301-a0d3-f4c99e4eba94,2022,South Korea,Midfielder,26.0
ecd5aa4f-0a88-5c23-b18e-ee68a1c75a74,2010,South Africa,Defender,29.0
a9dabe0a-6c13-5934-8f1f-c7f279d474af,1958,Brazil,Midfielder,26.0
02338d12-69fe-5702-a2aa-9d6ae619d748,2002,Slovenia,Defender,23.0
76577ce7-ed8d-598e-a6e5-592eee4a2ba8,2002,United States,Defender,31.0
715dc59a-f1c5-55e2-94b3-ab7417f7c4ce,1974,Haiti,Forward,23.0
f157c198-a39f-5e21-bb03-6ffde5b4a91d,1986,England,Defender,28.0
f157c198-a39f-5e21-bb03-6ffde5b4a91d,1982,England,Defender,24.0
5ff242e2-fe7a-57cc-b7d7-90e1b485adb1,1998,Colombia,Defender,28.0
72bb1996-79d0-54cd-95a5-a15a310bc24c,2010,Paraguay,Forward,29.0
72bb1996-79d0-54cd-95a5-a15a310bc24c,2002,Paraguay,Forward,21.0
72bb1996-79d0-54cd-95a5-a15a310bc24c,2006,Paraguay,Forward,25.0
4243f518-9b2c-501e-9133-6791c3c5e6eb,2018,Peru,Defender,26.0
0a778657-91d4-5c9f-b6e2-0fdd1c7b8cb6,1954,Uruguay,Defender,25.0
8e727a72-4b23-5ec7-bf8a-6f3d9ca291bf,1962,Spain,Defender,33.0
43938599-ddb9-5f46-bd11-8abb7c13b512,1982,Argentina,Forward,30.0
9f49f668-1028-537c-963e-fa9da97409a7,2010,Paraguay,Midfielder,29.0
74e181e5-d0f3-524a-9fdc-b256862af4fc,1978,Spain,Forward,26.0
74e181e5-d0f3-524a-9fdc-b256862af4fc,1982,Spain,Forward,30.0
59d67556-9644-5896-8255-a90028842cf5,1974,Argentina,Goalkeeper,32.0
89a4ff40-4ca3-50d6-b765-842cd6eec955,2002,Japan,Defender,25.0
89a4ff40-4ca3-50d6-b765-842cd6eec955,2006,Japan,Defender,29.0
7eb09286-4de6-58fb-9cf4-bb96856c490b,1966,Brazil,Defender,37.0
7eb09286-4de6-58fb-9cf4-bb96856c490b,1954,Brazil,Defender,25.0
7eb09286-4de6-58fb-9cf4-bb96856c490b,1958,Brazil,Defender,29.0
7eb09286-4de6-58fb-9cf4-bb96856c490b,1962,Brazil,Defender,33.0
e5f1763f-89c1-537b-94e5-2bf4f692e499,2006,Tunisia,Forward,27.0
ad48df86-dca7-53e5-b047-00be1a6e534b,1970,Uruguay,Goalkeeper,26.0
ad48df86-dca7-53e5-b047-00be1a6e534b,1974,Uruguay,Goalkeeper,30.0
5cf44983-a552-5d56-8bc2-fcef5d3321b5,1994,Brazil,Defender,25.0
2f998ae2-693a-5e26-a02a-a7bdbac8481b,1954,Brazil,Defender,29.0
2f998ae2-693a-5e26-a02a-a7bdbac8481b,1950,Brazil,Defender,25.0
2f998ae2-693a-5e26-a02a-a7bdbac8481b,1958,Brazil,Defender,33.0
2f998ae2-693a-5e26-a02a-a7bdbac8481b,1962,Brazil,Defender,37.0
d3cfe990-eb06-5e46-898e-96fa81c4830f,2006,Portugal,Goalkeeper,34.0
935d0145-4f8d-5cce-ab15-47707d9f6a2a,1958,Paraguay,Midfielder,
7b3b5a40-7c02-54b9-b47b-9b4a0aef49c2,1986,Uruguay,Midfielder,30.0
22d0f434-c175-5d26-84fa-40329e05ca08,2022,Germany,Midfielder,26.0
807bb4e4-27ca-57cb-bb7c-71ee4d608976,2018,Senegal,Midfielder,28.0
5518a6ec-3f44-5631-90de-c19b43054ca6,2010,Slovakia,Midfielder,28.0
0518eb44-875a-5094-94ad-0ba74f64d71c,1978,Austria,Defender,32.0
30dbdd14-649d-5c7c-aca5-e47d74fb67b5,2022,Spain,Forward,30.0
10ccbe63-fc0f-5acb-bc9f-63fdccf4be9a,2002,Paraguay,Defender,27.0
10ccbe63-fc0f-5acb-bc9f-63fdccf4be9a,1998,Paraguay,Defender,23.0
f7f21563-cd6f-5486-af13-c38682b540ac,1986,Uruguay,Midfielder,27.0
90652b05-925a-5a6f-ad9c-1a177a60b156,1994,Greece,Midfielder,33.0
3ae1f26f-83bd-5213-920f-011e5795ec0a,2022,United States,Forward,22.0
77570016-9cdc-5f07-839b-76c174e558e1,1954,Turkey,Forward,25.0
aee778e8-57b8-5d55-9722-c6673675b8dc,2014,Ecuador,Midfielder,31.0
aee778e8-57b8-5d55-9722-c6673675b8dc,2006,Ecuador,Midfielder,23.0
964aeea9-453c-501b-a3f8-f1cee15d620d,1970,El Salvador,Midfielder,22.0
c1cc4c69-2982-5521-a2af-9be9f3ed6f89,2022,Ecuador,Midfielder,20.0
bd1b5645-7685-5692-99f2-5b0235a0f5e0,1930,Peru,Forward,30.0
8a3d314f-d2f6-5df6-a434-d28b060cb587,1966,Argentina,Midfielder,24.0
82e6042f-bcf9-5992-bf6f-334a7fad1883,2010,Ghana,Defender,34.0
82e6042f-bcf9-5992-bf6f-334a7fad1883,2006,Ghana,Defender,30.0
0bd46d68-f571-58f7-a2e0-15ea7b6cea4e,2018,Senegal,Forward,20.0
0bd46d68-f571-58f7-a2e0-15ea7b6cea4e,2022,Senegal,Forward,24.0
a30ae0f0-a9bb-55b3-a810-148df51bba61,2002,Senegal,Midfielder,25.0
6cfc9449-6284-5a9d-a52f-158b60416823,2022,Senegal,Midfielder,20.0
14830308-dc7a-5584-9b63-03762ce6a33b,1978,Peru,Goalkeeper,33.0
d74167ac-136f-57a2-904f-10a8e73c4812,1938,Hungary,Forward,23.0
0fdba9be-d13e-525f-9d32-579a9238065b,2018,Tunisia,Midfielder,26.0
0fdba9be-d13e-525f-9d32-579a9238065b,2022,Tunisia,Midfielder,30.0
7613c835-cc6d-5629-b091-fa3c0d4d4317,1978,Tunisia,Goalkeeper,33.0
a10600d1-e83b-579d-a18f-65abbcde5823,1966,Uruguay,Forward,33.0
a10600d1-e83b-579d-a18f-65abbcde5823,1962,Uruguay,Forward,29.0
6981ef54-a273-53ae-90aa-b2c6010af1dc,1982,Spain,Forward,28.0
7fc02a50-796f-5b73-9f96-9b14d6f96258,1982,Spain,Midfielder,28.0
4f49ee5a-6756-54b4-9c48-eb98833effb7,1998,Yugoslavia,Defender,28.0
3b2fac7b-74b5-5584-8561-ffac7734c5cc,2006,Argentina,Forward,25.0
da9ada4b-482e-5e69-a8bb-0c1c351a7449,1990,Yugoslavia,Midfielder,24.0
da9ada4b-482e-5e69-a8bb-0c1c351a7449,1998,Yugoslavia,Midfielder,32.0
10d8c09b-bbd2-53be-bb45-a40ed3cddca0,1958,West Germany,Goalkeeper,26.0
10d8c09b-bbd2-53be-bb45-a40ed3cddca0,1962,West Germany,Goalkeeper,30.0
c82523cb-1375-5178-a1a8-04def5f240e5,2010,Algeria,Forward,35.0
388e0ebf-f40e-5455-8ae2-594b5317b4b9,2018,Morocco,Defender,28.0
388e0ebf-f40e-5455-8ae2-594b5317b4b9,2022,Morocco,Defender,32.0
adbf7812-b7a6-5025-aa8d-86ab27105ccb,2018,Spain,Midfielder,24.0
bf81e8f9-4369-52cc-bb30-269ba69bd910,2022,United States,Defender,20.0
81327cb7-c678-575e-b9ba-9b4bb4f3b1fa,2006,Argentina,Defender,28.0
6e409a9f-229c-59f0-9886-024d46724d38,1930,Uruguay,Forward,32.0
bceeca5a-3c7d-5731-9e51-ec668ebf22f5,2010,Netherlands,Midfielder,26.0
66a5a2b6-ce27-5f43-8de3-582ffa2ba045,1978,Austria,Forward,21.0
66a5a2b6-ce27-5f43-8de3-582ffa2ba045,1982,Austria,Forward,25.0
5f0263fc-d92c-59c2-9d27-d283d4dc78b0,1974,Scotland,Defender,25.0
3cfaf3f4-e5ca-5a0d-b431-00c0b98c2e02,1974,Australia,Defender,31.0
e5e2c2dc-c55b-532f-a5b5-0f847744040a,1934,Austria,Forward,27.0
7146f07c-06b0-512a-ac48-e93e4df486e1,1958,Czechoslovakia,Midfielder,20.0
7146f07c-06b0-512a-ac48-e93e4df486e1,1962,Czechoslovakia,Midfielder,24.0
00e50882-41a9-5a75-9220-3ca8f4111135,1938,Poland,Forward,29.0
ed0a9b70-ff53-5d9a-9b64-193bf4b7a905,1986,Paraguay,Defender,31.0
7bc88bee-0031-58c7-bbae-c51b577a2fca,1954,Uruguay,Forward,29.0
7bc88bee-0031-58c7-bbae-c51b577a2fca,1950,Uruguay,Forward,25.0
26f07220-9dac-5530-b6b1-900158b0848a,1934,Italy,Forward,29.0
e0eecd8c-ae54-588a-a444-2e0cbbcabdba,2014,Croatia,Defender,29.0
c97e904c-bb91-5d91-a795-34212acc0762,1990,Italy,Forward,26.0
432d2ee3-c966-502b-a5f4-d7aeca441f14,1966,Switzerland,Forward,26.0
40b8f2e8-426c-5e8a-94ba-536bdc035df0,1998,Denmark,Defender,31.0
46254890-e0e6-576c-a8aa-c98bc190f4a7,1954,Austria,Forward,25.0
46254890-e0e6-576c-a8aa-c98bc190f4a7,1958,Austria,Forward,29.0
564c2b95-5197-503f-8d62-6c5d76fe1c9c,2022,Germany,Defender,23.0
13eed59f-ddd8-5720-b2d4-fab5f8158deb,1938,Germany,Defender,27.0
c6d76e2b-f2b2-5026-b653-ba69d9a1cdac,1934,Austria,Defender,23.0
c8f4ec65-88a3-5ede-9bec-e5667f30be7b,2018,Denmark,Goalkeeper,32.0
c8f4ec65-88a3-5ede-9bec-e5667f30be7b,2022,Denmark,Goalkeeper,36.0
a2604163-888e-5d0f-907a-61da37e3afc3,1998,Denmark,Goalkeeper,35.0
2d9dbf65-e205-50f3-968a-329771708c68,1958,West Germany,Midfielder,23.0
9760b245-25df-5174-a3aa-5f67b7995fc9,2022,Japan,Goalkeeper,30.0
94643d65-c5c5-53f7-8d0b-bd6e80940589,1954,Austria,Goalkeeper,28.0
94643d65-c5c5-53f7-8d0b-bd6e80940589,1958,Austria,Goalkeeper,32.0
c738e2d0-9af0-5d85-a961-dcf74bfd2e24,1962,Czechoslovakia,Goalkeeper,22.0
550b6170-4596-548d-9c46-c65ac7545954,1930,Chile,Forward,28.0
1c390e0b-2504-5f80-8fb2-55668ff0f25c,2002,Germany,Midfielder,29.0
1c390e0b-2504-5f80-8fb2-55668ff0f25c,2006,Germany,Midfielder,33.0
baa98561-8d1f-501d-9fc3-fcd0981bdf0a,2014,France,Midfielder,25.0
37ab2a6f-de2a-56b1-8732-17cd3159b813,1966,Switzerland,Defender,31.0
37ab2a6f-de2a-56b1-8732-17cd3159b813,1962,Switzerland,Defender,27.0
6bd86b00-e697-540a-99ed-b98da05be594,1950,Switzerland,Forward,32.0
12862675-532f-55e0-ab4e-6268cb6811c2,1966,West Germany,Defender,27.0
12862675-532f-55e0-ab4e-6268cb6811c2,1958,West Germany,Defender,19.0
12862675-532f-55e0-ab4e-6268cb6811c2,1970,West Germany,Defender,31.0
12862675-532f-55e0-ab4e-6268cb6811c2,1962,West Germany,Defender,23.0
d079e450-eb05-5520-b977-3daa9ef3d616,1974,East Germany,Midfielder,20.0
4deecbdc-a5e9-5738-a850-21bc799ec0a8,1934,Netherlands,Forward,23.0
8d2528c6-9554-506d-9eda-22e06268e435,1978,Netherlands,Midfielder,26.0
b13254b4-21ed-5dfa-a244-99f2ebe45248,2002,England,Midfielder,28.0
b13254b4-21ed-5dfa-a244-99f2ebe45248,1998,England,Midfielder,24.0
1b2c8d48-fe1b-5acf-80e2-01379934168c,1998,Austria,Midfielder,24.0
1d5b4e4e-7a18-5a4e-b36d-6801ab75c6d5,2018,Iceland,Goalkeeper,23.0
4ce8ae59-5348-5c4a-9694-ca22a77f8068,1978,Netherlands,Goalkeeper,32.0
4ce8ae59-5348-5c4a-9694-ca22a77f8068,1974,Netherlands,Goalkeeper,28.0
af9c57b2-48e2-5ccc-8eda-21563a998527,1954,Czechoslovakia,Goalkeeper,23.0
af9c57b2-48e2-5ccc-8eda-21563a998527,1958,Czechoslovakia,Goalkeeper,27.0
af9c57b2-48e2-5ccc-8eda-21563a998527,1962,Czechoslovakia,Goalkeeper,31.0
2f95a55d-bb8c-5b40-88f5-1d3ac0962fd8,1954,France,Forward,23.0
8c5f81c0-ec0b-5d13-a373-982a18bcaac7,1966,West Germany,Defender,28.0
8c5f81c0-ec0b-5d13-a373-982a18bcaac7,1970,West Germany,Defender,32.0
8c5f81c0-ec0b-5d13-a373-982a18bcaac7,1962,West Germany,Defender,24.0
6a033d45-4d71-5466-9f40-959b501a5bc8,1986,West Germany,Goalkeeper,32.0
6a033d45-4d71-5466-9f40-959b501a5bc8,1982,West Germany,Goalkeeper,28.0
368c1c2d-3834-5e8a-8f62-ef66dd3f74db,1966,France,Goalkeeper,25.0
20914f84-d111-52d5-af4d-c9afeabeb1fa,1970,Israel,Midfielder,24.0
62a37b04-1917-57c5-93a4-70e501d8788c,1934,Germany,Defender,21.0
52d5b942-658c-5e99-8208-f933b27af1f8,1934,Romania,Forward,25.0
6812abc4-02ac-5648-b657-a774c932b055,1994,Sweden,Midfielder,25.0
6812abc4-02ac-5648-b657-a774c932b055,1990,Sweden,Midfielder,21.0
7927f2c4-ff59-5fb1-9bb1-e7960566e5d0,1978,West Germany,Defender,30.0
7927f2c4-ff59-5fb1-9bb1-e7960566e5d0,1974,West Germany,Defender,26.0
99798262-6222-512f-b83e-af230a0831cf,2010,Australia,Goalkeeper,38.0
99798262-6222-512f-b83e-af230a0831cf,2006,Australia,Goalkeeper,34.0
138c2226-c3eb-555a-9a0f-d42b5be27b03,2010,Switzerland,Midfielder,23.0
b58d7d71-ca0a-5d31-9a36-fb6f46f10a6a,2014,Germany,Midfielder,30.0
b58d7d71-ca0a-5d31-9a36-fb6f46f10a6a,2010,Germany,Midfielder,26.0
b58d7d71-ca0a-5d31-9a36-fb6f46f10a6a,2006,Germany,Midfielder,22.0
33d90396-f213-5c12-9bd4-156c9856a628,1954,West Germany,Forward,27.0
33d90396-f213-5c12-9bd4-156c9856a628,1958,West Germany,Forward,31.0
33d90396-f213-5c12-9bd4-156c9856a628,1962,West Germany,Forward,35.0
49d98770-f688-57d0-9745-bf460db0ed86,2018,Switzerland,Defender,27.0
49d98770-f688-57d0-9745-bf460db0ed86,2014,Switzerland,Defender,23.0
49d98770-f688-57d0-9745-bf460db0ed86,2022,Switzerland,Defender,31.0
cf3666ba-c35a-5a9f-9235-3b71ed052316,2018,Denmark,Midfielder,32.0
9185d660-fd32-578f-957f-0889725c7aca,1990,Austria,Defender,23.0
9185d660-fd32-578f-957f-0889725c7aca,1998,Austria,Defender,31.0
d44f15c8-e971-57e4-91b9-0cac9154c081,2014,Germany,Forward,24.0
c5013b42-2695-55c9-836b-f821675c32c6,1994,Belgium,Midfielder,28.0
c5013b42-2695-55c9-836b-f821675c32c6,1990,Belgium,Midfielder,24.0
c5013b42-2695-55c9-836b-f821675c32c6,1986,Belgium,Midfielder,20.0
c5013b42-2695-55c9-836b-f821675c32c6,1998,Belgium,Midfielder,32.0
90618d58-300d-5f34-a72a-46b3aac0b1d5,1978,Italy,Defender,25.0
90618d58-300d-5f34-a72a-46b3aac0b1d5,1986,Italy,Defender,33.0
90618d58-300d-5f34-a72a-46b3aac0b1d5,1982,Italy,Defender,29.0
3e083d80-b12c-5d6b-b5a3-167937159f3b,1930,Argentina,Forward,22.0
74b09ac9-c4f8-5fa7-9413-bc260e103aa1,1994,Argentina,Goalkeeper,33.0
d220b666-4a02-53fc-bc08-7a80c1f3fbc2,2006,Trinidad and Tobago,Forward,27.0
6e1016c6-7a65-5fbe-a05e-2f687fb6a984,1958,Scotland,Forward,-26.0
4989b559-8388-5a2d-8a16-f1e792fd8690,1958,Northern Ireland,Forward,25.0
5123330c-f710-577f-8c58-ccb03375c76c,1950,England,Defender,33.0
d219adab-515a-5405-b354-ce591b4eb60e,2010,Uruguay,Defender,35.0
7a7158ca-feed-5c7d-863a-51a283f6ab92,1990,England,Goalkeeper,27.0
7a7158ca-feed-5c7d-863a-51a283f6ab92,2002,England,Goalkeeper,39.0
7a7158ca-feed-5c7d-863a-51a283f6ab92,1998,England,Goalkeeper,35.0
6f1abcd9-d4e0-553a-80db-e58eae369e9e,1998,Netherlands,Midfielder,22.0
33864d66-d8d9-524b-a228-8e6849104a8d,1966,West Germany,Forward,30.0
33864d66-d8d9-524b-a228-8e6849104a8d,1958,West Germany,Forward,22.0
33864d66-d8d9-524b-a228-8e6849104a8d,1970,West Germany,Forward,34.0
33864d66-d8d9-524b-a228-8e6849104a8d,1962,West Germany,Forward,26.0
c0e5cd0a-3f70-573c-9cf1-2e614602e3aa,2018,Switzerland,Forward,26.0
c0e5cd0a-3f70-573c-9cf1-2e614602e3aa,2014,Switzerland,Forward,22.0
c0e5cd0a-3f70-573c-9cf1-2e614602e3aa,2022,Switzerland,Forward,30.0
26abc14d-6bea-5512-a4c0-ef04a4c8dfee,1962,Spain,Defender,35.0
fe5f2509-261f-507d-8edf-2fcf04bc5376,1954,Italy,Forward,24.0
17247e53-1a1e-5904-8d2c-a95486609e8d,1958,Paraguay,Defender,26.0
e72c3c46-0e75-5112-a4c8-61b0d40b2fd1,1974,East Germany,Midfielder,29.0
c89b3dcd-7591-565b-ba99-fd7b60aba5d9,1990,Costa Rica,Goalkeeper,27.0
c040a803-75b3-5621-8397-f7ae4c9c5ac2,2022,Ghana,Defender,22.0
93a2d791-d590-5775-82b1-c14655e1b7d9,2010,Greece,Defender,29.0
9695c084-73d9-5675-acae-bf9883930ff9,1930,Yugoslavia,Forward,24.0
7aabd700-e958-5226-ac13-dbef8789e635,1970,Sweden,Defender,25.0
dcc4f97e-9b0e-529f-b5c8-76a39f3849b7,1998,Morocco,Defender,28.0
7427e237-371e-598a-a157-c307a6a9cea0,2002,Tunisia,Forward,30.0
7427e237-371e-598a-a157-c307a6a9cea0,1998,Tunisia,Forward,26.0
90b9a168-211f-52d4-a22f-bfa2c004a0f0,1958,Sweden,Forward,27.0
70c19169-ca1f-58c8-af9a-23b5847d3530,1982,Italy,Forward,29.0
c70a9b6f-3692-5307-9ff6-1c23fbc053c9,1994,Romania,Defender,24.0
c70a9b6f-3692-5307-9ff6-1c23fbc053c9,1998,Romania,Defender,28.0
b6642731-9f16-580d-bc58-7dc0f9136fc9,2002,Russia,Midfielder,26.0
55275e26-c826-5cf1-a353-bc01d4efbbd8,1982,Czechoslovakia,Goalkeeper,30.0
0a97b6fc-3d17-58d6-8fea-56833c09d228,2022,Ghana,Forward,22.0
775c9d3d-2658-5a00-a314-4f2041a349a2,1970,Belgium,Midfielder,30.0
fbcbd3c8-ab78-5c86-a048-bab024f9c28f,2002,Russia,Midfielder,24.0
90f62e54-7a6f-5532-9960-b90b6e878faa,2018,Russia,Defender,29.0
90f62e54-7a6f-5532-9960-b90b6e878faa,2014,Russia,Defender,25.0
57d348c0-7440-5438-b1b9-54fa8fc76fb3,2014,Switzerland,Defender,29.0
57d348c0-7440-5438-b1b9-54fa8fc76fb3,2010,Switzerland,Defender,25.0
57d348c0-7440-5438-b1b9-54fa8fc76fb3,2006,Switzerland,Defender,21.0
d90e3e85-4d61-5763-b891-e4a58e8e9440,1938,Czechoslovakia,Forward,19.0
30eae9d9-af11-5756-a831-f1f8951b409c,1958,Austria,Forward,25.0
6e8f7a4f-4bdc-5cfc-82a4-c26b3b8f1020,2006,Spain,Midfielder,30.0
05b2fb0a-3065-5bc2-9fa7-fe52a1efcc4b,2002,Russia,Defender,26.0
79fd0c18-dd97-5bcd-8e9e-2dbced3ea3c2,1994,Argentina,Defender,28.0
79fd0c18-dd97-5bcd-8e9e-2dbced3ea3c2,1990,Argentina,Defender,24.0
79fd0c18-dd97-5bcd-8e9e-2dbced3ea3c2,1998,Argentina,Defender,32.0
4b70d1e5-2d29-5653-8026-7b2c5689aac4,1950,Italy,Goalkeeper,30.0
b389d1cf-4f4b-55e5-89e5-bfb5fb3d03b2,1998,South Korea,Goalkeeper,24.0
6cfde1d5-b10b-5e02-ae4d-cc75d49140f8,1994,South Korea,Forward,24.0
6cfde1d5-b10b-5e02-ae4d-cc75d49140f8,1998,South Korea,Forward,28.0
ea033eff-6358-5f94-a61a-8b5c6a5028c5,2002,South Korea,Forward,23.0
ea033eff-6358-5f94-a61a-8b5c6a5028c5,2006,South Korea,Forward,27.0
6fe3e19c-4d3f-500f-9806-e9d02d766dac,1934,Romania,Forward,24.0
daa50347-a81d-5079-98f2-e80871e42eaa,1954,Mexico,Forward,31.0
daa50347-a81d-5079-98f2-e80871e42eaa,1950,Mexico,Forward,27.0
7b2698dd-0931-55a7-8571-dc7396414552,1958,Mexico,Defender,
7b2698dd-0931-55a7-8571-dc7396414552,1962,Mexico,Defender,
27f548cd-b5b3-56b6-bdba-5b6399c728e3,2006,Costa Rica,Midfielder,29.0
a43b21ad-049d-5243-9f02-c8e2089d5446,2022,Costa Rica,Goalkeeper,23.0
c70f5dd5-b901-5ea0-ae49-2323037586c8,1998,Iran,Forward,27.0
a381ecb2-6a4c-538c-9c87-0814ee03853a,1938,Italy,Midfielder,32.0
ee2f7dd5-e451-5a07-bb61-745ea26082c9,1966,Soviet Union,Midfielder,26.0
ee2f7dd5-e451-5a07-bb61-745ea26082c9,1970,Soviet Union,Midfielder,30.0
ee2f7dd5-e451-5a07-bb61-745ea26082c9,1962,Soviet Union,Midfielder,22.0
f11c5dca-224c-5c15-855c-1697aadce860,1990,Italy,Forward,30.0
f11c5dca-224c-5c15-855c-1697aadce860,1986,Italy,Forward,26.0
7fc2a03b-9879-5980-b055-7319bfe5f8d5,1994,Spain,Defender,23.0
7fc2a03b-9879-5980-b055-7319bfe5f8d5,1998,Spain,Defender,27.0
4c3f7f1e-4ee7-5a31-813a-43ca43fcbad6,1982,Brazil,Forward,29.0
8085fd95-eb5f-5079-816d-64fa1930d088,2002,Spain,Midfielder,26.0
2e8faedc-51cf-5055-affe-3edbbe2ba72e,1994,Colombia,Midfielder,26.0
2e8faedc-51cf-5055-affe-3edbbe2ba72e,1998,Colombia,Midfielder,30.0
654467e6-c9e9-53f2-b0cc-53c46a948d4b,1962,Colombia,Midfielder,24.0
3970948e-048f-59e6-aebf-12fb186a84c7,1990,Argentina,Defender,28.0
841c7d57-b731-5f1e-87e7-7c47494f5869,1986,Mexico,Defender,23.0
24a01c2e-67f0-59d7-82f2-b2dac029d730,1958,Mexico,Forward,31.0
fba6f3df-cde1-554e-afb8-9e7c85749e1f,1934,Austria,Defender,28.0
903ec853-cc4a-5ef4-a012-b41d00a8d0db,1986,Spain,Midfielder,28.0
849f9c36-bfe0-5c03-b5b1-019ae9f6aa9a,1958,England,Midfielder,22.0
9ab0cc65-d042-5444-baef-f1f4eac8d23a,2022,South Korea,Midfielder,25.0
e9135d23-55c1-5a41-9333-fb54c867e5da,1998,Jamaica,Defender,26.0
a504799e-c112-509b-a2f5-0928b4173dde,1938,Belgium,Defender,26.0
31b7d8b7-62ad-5461-86dc-19e7c144c6e7,1986,Spain,Midfielder,28.0
70eb520b-9f1a-51a1-8df2-283c5a764340,1938,Romania,Defender,29.0
70eb520b-9f1a-51a1-8df2-283c5a764340,1934,Romania,Defender,25.0
47e5d53e-75e9-5209-9048-7e4b71b0d33e,1994,Switzerland,Midfielder,24.0
9d5178a9-62ee-5f6e-8672-c564443112cf,2006,Sweden,Goalkeeper,31.0
e615820a-4e3a-56a5-bb15-72963ec2d721,1998,Iran,Defender,26.0
74334677-4426-5466-9447-5a1101507a42,1986,Iraq,Defender,28.0
2b1fb517-db11-5fcc-b57f-91fafa4de85b,1986,Iraq,Defender,28.0
045f2903-29ea-5fae-a3f8-2bcc9736eb7d,1966,Bulgaria,Defender,25.0
045f2903-29ea-5fae-a3f8-2bcc9736eb7d,1970,Bulgaria,Defender,29.0
43eee441-3796-5dae-9540-78a45d92b3ca,1990,Soviet Union,Midfielder,21.0
6051c245-9c82-58fb-8c93-c0f501178a90,2002,China,Midfielder,22.0
58319fc1-727a-5098-b6d7-ba403089da0c,2018,Switzerland,Midfielder,27.0
58319fc1-727a-5098-b6d7-ba403089da0c,2014,Switzerland,Midfielder,23.0
58319fc1-727a-5098-b6d7-ba403089da0c,2022,Switzerland,Midfielder,31.0
58319fc1-727a-5098-b6d7-ba403089da0c,2010,Switzerland,Midfielder,19.0
db3a37da-516b-5d37-9cc4-d97621e13a1c,2022,Saudi Arabia,Midfielder,29.0
6c2d36f8-0268-5a61-b199-187e1b7af883,1986,Scotland,Forward,26.0
22e967fd-166a-5b5a-a9c2-01723b195839,2014,Russia,Midfielder,24.0
70526309-ac72-5d61-8ffd-72b8918c69aa,2014,England,Defender,19.0
70526309-ac72-5d61-8ffd-72b8918c69aa,2022,England,Defender,27.0
9958e7e4-4f32-5b58-96d5-45d35c1f1022,1990,Egypt,Forward,28.0
c7a6b109-34f6-5eca-bf61-d4cc1a429aa0,2014,Russia,Defender,23.0
b027fabe-5a44-53b8-ac54-6ef26d053b42,1998,England,Forward,28.0
65643bad-2833-5c05-a2ce-fff3b546b7f2,1990,Republic of Ireland,Midfielder,31.0
55f47a3f-f9a2-5bdb-9f00-484993b5d848,2006,Ukraine,Midfielder,30.0
77d76bdf-d63c-5624-8f59-91634cefae50,1982,Soviet Union,Forward,25.0
093f493c-53df-576c-9052-1be93cffe491,1994,Republic of Ireland,Midfielder,30.0
093f493c-53df-576c-9052-1be93cffe491,1990,Republic of Ireland,Midfielder,26.0
44400bda-843b-5cee-bff0-eb8482efd125,2002,England,Forward,36.0
44400bda-843b-5cee-bff0-eb8482efd125,1998,England,Forward,32.0
8adca167-d5f1-533b-aece-97bed7b80fc6,1966,Soviet Union,Defender,25.0
8adca167-d5f1-533b-aece-97bed7b80fc6,1970,Soviet Union,Defender,29.0
8adca167-d5f1-533b-aece-97bed7b80fc6,1962,Soviet Union,Defender,21.0
915fd96c-d612-5f72-9a72-c07f8eb47de6,2006,Ukraine,Forward,30.0
57e6e8db-75f7-540e-8bb9-ff647b2a63c8,2018,Japan,Midfielder,26.0
57e6e8db-75f7-540e-8bb9-ff647b2a63c8,2022,Japan,Midfielder,30.0
ad9e1a1b-4ad8-5657-ac4d-758e85902244,2018,Egypt,Forward,32.0
b5fe5f49-73b2-5d07-9d96-44fa3ba28885,2006,Ghana,Defender,24.0
8e855bd2-558c-55a0-97dc-c3c55c6b739c,1990,England,Goalkeeper,41.0
8e855bd2-558c-55a0-97dc-c3c55c6b739c,1986,England,Goalkeeper,37.0
8e855bd2-558c-55a0-97dc-c3c55c6b739c,1982,England,Goalkeeper,33.0
23f6f1c1-9095-5b3a-b488-46ee2bf9ae53,1994,South Korea,Defender,26.0
b6dcbec9-54c4-59c1-9dbe-f4d002beab38,1966,North Korea,Defender,24.0
e36205cd-d7f0-5276-a9be-4c771931bba5,2010,Nigeria,Defender,30.0
6a57d8b0-13b9-59ad-a3d5-7c50852d8d47,1970,Israel,Midfielder,30.0
b917d9bc-6285-5462-9d41-bf582d858837,1970,Soviet Union,Goalkeeper,22.0
bab2d77b-311a-5327-85d9-bab705edeb2c,1990,Egypt,Goalkeeper,30.0
7f287a8f-49e4-5190-a6c5-34dd2c10062d,1978,Iran,Midfielder,25.0
b6032246-63f7-5762-854d-97e218bccac0,2018,Iran,Midfielder,34.0
b6032246-63f7-5762-854d-97e218bccac0,2014,Iran,Midfielder,30.0
b6032246-63f7-5762-854d-97e218bccac0,2006,Iran,Midfielder,22.0
7c8b653d-d39c-5426-a713-5b5373b3fd4c,2018,Japan,Defender,26.0
5026303b-ac28-50a7-b3ce-3b9795afbf21,2002,Nigeria,Goalkeeper,35.0
0554a8b8-9dfe-5e35-b9ed-5fa706437b31,2006,Ukraine,Goalkeeper,31.0
94eea700-a0de-539f-ba3e-12517ac2e9f8,1970,Israel,Midfielder,22.0
f2804f06-7f54-5b0b-88a2-632ec0df9800,1970,Israel,Midfielder,24.0
361e4176-9e9b-525c-8a33-631742639032,2006,Ukraine,Goalkeeper,20.0
6be2c01d-fdde-55ca-98c6-b2c2c15e48e4,2014,Algeria,Goalkeeper,29.0
03bae390-4161-5074-847b-9a95e8562de1,1994,Nigeria,Forward,27.0
0854f8b3-766e-54ca-bf4d-dac561ddcae7,2010,South Africa,Midfielder,33.0
0854f8b3-766e-54ca-bf4d-dac561ddcae7,2002,South Africa,Midfielder,25.0
c36cf1f1-4e51-5b10-b484-6e103fc77fab,2002,Poland,Midfielder,31.0
4f0f3d29-bed9-5817-a630-4f346f82dedd,1966,Soviet Union,Midfielder,22.0
79040834-e33c-546d-93a0-04491da3fe06,2018,France,Defender,26.0
2a41e4cc-58a7-56ee-bdeb-46f241b4c4a9,1950,Switzerland,Forward,27.0
4b242d16-8ba0-59dc-a599-fbd652784b87,1966,West Germany,Defender,24.0
4b242d16-8ba0-59dc-a599-fbd652784b87,1970,West Germany,Defender,28.0
fa418c56-c443-5ad8-a559-10c21349587f,1998,Chile,Midfielder,30.0
9588317e-4634-5a1b-9663-2ceaa8bc5166,2010,Greece,Goalkeeper,26.0
61781628-92e1-5e9b-8846-c26d0fb63416,1938,Germany,Forward,26.0
61781628-92e1-5e9b-8846-c26d0fb63416,1934,Germany,Forward,22.0
52cf6a86-9919-5b1c-945b-55b10d36e7a4,2010,New Zealand,Defender,29.0
cbc684ee-9a36-5a07-a155-3e4b7fe8d28e,1994,Italy,Forward,26.0
5207230c-f35c-58a0-8be9-30e78c4b98c7,2018,Iceland,Forward,27.0
b6088d18-7eb5-5da0-bf05-a1f70625779a,2018,Iceland,Midfielder,29.0
260bca14-0a12-5a35-8366-e913b43145e8,2018,Iceland,Defender,32.0
84e6c0ed-7d98-5817-a169-acf8862621cd,1998,South Africa,Forward,29.0
86250577-e5b5-519f-89ac-3f4a01988fa4,1990,Brazil,Midfielder,25.0
86250577-e5b5-519f-89ac-3f4a01988fa4,1986,Brazil,Midfielder,21.0
2bbc923e-cbaa-53fa-a063-0cbe9213aecf,1958,England,Defender,25.0
4089d9b2-e02c-5773-af2e-1d12d7002b8f,1934,Czechoslovakia,Forward,32.0
b017f6b0-6c38-5a3b-ac48-f6c7a4841a34,2018,Portugal,Midfielder,29.0
dc04bce3-c080-52e4-86bd-5febf12e34f6,1950,Spain,Midfielder,24.0
9314ca05-2f26-58dc-ba36-d31746ef7b28,2018,Portugal,Forward,23.0
9314ca05-2f26-58dc-ba36-d31746ef7b28,2022,Portugal,Forward,27.0
e2e41d08-16ff-56fb-9f73-eea048889955,2022,Portugal,Defender,19.0
59013121-ee41-5b8e-84e9-bc6aede3e708,2018,Portugal,Midfielder,24.0
59013121-ee41-5b8e-84e9-bc6aede3e708,2022,Portugal,Midfielder,28.0
15d7c7cd-e0e6-5338-a85c-be0a07eef35e,2002,Uruguay,Forward,30.0
c4d62818-f344-5712-9972-f0b4fb286d2b,2018,Spain,Midfielder,32.0
c4d62818-f344-5712-9972-f0b4fb286d2b,2014,Spain,Midfielder,28.0
c4d62818-f344-5712-9972-f0b4fb286d2b,2010,Spain,Midfielder,24.0
484550d9-d36d-5869-9c95-dd88b68b8c74,2014,Chile,Midfielder,28.0
7d378ad7-1c6e-5aca-9536-18b913ae7429,2018,Uruguay,Defender,24.0
89d7e628-a6ca-503a-b430-56b2db2f3389,2010,Brazil,Midfielder,34.0
89d7e628-a6ca-503a-b430-56b2db2f3389,2002,Brazil,Midfielder,26.0
89d7e628-a6ca-503a-b430-56b2db2f3389,2006,Brazil,Midfielder,30.0
8d85d009-8da0-5dbb-b2d9-032b9120ddc6,1966,Uruguay,Midfielder,26.0
8d85d009-8da0-5dbb-b2d9-032b9120ddc6,1962,Uruguay,Midfielder,22.0
002ac1c7-3c1a-5ae3-a277-de55692d3241,1962,Colombia,Midfielder,27.0
2666e319-7751-504d-9a54-b692b658e9da,1974,Uruguay,Forward,26.0
e2b5d5f9-4226-52be-a270-f0398bb179ad,2018,Uruguay,Goalkeeper,35.0
e2b5d5f9-4226-52be-a270-f0398bb179ad,2014,Uruguay,Goalkeeper,31.0
e2b5d5f9-4226-52be-a270-f0398bb179ad,2010,Uruguay,Goalkeeper,27.0
e755bf0f-5c39-5407-9fa9-3a72aca468ed,1994,Brazil,Midfielder,26.0
dc2f4a7f-af36-550d-a408-3cbe6dbf8ab8,2014,Portugal,Midfielder,21.0
e635f861-b104-5709-8b2f-66521a390f3b,2018,Brazil,Defender,34.0
e635f861-b104-5709-8b2f-66521a390f3b,2014,Brazil,Defender,30.0
e635f861-b104-5709-8b2f-66521a390f3b,2022,Brazil,Defender,38.0
e635f861-b104-5709-8b2f-66521a390f3b,2010,Brazil,Defender,26.0
eab02ddb-82fe-5210-b979-f3a25c643216,1966,Brazil,Forward,26.0
d08f4c46-3ed9-5831-ad9f-b98be6d349cc,2002,France,Defender,25.0
d08f4c46-3ed9-5831-ad9f-b98be6d349cc,2006,France,Defender,29.0
92b17102-d8f3-55a4-bf98-93cc129d5c06,1966,Argentina,Midfielder,32.0
5ad1bc1e-90ce-5c75-8514-b23f97183831,1994,Argentina,Midfielder,24.0
5ad1bc1e-90ce-5c75-8514-b23f97183831,2002,Argentina,Midfielder,32.0
5ad1bc1e-90ce-5c75-8514-b23f97183831,1998,Argentina,Midfielder,28.0
1030b9d8-5091-5798-9ece-1f083a22af1b,1966,Bulgaria,Goalkeeper,20.0
1030b9d8-5091-5798-9ece-1f083a22af1b,1970,Bulgaria,Goalkeeper,24.0
1030b9d8-5091-5798-9ece-1f083a22af1b,1974,Bulgaria,Goalkeeper,28.0
00f6f187-4d52-594d-8b9c-94074df06932,2002,Slovenia,Goalkeeper,35.0
dece4161-65e5-5c9e-b541-6646a223a731,1998,Cameroon,Midfielder,20.0
21201e52-040e-58ca-8285-c3f5a427b1e8,1966,France,Midfielder,25.0
954bbf29-6b76-5676-9c2a-eea40fec5565,1934,Belgium,Midfielder,30.0
760c7776-139d-532b-881b-fa3f72b14956,2002,Belgium,Midfielder,26.0
d18ddfa3-d38a-5304-9446-e78ffa3f7837,2022,Netherlands,Midfielder,19.0
97400169-5772-5e13-b927-1eb72348f9c3,1986,Denmark,Forward,34.0
f6398faf-862b-5957-b777-381fc333d2ef,1982,New Zealand,Midfielder,23.0
929f6387-c1e1-58ec-9e44-92609e23c913,1958,Sweden,Forward,23.0
1d05b230-6329-5f39-980c-d781757476d4,1958,Soviet Union,Forward,32.0
03bf13ac-885a-5798-a183-f9ba5c14803a,1958,Northern Ireland,Forward,29.0
f2154596-0ea2-500b-b001-e24ffd594654,1998,Jamaica,Midfielder,28.0
c134e85d-21b1-50ba-8321-d721adceda63,2010,Portugal,Midfielder,31.0
c134e85d-21b1-50ba-8321-d721adceda63,2006,Portugal,Midfielder,27.0
a5abdec0-1f7b-5a96-90a4-fca8a0a29b9d,1990,Argentina,Defender,30.0
0e9b267f-968e-5926-9e1b-f98b3b7563fd,2022,Spain,Goalkeeper,25.0
2b35b341-d0b8-5340-a0f8-5d2f9683fab5,1966,Portugal,Midfielder,23.0
01c99481-ace6-5fdc-b72a-bb60afebf93d,1998,Jamaica,Defender,27.0
5b985c8a-2070-5817-a892-2cb97e17f002,2002,England,Midfielder,29.0
c402284f-cae3-5c64-8600-cc9a2e5ca60f,1934,Austria,Forward,31.0
c7dd1faf-7846-5ce3-ac73-110d04dea16a,2006,Mexico,Midfielder,30.0
8260b140-85ba-5477-ae4b-c537aba55259,2014,Ivory Coast,Forward,25.0
e37d43c9-a788-5751-b0bd-a59ce4d280c8,2006,Czech Republic,Midfielder,29.0
852d457f-6c56-5a40-88ee-f1953951959b,1966,Hungary,Defender,34.0
852d457f-6c56-5a40-88ee-f1953951959b,1958,Hungary,Defender,26.0
852d457f-6c56-5a40-88ee-f1953951959b,1962,Hungary,Defender,30.0
6a510767-5ac6-5938-abbf-4a92e0b014e5,1994,Bulgaria,Forward,32.0
6a510767-5ac6-5938-abbf-4a92e0b014e5,1986,Bulgaria,Forward,24.0
44d435fe-8d05-5de3-841f-c7b09e838218,2014,Italy,Goalkeeper,27.0
9dabd1ae-be2c-536e-a95b-6d243a7b058f,2014,France,Midfielder,25.0
a6f7eef3-28c0-55ca-a1b9-49d25fc02141,2018,Denmark,Forward,23.0
5bcc9040-74ee-5845-b4a5-d05e9b07e98d,1986,Denmark,Defender,25.0
9430c93b-818d-552e-9b73-2166a6777b56,1978,France,Midfielder,24.0
9430c93b-818d-552e-9b73-2166a6777b56,1982,France,Midfielder,28.0
1d9c2f58-b97f-59c0-a0ec-f18d55af65a3,1938,Sweden,Goalkeeper,25.0
a1431dc5-0e29-5cd3-8fff-be95b3110d78,1978,Sweden,Forward,26.0
8787994a-04a8-5b16-a277-f4a3eaa98db9,2018,Tunisia,Midfielder,23.0
8787994a-04a8-5b16-a277-f4a3eaa98db9,2022,Tunisia,Midfielder,27.0
74197898-07bb-5590-b13e-fd29341ecb35,1962,Yugoslavia,Forward,21.0
419aa66e-7b93-529e-b562-89006a98ad8a,1950,Sweden,Midfielder,21.0
419aa66e-7b93-529e-b562-89006a98ad8a,1958,Sweden,Midfielder,29.0
5f89062d-9aff-5037-b186-2598fb5e9915,2006,Australia,Midfielder,31.0
e695cd14-d90c-596d-86a7-34bce353595d,2022,Poland,Goalkeeper,31.0
c49ebfd4-656b-57f0-a2c2-7e90d5430612,1938,Germany,Midfielder,29.0
bd75ef15-8c31-56f9-b89a-db461d4bb39a,2022,Denmark,Midfielder,26.0
97df1da7-d88a-5068-b618-722272169a91,1982,Poland,Defender,21.0
e6ab21ee-0c6c-5c0a-a23f-690085bed84e,1990,Czechoslovakia,Forward,25.0
c3f7b2c2-77d8-5f98-9ece-3e324a1223a5,2022,Poland,Midfielder,22.0
8289302f-ce49-573d-b803-d68c038a52ab,2018,Iceland,Defender,31.0
2245bab6-f906-500c-b84e-8bfed82a1350,2018,Iceland,Midfielder,35.0
0404b9d9-427e-5d87-886b-39c71f2e3834,1958,England,Midfielder,31.0
fa1f4a1b-cf89-5d8c-a376-4f8380a54733,1990,Republic of Ireland,Forward,30.0
3afd9827-0954-52a1-a800-d7e9a98f776b,2014,Algeria,Forward,26.0
46a76628-130e-52b7-923a-3787b8f7b078,1970,Morocco,Defender,22.0
86d75500-c171-5937-8333-4814cc2a2b98,2018,Tunisia,Forward,26.0
86d75500-c171-5937-8333-4814cc2a2b98,2022,Tunisia,Forward,30.0
07ddcc1d-004b-5d15-a42a-ac6a40f3f201,1930,United States,Midfielder,23.0
70ee4a30-5eb3-52a3-bcdd-eacee589e397,2014,England,Defender,25.0
62d232e3-5c8a-53f0-a14c-9ca354c28a87,1938,Belgium,Defender,27.0
62d232e3-5c8a-53f0-a14c-9ca354c28a87,1934,Belgium,Defender,23.0
d43541df-56fe-5c09-b344-1186dc7a97e6,2010,New Zealand,Forward,29.0
a449783d-a533-5d8a-aee5-97b811900950,2002,Russia,Midfielder,27.0
46a66ae3-5781-561d-9327-a4e9d440be3f,1994,Belgium,Defender,31.0
e92bf2b1-7acf-5365-8fc6-cade1160d743,1934,Austria,Midfielder,29.0
fb423c68-ae81-50e0-98d1-c9aa9d7bfaf7,1938,Netherlands,Forward,27.0
fb423c68-ae81-50e0-98d1-c9aa9d7bfaf7,1934,Netherlands,Forward,23.0
bc1cf91d-c5d0-51d2-80d5-7bf7fb9c0290,1958,England,Forward,25.0
4a705dca-98fe-5893-aac5-b41877de26a1,2018,Costa Rica,Defender,20.0
86986926-3108-5b70-95d1-a686957fa5a0,2022,Wales,Midfielder,23.0
deb7b4ba-536c-5781-bb82-1534cd25cc76,2010,New Zealand,Defender,20.0
0dab504e-f45a-5570-b922-27fc89151606,2006,Poland,Forward,25.0
6255ccfb-2f9f-5a8b-9435-82024e4e6ddc,1986,Poland,Forward,29.0
6255ccfb-2f9f-5a8b-9435-82024e4e6ddc,1982,Poland,Forward,25.0
46591683-38f8-59ae-9684-4a342b598681,2018,Russia,Defender,30.0
3f011b69-57e5-5968-a835-af4140c84b0a,2018,Russia,Forward,28.0
bb23b5b6-c2de-5d14-88fe-f67a7755e02c,2014,Netherlands,Midfielder,30.0
bb23b5b6-c2de-5d14-88fe-f67a7755e02c,2010,Netherlands,Midfielder,26.0
bb23b5b6-c2de-5d14-88fe-f67a7755e02c,2006,Netherlands,Midfielder,22.0
fb894f71-2c52-5d87-bbb7-47fbd91a3f53,1994,Netherlands,Goalkeeper,31.0
3e617f6c-7b1e-5311-b7e6-e64b6d50266d,2018,Egypt,Forward,21.0
89869b43-6438-5a0d-8eaa-f0a2b2283ba7,2006,Poland,Midfielder,30.0
ed149fa8-c6d4-5f26-9595-2d0e477814a3,1934,Czechoslovakia,Forward,23.0
2c0deb42-7aa7-5754-ab68-db9f5f658019,1986,Portugal,Defender,25.0
7d3633c7-7272-567e-b671-0db3de773938,1938,Cuba,Forward,26.0
412457ad-13fd-59ef-a18a-21c40af4bf37,1974,Chile,Midfielder,23.0
4282a364-bb2e-5be4-ac56-6ec0a8f86056,2002,Nigeria,Defender,30.0
48129da6-c5a5-5efe-a8cb-66fafa4c4acd,1938,Dutch East Indies,Forward,23.0
0cd2cc30-00b7-5afb-a860-d8aec3930ae2,2002,Japan,Goalkeeper,23.0
48226e9e-2e12-592e-8703-1fa82520eab0,1962,Bulgaria,Forward,20.0
fd2ec7a3-9198-5919-8490-9e82131f9bff,1966,Argentina,Midfielder,25.0
c03cf007-547f-540d-b2d6-6a01542435e4,1998,Norway,Midfielder,30.0
6a25beec-6da9-5f95-bc6d-5f61249d9f4e,1950,Switzerland,Midfielder,35.0
20f0f8f3-3059-544a-88b9-ab805dcd3e14,2002,Croatia,Midfielder,35.0
20f0f8f3-3059-544a-88b9-ab805dcd3e14,1998,Croatia,Midfielder,31.0
9972272b-1362-5b44-9668-88cd09147e61,2022,Spain,Midfielder,25.0
98973c3f-0976-5eef-a04b-d8a6f693ed8b,1982,France,Forward,28.0
b863414a-cd72-5912-8516-eebb9d4ae067,1990,Egypt,Midfielder,28.0
51fca4e3-260a-5b6b-96d9-ffea4c125fbe,2002,Russia,Defender,27.0
151e5b9b-334e-5f38-aabf-a755f7e09424,1998,Norway,Forward,25.0
92416f30-4ee6-58ba-9e4d-db98eed3ed64,1962,Hungary,Defender,22.0
681825d2-2f66-56c8-adac-e38628eed5ab,1934,Spain,Midfielder,29.0
151a8f33-961b-5daf-8320-5b4918365413,2002,Costa Rica,Midfielder,30.0
151a8f33-961b-5daf-8320-5b4918365413,2006,Costa Rica,Midfielder,34.0
1691b756-1129-50f9-a6fc-89038d706da9,1998,Japan,Defender,27.0
0c50f7a7-e322-591f-b306-2041ec188644,2022,Japan,Midfielder,25.0
811c6872-073d-5c34-9e2b-b077f0abf1d0,1934,Hungary,Midfielder,23.0
a00de2ab-97cd-5a0f-9fda-82a1ed6ea590,1994,United States,Goalkeeper,25.0
a00de2ab-97cd-5a0f-9fda-82a1ed6ea590,1998,United States,Goalkeeper,29.0
6438ab61-e6f2-57ea-bfe1-dfc221d462cb,2018,Switzerland,Goalkeeper,30.0
6438ab61-e6f2-57ea-bfe1-dfc221d462cb,2014,Switzerland,Goalkeeper,26.0
6438ab61-e6f2-57ea-bfe1-dfc221d462cb,2022,Switzerland,Goalkeeper,34.0
3d61def2-7100-5cdd-be17-794cbadc2dd4,2018,South Korea,Midfielder,26.0
3d61def2-7100-5cdd-be17-794cbadc2dd4,2014,South Korea,Midfielder,22.0
3d61def2-7100-5cdd-be17-794cbadc2dd4,2022,South Korea,Midfielder,30.0
81efca44-d188-52a6-9cab-38d03b1b5e24,2002,Belgium,Forward,24.0
88f82ef0-c73c-5040-811b-8ff545c6987e,2014,Cameroon,Midfielder,27.0
88f82ef0-c73c-5040-811b-8ff545c6987e,2010,Cameroon,Midfielder,23.0
30de5167-a0f9-5d47-b913-60e2b8ea70d7,2002,South Korea,Defender,23.0
30de5167-a0f9-5d47-b913-60e2b8ea70d7,2006,South Korea,Defender,27.0
3015dedc-b2a6-53ec-8567-c82ccf30efdb,1994,Cameroon,Defender,18.0
3015dedc-b2a6-53ec-8567-c82ccf30efdb,2010,Cameroon,Defender,34.0
3015dedc-b2a6-53ec-8567-c82ccf30efdb,2002,Cameroon,Defender,26.0
3015dedc-b2a6-53ec-8567-c82ccf30efdb,1998,Cameroon,Defender,22.0
52cf55cf-e1e3-5e18-8466-8916842ecf59,1994,Cameroon,Goalkeeper,30.0
52cf55cf-e1e3-5e18-8466-8916842ecf59,1990,Cameroon,Goalkeeper,26.0
52cf55cf-e1e3-5e18-8466-8916842ecf59,2002,Cameroon,Goalkeeper,38.0
52cf55cf-e1e3-5e18-8466-8916842ecf59,1998,Cameroon,Goalkeeper,34.0
d11b935c-d208-5ea8-9cbb-4703f6a9c085,1994,United States,Midfielder,23.0
dc7ff530-52de-5097-9dc8-4128abaab6ce,1958,Brazil,Defender,27.0
7cbf856f-9354-5676-a292-cbaaa7baa7d0,1930,Peru,Defender,24.0
8a931031-911c-5b41-abf2-d17e12a7cd71,1962,Uruguay,Defender,27.0
7a60acbd-034c-55be-b21a-81152b8a0a12,1994,Bolivia,Midfielder,30.0
8ed1c2dd-c5d0-59dc-a1de-6071ab602e8a,1962,Italy,Forward,23.0
289e0bc3-0ebd-5116-af6f-da2c31ffe04b,2002,Uruguay,Defender,23.0
d4ad407e-192c-592f-93f1-2e5b0fc7737f,1994,Bolivia,Defender,28.0
4eb825fc-abba-5e9d-a27e-f49b97f836b0,2002,Argentina,Defender,26.0
4eb825fc-abba-5e9d-a27e-f49b97f836b0,2006,Argentina,Defender,30.0
f3681c4d-35cf-5c7e-846d-705f6577c488,2022,Croatia,Defender,24.0
e2f04bba-e370-56fe-a35f-d407cc7776c5,1950,Paraguay,Forward,
f0acbe24-6993-51ac-b6ce-b2439785ad9d,1938,Cuba,Forward,
02c12109-fcea-52b3-9dcc-2209d7abf506,1966,Uruguay,Goalkeeper,31.0
02c12109-fcea-52b3-9dcc-2209d7abf506,1962,Uruguay,Goalkeeper,27.0
f659559d-56ae-52d4-8714-4b4ade71b9e7,1962,Argentina,Forward,26.0
4d29fe78-6fba-5d24-a5f7-0f58b45d2cb5,1990,Uruguay,Forward,24.0
42085941-e07a-5a71-9ce0-cfedfeda1101,2022,Uruguay,Goalkeeper,36.0
7c797cb0-1508-53a2-a245-e9e2a429ea07,1930,Mexico,Goalkeeper,28.0
67faa614-93b4-52fc-b67f-b86012c7b877,1978,Peru,Forward,29.0
67faa614-93b4-52fc-b67f-b86012c7b877,1970,Peru,Forward,21.0
ba0f2cd5-8ec2-5f9b-b2b6-23c4723b62ea,1982,Chile,Defender,32.0
fb33e04f-f8fe-562e-bba9-192964a6374b,1978,Mexico,Goalkeeper,26.0
7c55c27f-393c-5065-9944-db2090234987,1998,Tunisia,Midfielder,26.0
fe95c39c-b1bc-5e99-8c26-638a68c7c0f8,2014,Algeria,Forward,27.0
5158dc05-dd80-5870-90ba-ba934e0c561f,1986,Morocco,Midfielder,28.0
7487a822-8013-502e-bc21-b40ecdbbb865,1978,Scotland,Midfielder,25.0
7487a822-8013-502e-bc21-b40ecdbbb865,1986,Scotland,Midfielder,33.0
7487a822-8013-502e-bc21-b40ecdbbb865,1982,Scotland,Midfielder,29.0
e61cd351-7a33-597f-b59a-17522df36580,1986,Portugal,Midfielder,29.0
856d1913-ec05-5136-a565-3079c1affcf6,2002,Portugal,Midfielder,32.0
366f3d16-6d2f-5397-83d0-303e66486cbc,2002,England,Defender,32.0
366f3d16-6d2f-5397-83d0-303e66486cbc,1998,England,Defender,28.0
c4d4bda4-d93b-5d29-abbf-f7726e9f17ee,1954,Uruguay,Forward,24.0
878a7ce3-766a-5a65-aaa4-623f64eb3a12,2022,Australia,Defender,24.0
810d1137-084e-5b1d-8a91-272cf897d55f,1950,United States,Forward,29.0
34e09176-6c22-5ab0-8679-a7b0fcef6c53,1950,United States,Forward,30.0
a4e7aa3f-9200-53cc-ab97-b7da2f73317f,1930,Peru,Forward,26.0
d0f998b5-b8ff-5dbf-a0c5-b2288867b8b5,2022,Switzerland,Midfielder,25.0
b269ef4d-1c35-53b8-8196-c4c801c43cd4,2018,Senegal,Forward,32.0
3ded9ccf-42fd-5409-ba64-187001f74c91,2022,Ghana,Midfielder,22.0
c72d506a-d9b1-5390-bf05-4ff37c86e9a7,1930,Argentina,Forward,28.0
65d6f99e-f10f-59fe-862c-212f67a7cb1b,2014,Bosnia and Herzegovina,Defender,34.0
de793edb-20a3-5017-8ff5-bc8909a37d35,1954,Yugoslavia,Midfielder,28.0
eabbc1f3-10ae-55ea-8d1e-d309b322c86c,2018,Serbia,Defender,25.0
4758b9a6-8490-5990-900c-a2b58e8a244c,1974,East Germany,Midfielder,26.0
77be40d2-a2a0-57f8-9df2-c9a95906582e,1990,Yugoslavia,Defender,25.0
967e6891-baec-5858-a84d-6b5825283ed4,1930,Yugoslavia,Midfielder,21.0
0f5c47be-6bf6-5772-a28e-bc1b5e9b8f21,2010,United States,Defender,24.0
91f5ace9-c37d-57c1-98c4-fb06eb3b6a1d,1970,Israel,Forward,23.0
989af651-acf2-5273-9c57-c9755de64594,1970,Israel,Forward,26.0
1e3f12b5-b477-593d-a577-3b4903b489f9,1974,Italy,Defender,24.0
6cf3af21-2b8e-50cd-8ed7-25efd48661f5,2014,Australia,Defender,26.0
c61a325b-8f2d-5747-87bd-a766070aae05,1938,Switzerland,Midfielder,30.0
3d506ed4-02a0-542d-92a0-c7a38a50c729,1966,England,Goalkeeper,31.0
3d506ed4-02a0-542d-92a0-c7a38a50c729,1962,England,Goalkeeper,27.0
e4dbefb4-3f07-5677-964e-be34f6c299e5,2006,Switzerland,Defender,28.0
5b7fd125-d0bc-501c-ae45-80f9b47477d2,2010,Greece,Defender,27.0
67fd63fc-232d-5a94-ac85-9a9b560abd4f,1974,Argentina,Midfielder,26.0
3f685320-850b-56a5-8a85-74351df0a9f1,2010,France,Defender,30.0
9917f609-7123-53e1-a399-c928261533f9,2018,Tunisia,Forward,21.0
ca77e31b-dab7-5fa1-890e-9fe043a7f827,1934,Czechoslovakia,Forward,26.0
2af4afcb-618d-5bb8-825f-a01201a9cf65,2014,Croatia,Defender,32.0
2af4afcb-618d-5bb8-825f-a01201a9cf65,2006,Croatia,Defender,24.0
61ab03ba-8c4a-5faa-a795-4be3a833b3c7,2022,Canada,Goalkeeper,25.0
ec053b69-edab-5f3c-ab01-a2d171fd50e9,1954,Czechoslovakia,Goalkeeper,23.0
ec053b69-edab-5f3c-ab01-a2d171fd50e9,1958,Czechoslovakia,Goalkeeper,27.0
3760593a-cedf-5a1d-a589-802022092437,1994,Belgium,Defender,30.0
3760593a-cedf-5a1d-a589-802022092437,1990,Belgium,Defender,26.0
3760593a-cedf-5a1d-a589-802022092437,1998,Belgium,Defender,34.0
8b4d2292-42fa-5743-8f48-60a4c2476ccc,1998,Netherlands,Defender,26.0
a59322f7-539e-56ac-bb1f-af8b922f162b,1930,Romania,Forward,19.0
1cc3b49c-9cf8-52c7-8fee-f319a9e3fdd8,1954,England,Defender,30.0
2fc0dfc3-ff77-59ed-8518-df535592f092,2002,Croatia,Midfielder,30.0
2fc0dfc3-ff77-59ed-8518-df535592f092,1998,Croatia,Midfielder,26.0
124cc960-7b23-56ad-a808-ace6f2dbf86f,2022,Croatia,Defender,22.0
2ee87893-46b9-55b0-8267-0ca46d8e71ce,1954,Yugoslavia,Defender,33.0
2ee87893-46b9-55b0-8267-0ca46d8e71ce,1950,Yugoslavia,Defender,29.0
1aa0d9b2-d0f3-5ee1-92f2-98b24cb5d3a6,2006,Serbia and Montenegro,Midfielder,28.0
561958ed-416c-59eb-bd62-7bf3bf7e64c4,1998,Yugoslavia,Midfielder,20.0
c0bc78d1-85bc-535f-ad8b-72bf3298a31a,2010,Serbia,Midfielder,32.0
ee78c434-a2a2-5970-8fc1-c3252e09f7d6,1990,Yugoslavia,Defender,27.0
37559ae3-64b4-50cd-8127-1725939dae6d,1990,Republic of Ireland,Forward,34.0
9a2e6cd9-464e-557e-addc-110bee932cf6,1994,Republic of Ireland,Defender,25.0
9a2e6cd9-464e-557e-addc-110bee932cf6,1990,Republic of Ireland,Defender,21.0
9a2e6cd9-464e-557e-addc-110bee932cf6,2002,Republic of Ireland,Defender,33.0
bbc0e43a-b58c-5d23-8ed4-b8e2b22cbdca,1974,Bulgaria,Goalkeeper,25.0
22711040-0993-581f-90a5-b81ffebe3c1c,2002,Denmark,Midfielder,34.0
9ac6c482-acea-5f2f-be1f-bc619df1ac20,1930,Yugoslavia,Defender,20.0
c8267520-204e-53ff-b83e-b906a26d4ccc,2022,Switzerland,Defender,31.0
eaf16033-bc93-54d6-9853-d9e3e0745ca9,1950,Switzerland,Defender,27.0
67ba9b27-4ee6-542f-b566-a8c1917e717e,1986,West Germany,Goalkeeper,32.0
f42e5438-08e8-5d8a-864b-f90e3da2eedc,1930,Romania,Defender,23.0
254080b7-550b-547a-a75c-72515013313f,1990,West Germany,Defender,33.0
3115c99e-e05b-5f0e-baef-51eb3ee30a4b,1990,Czechoslovakia,Goalkeeper,28.0
59a83dbf-d076-598c-8a5c-95506fa0fec4,2010,Netherlands,Goalkeeper,28.0
59a83dbf-d076-598c-8a5c-95506fa0fec4,2006,Netherlands,Goalkeeper,24.0
cc64053e-e100-5660-970f-00fd8af61690,1994,Romania,Goalkeeper,27.0
cc64053e-e100-5660-970f-00fd8af61690,1990,Romania,Goalkeeper,23.0
cc64053e-e100-5660-970f-00fd8af61690,1998,Romania,Goalkeeper,31.0
7e8fa403-154d-5d2b-b8d6-5f1b1520aa3d,1938,Switzerland,Defender,30.0
e4150e66-63c6-59ed-85b0-28a2f98b5de4,2006,Sweden,Defender,23.0
fcc4ce46-0bf8-55ce-9d90-dc46c5745e79,1970,England,Goalkeeper,28.0
624f0b88-710d-564a-bc86-f23679d95100,2006,Australia,Midfielder,27.0
1ce931df-8f3a-57d8-af4c-aa4ecdb05aa8,2018,England,Midfielder,24.0
1ce931df-8f3a-57d8-af4c-aa4ecdb05aa8,2014,England,Midfielder,20.0
1ce931df-8f3a-57d8-af4c-aa4ecdb05aa8,2022,England,Midfielder,28.0
ba2f04f5-be05-584e-8627-55d9205add27,1934,Hungary,Defender,29.0
fa72ca00-45cf-5b20-9053-39baf2d368f1,1962,Switzerland,Goalkeeper,30.0
1e3bc6e2-ad1d-5c5a-b9f0-fa586bd4b66b,2010,Slovenia,Midfielder,26.0
1da17fdd-a181-5666-b26b-80908ad22fbe,1990,England,Midfielder,27.0
1da17fdd-a181-5666-b26b-80908ad22fbe,1986,England,Midfielder,23.0
12831d05-ecda-5166-853f-a0aa40f7e672,1986,England,Defender,24.0
0b91e7e2-42d7-5584-8e0e-920bb61b094e,1990,England,Defender,27.0
0b91e7e2-42d7-5584-8e0e-920bb61b094e,1986,England,Defender,23.0
5691767f-64a0-5b32-af95-24beb167c070,1998,Yugoslavia,Midfielder,28.0
fef043fb-6ea0-5e89-9a32-a6d861890264,1982,Honduras,Goalkeeper,36.0
030af3f5-dea5-5606-954d-97e5d01eef44,1994,United States,Midfielder,25.0
030af3f5-dea5-5606-954d-97e5d01eef44,2002,United States,Midfielder,33.0
030af3f5-dea5-5606-954d-97e5d01eef44,1998,United States,Midfielder,29.0
d1d0fb2b-9ff1-5be5-bac3-a3a382668345,1986,Northern Ireland,Forward,25.0
b787908a-85f6-57ee-a214-a1b54139c341,1974,Scotland,Goalkeeper,20.0
bb6765d1-8dae-5ff9-b32a-a5c359acd0cc,1982,West Germany,Defender,28.0
ce7f0d58-81cf-5112-b8da-400dce686c00,1966,Switzerland,Midfielder,26.0
774ea920-06fa-5f1b-be4d-f4c91681f40e,1938,Belgium,Midfielder,31.0
7340e137-9e3a-5a8e-a235-21bcb2fbabc2,1966,England,Defender,24.0
7340e137-9e3a-5a8e-a235-21bcb2fbabc2,1970,England,Defender,28.0
50afd745-982d-5e49-bac5-bf84f27c1a1f,1962,Yugoslavia,Forward,25.0
a2166ebf-1e49-53aa-acea-d990739fe38c,2010,Slovakia,Midfielder,21.0
05bafa41-db1b-5e79-ad9e-16f25fd70542,2014,Switzerland,Midfielder,25.0
3d429cd6-3d00-5163-a90f-a858f6f900c1,1994,Bulgaria,Forward,28.0
3d429cd6-3d00-5163-a90f-a858f6f900c1,1998,Bulgaria,Forward,32.0
3e8f5888-c4a0-5087-b400-db02a8b77707,1998,Bulgaria,Midfielder,27.0
4ca64b89-479d-5a91-a93c-22b9c4c79143,1930,Yugoslavia,Goalkeeper,19.0
6b0c4b8d-af98-51f0-b7a4-c33acfec3625,1962,Yugoslavia,Goalkeeper,23.0
ade53f85-2b59-5e00-8fc5-4d339aa1f2c2,1954,Austria,Forward,29.0
6b4bf1a9-6250-5e17-bf14-2f86c6f6f2f7,1990,Yugoslavia,Midfielder,25.0
6b4bf1a9-6250-5e17-bf14-2f86c6f6f2f7,1998,Yugoslavia,Midfielder,33.0
c82afe6c-6d95-56aa-9cc9-a607ee3ed54f,1982,Yugoslavia,Defender,26.0
41c0314c-10e4-5868-b90d-8f54795ea82c,2018,Serbia,Goalkeeper,35.0
41c0314c-10e4-5868-b90d-8f54795ea82c,2010,Serbia,Goalkeeper,27.0
d7a0fa1c-02c2-5a13-936e-e89bb63c389c,2006,Serbia and Montenegro,Goalkeeper,23.0
1747f403-f9a9-5a9b-aa4e-7afcbb56bf08,1958,West Germany,Defender,28.0
a16e4e5f-5900-5470-b2d4-466ad4e0f7ef,1990,United States,Midfielder,28.0
c2d8cf91-61b6-5d77-8a0a-d76e0e29405f,2018,England,Defender,24.0
c2d8cf91-61b6-5d77-8a0a-d76e0e29405f,2022,England,Defender,28.0
f23f0cf2-559c-5102-988c-d506dcf05e31,1986,France,Forward,25.0
ae4eb30f-8403-586e-8c7e-83e6bf9fcb65,1954,Austria,Midfielder,27.0
ae4eb30f-8403-586e-8c7e-83e6bf9fcb65,1958,Austria,Midfielder,31.0
571413d3-f3d2-567d-8c7e-fbcf44f3e5e4,1974,Bulgaria,Midfielder,25.0
ac0afbff-9090-530c-a290-420622bdb5cc,1986,Scotland,Midfielder,29.0
ac0afbff-9090-530c-a290-420622bdb5cc,1982,Scotland,Midfielder,25.0
4884fc7a-1f80-5c7e-a15d-5127ef38379c,1990,Czechoslovakia,Defender,32.0
4ed5c3e2-761a-512a-8f5c-9088b39f02e2,1994,Norway,Midfielder,24.0
4ed5c3e2-761a-512a-8f5c-9088b39f02e2,1998,Norway,Midfielder,28.0
56144983-1287-5a11-bbe5-f9df8f05c645,1954,France,Forward,26.0
eadef036-ec63-50e4-a5a4-6b9b4a2599c9,1978,Austria,Defender,30.0
89d8e934-6681-525f-ab15-187f30fdb151,1934,Germany,Forward,22.0
d2f75541-5ffd-5724-acdd-6329337cbee1,1962,West Germany,Forward,24.0
210f451e-4247-55af-8ef6-440e182ca03f,1974,East Germany,Forward,23.0
600bb72a-56da-53d4-a7d8-716a678ed380,1990,Austria,Defender,24.0
42ed3a33-edd9-5711-a0e5-110ee58b3d31,1938,Germany,Defender,22.0
92d03b58-8349-5fd6-852f-755625b2ce6c,2006,Switzerland,Forward,25.0
2f383d11-5c23-5e5a-bdac-342d24bd201d,1974,Netherlands,Defender,30.0
3763d365-bf59-52d2-8af4-fbf911fd0322,2018,Croatia,Defender,31.0
79deb54f-19b2-5e81-b941-7f9b484e552d,1934,Austria,Forward,21.0
7bed3ab4-c3f3-5ce0-98d8-900156dbda8a,1938,Germany,Forward,25.0
cbcb3590-e105-5f9b-9ac0-dfe5429bfab9,1982,Czechoslovakia,Goalkeeper,24.0
aeb99a13-88cc-53a6-a4e7-78299b77a83a,1994,Germany,Midfielder,26.0
257883b1-0da6-527b-8eb0-7391f25962ae,2002,Belgium,Forward,32.0
5cf364bc-8360-5d76-a592-7f3bcb8ab5da,2002,Paraguay,Midfielder,34.0
73c93247-f148-524c-b269-a325aedece63,2018,Denmark,Defender,27.0
73c93247-f148-524c-b269-a325aedece63,2022,Denmark,Defender,31.0
a4aa4969-0a3a-5e3f-b93c-864c61b0deae,1990,Sweden,Midfielder,30.0
2795b261-df20-5742-b310-d89ba75d7d21,2018,Uruguay,Forward,32.0
2795b261-df20-5742-b310-d89ba75d7d21,2014,Uruguay,Forward,28.0
6dbe1c0c-15f8-59a6-8f5d-1433714d1188,1954,Switzerland,Goalkeeper,29.0
6dbe1c0c-15f8-59a6-8f5d-1433714d1188,1950,Switzerland,Goalkeeper,25.0
5bb68a2c-ae13-5bf4-93cd-1543ab522331,1994,Switzerland,Defender,28.0
6a462a08-d376-58d1-ac84-c5e54102c74c,1958,West Germany,Midfielder,23.0
6a462a08-d376-58d1-ac84-c5e54102c74c,1962,West Germany,Midfielder,27.0
0a0904e2-7d75-5ba2-82ec-a2c13f1e3589,2014,England,Forward,25.0
408f321b-a063-58fc-8770-54285769f4b6,1986,Scotland,Forward,30.0
408f321b-a063-58fc-8770-54285769f4b6,1982,Scotland,Forward,26.0
f6c4e5f2-079c-5b10-a65b-20cc9f1b74a6,1930,Argentina,Forward,25.0
78be5790-c770-5f74-afd9-dcd8c42beb10,1998,Romania,Goalkeeper,34.0
23e22287-80d1-57d2-885c-609e2b73d106,1994,Romania,Midfielder,22.0
23e22287-80d1-57d2-885c-609e2b73d106,1998,Romania,Midfielder,26.0
d4a4581a-e69f-5132-8f8e-372ea24f3403,1998,Austria,Midfielder,32.0
34f48cf5-1b5b-5bf6-b0d5-5c5df8df91a2,2002,China,Forward,30.0
39c0c544-b4cf-51ee-ba9b-2414da805330,2010,Honduras,Forward,31.0
10ce9880-1b29-5206-9df5-2528601d3742,2010,Chile,Forward,29.0
fae45879-b119-5554-8dcc-6c177fd4a8ff,2018,Croatia,Goalkeeper,34.0
fae45879-b119-5554-8dcc-6c177fd4a8ff,2014,Croatia,Goalkeeper,30.0
d2e5fe26-162d-5804-bc28-4950f29b74ab,1930,Chile,Forward,28.0
3731a719-197a-5e55-84ef-5a23a8945c15,1994,Switzerland,Forward,28.0
879d0969-0f1e-54c2-b04a-b7d4ee5fe2a9,2010,Serbia,Defender,22.0
916ec7f5-19ef-53a8-91a1-2f1480a359c4,1930,Romania,Forward,24.0
cf7167cc-12c8-5d53-a88d-e3fa7db74a29,2002,Cameroon,Forward,24.0
599b24de-919c-5926-89c3-292019301766,1994,Saudi Arabia,Defender,21.0
599b24de-919c-5926-89c3-292019301766,2002,Saudi Arabia,Defender,29.0
599b24de-919c-5926-89c3-292019301766,1998,Saudi Arabia,Defender,25.0
013ca4be-f13d-5284-91ba-971be18180a4,1982,Soviet Union,Defender,26.0
5d1ac2b3-3c85-5867-abc0-1d22cf665619,2022,Ghana,Midfielder,20.0
d092fdb1-0f4f-5f7f-b103-d92d3c6bad9d,1990,United States,Forward,25.0
d95f5d64-91d8-5151-a074-872795825cb7,1958,Wales,Defender,28.0
c7b81668-90e0-54ea-9b97-abb86ab87915,1998,Scotland,Goalkeeper,28.0
340a1cec-0c2c-5953-867d-79634437f767,1990,United Arab Emirates,Midfielder,27.0
10773e91-f9fd-558c-9115-18aee2d88549,2014,Ghana,Defender,22.0
77667b73-3716-5a8f-b831-07685951a375,1982,New Zealand,Midfielder,27.0
220b408e-8548-5d95-8fff-8572df3e0d5e,2002,China,Defender,25.0
b455d005-bfca-58dc-b82f-3f9dc5cb9cec,1950,Sweden,Forward,28.0
67625778-20b9-52f7-b9e4-ad5d451e1d1c,1954,South Korea,Forward,28.0
c5c58db8-3b87-52f8-979e-341a060b9926,2002,Costa Rica,Forward,25.0
3eec7e0e-ff52-5ddf-8ffd-469be2e4143f,1982,Soviet Union,Defender,24.0
fcfb8ce1-66b4-5c54-9867-bf0896648ceb,1994,Switzerland,Midfielder,26.0
72939dfa-0890-5cee-9c77-a52540d937a3,1978,Netherlands,Defender,33.0
72939dfa-0890-5cee-9c77-a52540d937a3,1974,Netherlands,Defender,29.0
42b79735-ec9b-554f-aeb5-9cfa3d842f19,2002,Japan,Forward,26.0
f4822057-65d7-50fb-9127-d822fb777c2e,1930,Argentina,Midfielder,22.0
dd27c026-92f7-5e10-af1d-323119f2af4c,1994,Mexico,Defender,26.0
dd27c026-92f7-5e10-af1d-323119f2af4c,2006,Mexico,Defender,38.0
dd27c026-92f7-5e10-af1d-323119f2af4c,1998,Mexico,Defender,30.0
5f517948-1edf-549e-90d5-71d97cc07b57,1966,Spain,Forward,31.0
5f517948-1edf-549e-90d5-71d97cc07b57,1962,Spain,Forward,27.0
e5ec2cba-2a38-5a44-ba9d-0ca9a219e723,2018,Uruguay,Forward,31.0
e5ec2cba-2a38-5a44-ba9d-0ca9a219e723,2014,Uruguay,Forward,27.0
e5ec2cba-2a38-5a44-ba9d-0ca9a219e723,2022,Uruguay,Forward,35.0
e5ec2cba-2a38-5a44-ba9d-0ca9a219e723,2010,Uruguay,Forward,23.0
7875488e-4286-5dd4-a23a-4b3e0363e57d,2022,Croatia,Midfielder,20.0
a09b90de-3ca8-5b1a-a9bc-bb59f8f8688b,1990,Yugoslavia,Midfielder,35.0
a09b90de-3ca8-5b1a-a9bc-bb59f8f8688b,1982,Yugoslavia,Midfielder,27.0
f53ef4f4-b062-51b9-88dc-8814d018e18b,2014,Bosnia and Herzegovina,Midfielder,22.0
7d2a49b1-d3f8-5432-a1d0-1f59a52319c7,1938,Sweden,Midfielder,23.0
03cf0383-f578-543b-8733-582226d1bf40,2002,Sweden,Midfielder,26.0
03cf0383-f578-543b-8733-582226d1bf40,2006,Sweden,Midfielder,30.0
9aff44b4-b234-5896-83f6-7f488cb28c8a,2018,Sweden,Midfielder,31.0
cd9ef67c-1281-5c28-a0c4-6bb576660643,1950,Sweden,Goalkeeper,25.0
cd9ef67c-1281-5c28-a0c4-6bb576660643,1958,Sweden,Goalkeeper,33.0
6c8d79a4-ee7b-5e9f-8c2b-d968ce261ac1,2006,Sweden,Defender,22.0
2632cf34-b5cb-52c7-8276-205988077f81,1950,Sweden,Forward,23.0
dfa2e3a1-80bb-5953-a15d-0ba6f6164e72,2002,Sweden,Midfielder,33.0
1d3e1cd6-73db-5b95-b5d0-a8da9c1fc10f,2002,Sweden,Defender,27.0
56ee8775-ba75-57e9-b6e0-ea6bc849af03,1970,Sweden,Midfielder,25.0
14cd163f-7942-5b36-9804-91e8ad06b1da,1950,Sweden,Goalkeeper,23.0
14cd163f-7942-5b36-9804-91e8ad06b1da,1958,Sweden,Goalkeeper,31.0
40033f4f-f171-5ec3-868d-a58da9f2da23,2006,Ukraine,Defender,27.0
9c541d61-9cb8-5aa1-90f0-9843fe57a72b,1982,Yugoslavia,Goalkeeper,32.0
7c22c84b-7f30-55cc-b1dc-90e061774b77,1962,Yugoslavia,Defender,27.0
6a0a3007-f6ae-5315-a6e7-cbc912c3d871,1934,Czechoslovakia,Forward,29.0
613e1fb2-d732-505c-a143-0915ce478fe4,1962,England,Defender,26.0
fe7e8611-b2e6-57d8-b868-28be66b25dda,1986,Canada,Midfielder,27.0
43c53601-2ffb-52d2-9b17-5be7fee2fbd1,1958,Austria,Defender,25.0
b72f8f95-8905-57ae-9a60-f8d783f60712,2002,Russia,Forward,19.0
5a103755-52f9-50fc-acbf-e299954ac077,2002,Senegal,Goalkeeper,27.0
8c0eef6d-827e-5de9-9d8b-6332cca67127,1994,Switzerland,Midfielder,26.0
3ca4a596-0415-539b-b5d7-530ff372ca62,1938,Hungary,Goalkeeper,28.0
3ca4a596-0415-539b-b5d7-530ff372ca62,1934,Hungary,Goalkeeper,24.0
2ee1a6df-4fe7-5a2a-8947-aa8f95ea697c,1934,Hungary,Forward,32.0
c98047b0-1d75-5d57-bb03-11e50c07da62,1938,Hungary,Midfielder,26.0
c98047b0-1d75-5d57-bb03-11e50c07da62,1934,Hungary,Midfielder,22.0
f7a66936-beea-53e8-ad54-250645fff2d8,1958,Austria,Goalkeeper,27.0
fb3e0212-9f4a-52b3-b12c-9b2fb55e48eb,1978,Poland,Forward,28.0
fb3e0212-9f4a-52b3-b12c-9b2fb55e48eb,1974,Poland,Forward,24.0
fb3e0212-9f4a-52b3-b12c-9b2fb55e48eb,1982,Poland,Forward,32.0
ee9662f8-7301-5829-8742-6d4685908e78,1938,Poland,Defender,28.0
c5832763-8e4f-58a0-b8e3-759468ba29b9,2018,Poland,Goalkeeper,28.0
c5832763-8e4f-58a0-b8e3-759468ba29b9,2022,Poland,Goalkeeper,32.0
b66d63e0-bd23-5023-9c10-062464e0b7a9,1986,Hungary,Goalkeeper,32.0
3fc92dd1-0e29-5ae2-8158-56c4fed65c1d,1982,Hungary,Forward,27.0
0c1930fa-48b9-5987-8100-dc4e849abd1b,1966,Hungary,Goalkeeper,27.0
0c1930fa-48b9-5987-8100-dc4e849abd1b,1962,Hungary,Goalkeeper,23.0
c6841be4-8574-5c85-80de-598f7f4f0703,1938,Germany,Forward,31.0
c6841be4-8574-5c85-80de-598f7f4f0703,1934,Germany,Forward,27.0
47b81d50-4de9-584a-8b28-b3f6abfd10e6,1966,Hungary,Defender,27.0
6ee9d64b-2472-5926-864e-b2e419443cca,1958,Hungary,Defender,25.0
b3a12322-d23f-5369-b92f-c7ac47d55ee4,1954,Hungary,Midfielder,23.0
b3a12322-d23f-5369-b92f-c7ac47d55ee4,1958,Hungary,Midfielder,27.0
fc218bfb-19d4-5c15-9b92-0b32874c0a55,1958,West Germany,Midfielder,24.0
fc218bfb-19d4-5c15-9b92-0b32874c0a55,1962,West Germany,Midfielder,28.0
765dc6d5-f9c4-5fac-8f17-e12f5049167e,1978,Poland,Defender,27.0
765dc6d5-f9c4-5fac-8f17-e12f5049167e,1974,Poland,Defender,23.0
46294fbb-2a96-5d83-8c40-b0b3d42079f9,2022,Poland,Midfielder,27.0
a4f0d940-4fe8-51c6-b55d-6fb33f28cde0,2022,Poland,Midfielder,23.0
aaa65f1a-83ad-5bc5-91f5-1de1c93c1ab0,2006,Poland,Midfielder,30.0
5d5bf921-9803-55bd-8f73-7e3be80d9816,1938,Hungary,Midfielder,26.0
5d5bf921-9803-55bd-8f73-7e3be80d9816,1934,Hungary,Midfielder,22.0
e30bd221-5a20-5888-88fb-a10265e94993,1974,Argentina,Defender,29.0
13613e16-db84-5797-8753-463fcb9b2949,2022,Portugal,Goalkeeper,29.0
8ac63791-71b7-53a7-aa95-0595d4db5125,1930,Bolivia,Midfielder,31.0
51e13295-9a62-5f43-a416-99cb45d81b88,2014,Chile,Forward,26.0
51e13295-9a62-5f43-a416-99cb45d81b88,2010,Chile,Forward,22.0
0b0f45e8-42ce-5510-a039-df9b4e63b043,1930,Mexico,Midfielder,22.0
842504ec-7e18-5c35-8637-b9012b5dadff,2018,Uruguay,Midfielder,34.0
bb7406a4-6149-5995-9008-c45be79038fc,2018,Colombia,Midfielder,32.0
bb7406a4-6149-5995-9008-c45be79038fc,2014,Colombia,Midfielder,28.0
c5477934-570d-5c85-9dd8-a2a442b62395,2018,Colombia,Defender,22.0
1a8f2343-c4dd-5f04-8a6e-01c2e076c285,1962,Colombia,Goalkeeper,36.0
7583a0c6-8506-5243-8620-596fdd1fcd0f,1994,Bolivia,Midfielder,25.0
2ca8cb6d-311e-586a-8664-da56ed0eb0dd,1978,Mexico,Forward,20.0
2ca8cb6d-311e-586a-8664-da56ed0eb0dd,1994,Mexico,Forward,36.0
2ca8cb6d-311e-586a-8664-da56ed0eb0dd,1986,Mexico,Forward,28.0
830cb1ec-7072-553b-b001-1cd1e4716e06,1998,Mexico,Defender,24.0
b71ec60e-46e3-59f9-97dd-4f97841c9ca2,2022,Mexico,Defender,25.0
c421f6f7-6398-5b4b-89d2-ccf45ff30ac7,1966,Chile,Midfielder,30.0
c421f6f7-6398-5b4b-89d2-ccf45ff30ac7,1962,Chile,Midfielder,26.0
f8274e40-55a7-5e08-b772-884ac1581399,2002,Mexico,Goalkeeper,29.0
f8274e40-55a7-5e08-b772-884ac1581399,2006,Mexico,Goalkeeper,33.0
f8274e40-55a7-5e08-b772-884ac1581399,1998,Mexico,Goalkeeper,25.0
450812b0-92f7-58a5-8b06-6a06e499b78b,1962,Chile,Defender,29.0
1f01c0aa-1510-514a-86fa-642a6978938e,2022,Spain,Goalkeeper,25.0
e9851755-cd77-56f5-9d7e-3a8e2a4c1d92,1982,Spain,Midfielder,26.0
4c4f63d5-61f9-5a09-9926-b855b337686b,2002,Ecuador,Midfielder,28.0
8519abd5-cdc2-5821-a4cb-d622840ae5f8,1994,Bolivia,Defender,23.0
f11b2b8e-7314-5a15-abff-bce0485663cd,1990,Spain,Defender,25.0
6be25733-dcfb-5374-a707-0118860f43ca,1958,Hungary,Forward,30.0
6be25733-dcfb-5374-a707-0118860f43ca,1962,Hungary,Forward,34.0
17533690-fa4c-500d-aa2b-fa1e259d4ee0,1938,Hungary,Midfielder,19.0
b504d4a5-8ec6-5236-a2a2-63e8bfc53f46,1938,Hungary,Forward,26.0
b504d4a5-8ec6-5236-a2a2-63e8bfc53f46,1934,Hungary,Forward,22.0
7a5fe361-a959-57bb-8924-c40574b50fb7,1958,Hungary,Defender,26.0
7a5fe361-a959-57bb-8924-c40574b50fb7,1962,Hungary,Defender,30.0
55378535-c1d5-54eb-bc43-f683e7158163,2018,Iceland,Defender,34.0
0e4cbafb-2953-54aa-b825-6d64ed51f8c3,2006,Togo,Midfielder,22.0
75aa8393-fd71-5a74-9072-d6a4599e4503,1934,Switzerland,Goalkeeper,27.0
2d1ce1e9-9e07-5a3b-8a77-24d2dbf80e46,1982,Brazil,Goalkeeper,28.0
386fcd97-1d0f-56f7-aebd-176a3167552e,1994,Brazil,Midfielder,25.0
fa4210fd-c305-5678-8ca9-85c2566b96c4,1962,Italy,Forward,27.0
8282ec23-3448-5f38-bdc8-6b3fe31fc915,1986,Brazil,Midfielder,32.0
8282ec23-3448-5f38-bdc8-6b3fe31fc915,1982,Brazil,Midfielder,28.0
b3906622-9367-53e6-bd87-6cc1ad637c32,1966,Hungary,Defender,26.0
b3906622-9367-53e6-bd87-6cc1ad637c32,1962,Hungary,Defender,22.0
ee657253-e638-5689-b672-ba33a2d1f57f,2010,Denmark,Goalkeeper,34.0
ee657253-e638-5689-b672-ba33a2d1f57f,2002,Denmark,Goalkeeper,26.0
2dffbd35-95d5-5ed0-a330-d70c856789d1,1994,Norway,Forward,32.0
77ba9d7c-e227-5bf6-8d2f-6f595bc6acd0,2018,Germany,Defender,23.0
77ba9d7c-e227-5bf6-8d2f-6f595bc6acd0,2022,Germany,Defender,27.0
acbed106-0bc0-597a-8d01-129b45ee6fc6,1990,Romania,Defender,25.0
8f061bcf-cab5-5079-b79a-1d30416d4ffa,1970,Romania,Defender,26.0
a88b47d5-e1bb-5a8e-bbb7-e733c4ba3ce9,1966,Switzerland,Defender,30.0
a88b47d5-e1bb-5a8e-bbb7-e733c4ba3ce9,1962,Switzerland,Defender,26.0
92812e51-12ca-500e-b062-722842a494ff,1990,Italy,Goalkeeper,33.0
43535b5f-e2b0-5144-8f6a-3a2cae85d8c0,2006,Ghana,Forward,29.0
b0480ec5-7dbc-5411-a6f9-b372bc134bab,2014,Greece,Midfielder,23.0
38223396-66a3-5565-8c07-c1ebd1fdfb0d,2018,Serbia,Midfielder,30.0
38223396-66a3-5565-8c07-c1ebd1fdfb0d,2022,Serbia,Midfielder,34.0
56f6e0cd-2111-5032-a4ca-43a86b0a1dcf,2022,South Korea,Defender,33.0
03747f7c-047a-5629-a353-a8126468b408,1994,Brazil,Goalkeeper,28.0
03747f7c-047a-5629-a353-a8126468b408,1990,Brazil,Goalkeeper,24.0
03747f7c-047a-5629-a353-a8126468b408,1998,Brazil,Goalkeeper,32.0
388fc398-1006-5847-a06d-8c966df32b21,2014,Australia,Forward,21.0
79cc2de7-6b66-5e72-b491-8208a9c1f6b6,2018,Argentina,Defender,26.0
79cc2de7-6b66-5e72-b491-8208a9c1f6b6,2022,Argentina,Defender,30.0
96ad5cde-247b-55b1-a16b-be76a75a4622,2018,Morocco,Goalkeeper,22.0
96ad5cde-247b-55b1-a16b-be76a75a4622,2022,Morocco,Goalkeeper,26.0
801fa810-421d-57fe-b7f6-fe1b01bc5f58,2010,Ghana,Forward,24.0
c6396012-727b-57e2-94ff-e06c1e2936bc,1934,Egypt,Forward,24.0
3c28a0b5-b5db-5a01-a279-483c9e0442b1,1990,Egypt,Goalkeeper,24.0
d17aa6e8-c78b-5dd6-801c-c83df0a42461,1966,Uruguay,Goalkeeper,35.0
ae91139c-9599-5cc8-a6d7-7501efbbdd25,1938,Dutch East Indies,Forward,
066794ef-b091-5596-8363-c3d1fdae2a9d,2018,Brazil,Forward,30.0
5bf0d2e4-7182-553a-80df-d35f6c0b9c2b,2010,Nigeria,Defender,25.0
2fa0a88c-be47-52ca-9fbf-687049915232,2006,Japan,Forward,27.0
40a8f00f-0c7c-56f2-ba2e-c144f69b238d,2018,Mexico,Goalkeeper,36.0
40a8f00f-0c7c-56f2-ba2e-c144f69b238d,2014,Mexico,Goalkeeper,32.0
40a8f00f-0c7c-56f2-ba2e-c144f69b238d,2022,Mexico,Goalkeeper,40.0
838d4552-6892-538c-ac13-223ff17aeef5,2022,Tunisia,Defender,24.0
5a712186-84e9-5cc3-82ac-6d0c2557fd73,1970,Israel,Forward,27.0
217a81a5-76c8-544e-88d0-f941ca5eea71,2006,Iran,Goalkeeper,24.0
3f0af6e4-395f-5744-b64f-848d0a4b766c,2010,Japan,Forward,30.0
3f0af6e4-395f-5744-b64f-848d0a4b766c,2006,Japan,Forward,26.0
8f71f0e7-e228-5205-82ef-3c667bc05ea3,1950,Switzerland,Forward,31.0
987a35e3-3fe1-5505-bd26-72eab6fee8e5,1934,Hungary,Forward,28.0
561ba775-ff7c-599c-9a90-34e6f200e2b3,1938,Dutch East Indies,Goalkeeper,25.0
4d0f4bda-162e-5db3-b255-ada2d891c588,1938,Dutch East Indies,Forward,
bfb23a2f-1c1c-5450-a469-db40d3f72b64,2022,Japan,Midfielder,24.0
e7aa60a4-5e8b-54be-9365-75060981d322,2010,Japan,Defender,29.0
28a48352-8b00-5fe6-8ca7-3de633b356ac,1986,Italy,Goalkeeper,31.0
047deae5-778b-5240-9a1e-44f7ff66d4db,2022,Japan,Defender,31.0
c735c8c4-de26-5771-a029-309cd4179e94,1986,Argentina,Midfielder,24.0
18ebed1d-c7e9-56a0-936c-5fcf3779a096,1998,Chile,Goalkeeper,32.0
36efb679-cbfa-5655-9d02-00b8df2fc133,2018,Peru,Midfielder,23.0
f7416eaa-34f1-53e4-ab69-ae072714e1e9,1950,Sweden,Forward,28.0
24837e26-a804-594d-8d16-6a64a451bd15,1978,Sweden,Midfielder,30.0
24837e26-a804-594d-8d16-6a64a451bd15,1974,Sweden,Midfielder,26.0
16feb6c0-493f-5dc8-bca2-9d8f411c863f,1966,Argentina,Forward,25.0
2c230c71-be87-56a1-aa9d-c4ac8ab87092,1978,Argentina,Defender,23.0
2c230c71-be87-56a1-aa9d-c4ac8ab87092,1982,Argentina,Defender,27.0
ed41bf71-7a37-5238-b139-ac2e014ce229,1986,Poland,Midfielder,24.0
abf1d8a6-1e98-5e08-a750-1aec0eb7d36d,1978,Italy,Midfielder,24.0
abf1d8a6-1e98-5e08-a750-1aec0eb7d36d,1986,Italy,Midfielder,32.0
abf1d8a6-1e98-5e08-a750-1aec0eb7d36d,1982,Italy,Midfielder,28.0
3ea2dcf5-d7ed-529f-bc0d-4d3ac36fe0c2,2018,Iran,Forward,26.0
3ea2dcf5-d7ed-529f-bc0d-4d3ac36fe0c2,2022,Iran,Forward,30.0
60fd56d6-19af-5652-ae45-cdd5a599c850,1998,Germany,Defender,29.0
80dd6d6e-39af-5ab7-bf9b-fc5a08be23d4,2010,Germany,Defender,23.0
63cec07b-3ce2-5c30-bc7a-273600ee193f,1930,France,Goalkeeper,28.0
b738398e-c94d-5a18-8fa1-a8ed809a7ecb,1994,Italy,Defender,34.0
33e7daf1-673b-549f-b233-6b123eae57f3,1994,Cameroon,Defender,31.0
33e7daf1-673b-549f-b233-6b123eae57f3,1990,Cameroon,Defender,27.0
5b8c8f2b-3d88-5cf1-aa19-39e5c6404f2e,1994,Netherlands,Forward,24.0
5729891c-35eb-5caa-9bae-c18482a61525,2002,Paraguay,Goalkeeper,32.0
90c2a640-a18f-5e2a-bf6c-207fc2feac6d,2002,Slovenia,Midfielder,28.0
627e39a6-875a-5728-8100-dbd2fd9c2c4e,1950,England,Defender,33.0
8ca1d1b9-7884-5a33-a190-6babbbbb0a4f,2022,Netherlands,Midfielder,20.0
3f4748cf-51d9-574a-afcb-e1fbb77c9ffc,1954,England,Forward,22.0
c9b3a0b9-bcbc-59f2-bb78-f47229bcb639,2014,Algeria,Midfielder,22.0
0cc228d1-b008-5ae4-9385-914513924879,1954,Turkey,Forward,19.0
bac88cbb-1274-5bd4-a5fa-12fbafb595f9,2006,Togo,Goalkeeper,29.0
f4be7867-62a0-5192-aa9a-3eb5a7f207c2,1994,Cameroon,Forward,23.0
f4be7867-62a0-5192-aa9a-3eb5a7f207c2,1998,Cameroon,Forward,27.0
5e568337-6478-5062-a0b4-7e45833afb08,2006,Togo,Defender,28.0
037bfc56-c1b9-547d-9f31-c3ea7cbc2cf0,2002,Cameroon,Defender,27.0
e34339b6-acae-584c-8691-c67fa11d7295,1982,Cameroon,Goalkeeper,31.0
021a9c35-ff36-556d-87ce-03f9187eb28b,2022,France,Midfielder,22.0
8e66d587-208d-541c-8e1b-21e7a0a2c3aa,1938,Dutch East Indies,Forward,
dae3d232-08b2-5e1e-ba5a-27d688a5194c,1954,Austria,Midfielder,25.0
fcde6312-d2b7-5690-89e2-e6ee156e683d,2018,Panama,Forward,36.0
641b556a-3b1e-5a32-aa87-8a14f7326c9b,1998,Chile,Goalkeeper,24.0
5b3495e1-6975-5e18-967b-ffdb1a7c119d,2018,Costa Rica,Midfielder,26.0
5b3495e1-6975-5e18-967b-ffdb1a7c119d,2014,Costa Rica,Midfielder,22.0
5b3495e1-6975-5e18-967b-ffdb1a7c119d,2022,Costa Rica,Midfielder,30.0
ecb31082-ceaf-57d8-808c-0f13c7b4ce0a,1930,Uruguay,Defender,31.0
b0076cb4-ad1a-5a2d-a9f1-70940f50b730,1954,Uruguay,Defender,32.0
b0076cb4-ad1a-5a2d-a9f1-70940f50b730,1950,Uruguay,Defender,28.0
97acfc08-8484-5c26-8243-89a164fb29a0,1974,Argentina,Midfielder,31.0
215c032f-9f01-5474-a622-d45a64e28143,1934,Hungary,Forward,28.0
7841970c-e7de-5643-a34d-a079214b2838,2022,Brazil,Defender,30.0
c20d07be-def6-5b41-bff3-ab8d499bd6cd,2010,Chile,Midfielder,31.0
a8eb7ef1-7299-5018-8c19-e2f7435883e4,1938,Dutch East Indies,Forward,
76e98dcc-bc5a-5e66-bb3b-e59b04035929,1978,Mexico,Defender,22.0
139cf8ef-f828-5a0c-b944-bc3806d16ad5,1982,Spain,Defender,21.0
bb2d16ed-5989-50e7-8fe1-45e0ab310e3a,2002,Ecuador,Forward,23.0
bb2d16ed-5989-50e7-8fe1-45e0ab310e3a,2006,Ecuador,Forward,27.0
14530596-c847-55e6-a1ad-8e489cd6e4c5,2002,Ecuador,Midfielder,26.0
14530596-c847-55e6-a1ad-8e489cd6e4c5,2006,Ecuador,Midfielder,30.0
5f534dcb-2295-5049-93af-9b1d9628bbea,2018,Poland,Forward,27.0
d3b5020b-4f28-59bf-b426-3dc2a9577b30,1994,Russia,Defender,25.0
24082070-5dbd-537f-b9b7-215d07e3e351,1998,Mexico,Defender,23.0
9185c9c9-a169-5fdb-9d3d-88ebe5e2fb82,2010,England,Defender,30.0
9185c9c9-a169-5fdb-9d3d-88ebe5e2fb82,2006,England,Defender,26.0
ef85b414-9989-5caf-b8f0-3c9c7343880a,1994,Russia,Defender,25.0
4361c3d3-932e-5e8f-acec-5cd20d58a087,2010,Argentina,Forward,26.0
4361c3d3-932e-5e8f-acec-5cd20d58a087,2006,Argentina,Forward,22.0
da1b425b-c76a-5b4d-b7ef-61c6b6d6f06f,2014,Iran,Midfielder,31.0
da1b425b-c76a-5b4d-b7ef-61c6b6d6f06f,2006,Iran,Midfielder,23.0
ec5e1a26-7141-5c1b-961a-13a1cacbbc9a,1930,Brazil,Forward,30.0
f4d68dd8-5002-5b30-84f7-3ed5e5991365,2002,Tunisia,Defender,31.0
f4d68dd8-5002-5b30-84f7-3ed5e5991365,1998,Tunisia,Defender,27.0
b12de1b3-36a1-5927-93e9-48715b13110f,2018,France,Forward,25.0
9cc2d4c0-c1d0-5e98-807f-1d9d96351a53,1938,Dutch East Indies,Forward,22.0
9e627fec-c3f4-518f-a859-423159e801ef,2022,Belgium,Defender,22.0
da1a0fb5-b623-5360-8dc0-6430f2e7e788,2006,Trinidad and Tobago,Midfielder,24.0
2faef0bf-1718-5157-8fd1-263ddb0ab8d2,1994,Sweden,Midfielder,27.0
2faef0bf-1718-5157-8fd1-263ddb0ab8d2,1990,Sweden,Midfielder,23.0
c73934fb-aa08-561b-a306-dc23d547568d,2018,Spain,Midfielder,27.0
253c838d-a8b8-51eb-99fc-5b9af0ac23c3,2002,Senegal,Forward,21.0
a48a7f37-cf46-5171-aa2d-6eceee9bce6d,2002,Belgium,Midfielder,24.0
ae25245d-3d0b-5edc-9d7c-383830edfc58,1970,Belgium,Defender,24.0
555b9d4e-01e6-5c4c-ab6a-e7f16f6e2620,2010,Honduras,Midfielder,25.0
0b581751-6de8-5ec4-bbb1-35fe9291f659,2022,Wales,Midfielder,23.0
139ad45a-c42f-532f-a1ee-4db69753b4fc,2006,Australia,Forward,28.0
b0883966-086a-5efe-a6ce-f56239f8719a,1982,England,Defender,28.0
3e675dc3-0eb4-56e1-9eb3-84e3f17a0131,1990,West Germany,Midfielder,24.0
3e675dc3-0eb4-56e1-9eb3-84e3f17a0131,1986,West Germany,Midfielder,20.0
b285f29e-851d-59e8-aee5-1b264e05e0a4,1998,Germany,Defender,32.0
acb7c168-919c-5137-8eb3-9be383ceff23,1994,Norway,Goalkeeper,32.0
095d4dae-97f5-5d35-b237-94e9816e2aff,2002,France,Defender,30.0
095d4dae-97f5-5d35-b237-94e9816e2aff,2006,France,Defender,34.0
095d4dae-97f5-5d35-b237-94e9816e2aff,1998,France,Defender,26.0
6a427753-5fe2-5877-a414-a8f75f826941,2022,France,Forward,25.0
ed23a239-293d-5be5-9307-882f4552b32b,2010,South Africa,Defender,29.0
110e94d6-7c5c-545f-80ab-85458a16778b,1930,France,Goalkeeper,24.0
110e94d6-7c5c-545f-80ab-85458a16778b,1934,France,Goalkeeper,28.0
d36f0d01-ff16-5329-8796-62aed85fe45e,1934,Sweden,Forward,28.0
ff54c0ab-cbbd-5a1a-94ae-caf368201e11,2010,Portugal,Midfielder,29.0
ff54c0ab-cbbd-5a1a-94ae-caf368201e11,2006,Portugal,Midfielder,25.0
f01a3f99-edea-5c4e-aa7a-9a814b141f3f,1966,Hungary,Midfielder,31.0
f01a3f99-edea-5c4e-aa7a-9a814b141f3f,1958,Hungary,Midfielder,23.0
f01a3f99-edea-5c4e-aa7a-9a814b141f3f,1962,Hungary,Midfielder,27.0
fe9f747a-d1bf-5984-97bd-55f67c2f84d1,1962,Czechoslovakia,Defender,29.0
68c377da-09d7-53c7-baa4-fd20cf8b5df9,2018,Belgium,Midfielder,21.0
68c377da-09d7-53c7-baa4-fd20cf8b5df9,2022,Belgium,Midfielder,25.0
abd466aa-76ed-5e69-95bc-970438a0f836,1986,France,Midfielder,31.0
abd466aa-76ed-5e69-95bc-970438a0f836,1982,France,Midfielder,27.0
68cdc7d4-2f91-5a29-939f-5cd7b315df01,2002,Slovenia,Forward,27.0
04120022-2e01-5cb6-8a9f-87168f4c3916,2022,Australia,Forward,21.0
2fcad2a5-5d16-5df4-86ca-65dec4594ee1,1966,West Germany,Goalkeeper,31.0
2fcad2a5-5d16-5df4-86ca-65dec4594ee1,1962,West Germany,Goalkeeper,27.0
7c66bcb4-ecdc-5304-8ac4-e6a63a16717a,1938,Brazil,Forward,23.0
319e9e15-a934-5b45-999c-963785b24b53,2022,Netherlands,Defender,21.0
c86fcc5d-6dee-50fb-b750-9cd185f738f1,2006,Netherlands,Goalkeeper,35.0
6f9ceb40-3ab4-5474-9f54-b4c518b0f52c,1990,Romania,Midfielder,23.0
1990a144-3914-59d9-bb0d-98cc8190854b,1986,Morocco,Midfielder,26.0
9630e71e-1761-5d26-b2d8-6af7152ae3fa,1934,Brazil,Midfielder,30.0
52c5f9ec-9bfc-5c0a-88dd-984b67e2c402,2014,Ivory Coast,Midfielder,28.0
52c5f9ec-9bfc-5c0a-88dd-984b67e2c402,2010,Ivory Coast,Midfielder,24.0
369ae6fc-23b8-5cd8-9c20-6c79c00342dc,1930,Yugoslavia,Forward,19.0
e82b4570-4b60-5fa1-b483-b8974bd13adf,1990,Brazil,Midfielder,32.0
0c5eeb2c-bfc4-59aa-b09e-1636b3809f51,1938,Hungary,Forward,30.0
f1eb4dee-9e4f-5883-8cd6-7249aa60ccb2,2002,Russia,Midfielder,26.0
4f919ea7-437a-5447-b0f0-e2633a739a71,2006,Ivory Coast,Goalkeeper,34.0
2fea70bb-c62b-5dee-acb1-9db3b82527c3,2010,Ivory Coast,Defender,28.0
6ccece5d-88b2-50d5-b188-d3c46e04cded,1982,Algeria,Midfielder,27.0
4b61e165-72e1-50d1-9a6a-5941a3785982,1966,Chile,Midfielder,28.0
4b61e165-72e1-50d1-9a6a-5941a3785982,1962,Chile,Midfielder,24.0
76952de8-8229-583e-8629-969686cb5049,2002,Japan,Midfielder,25.0
4332b973-1aa5-52ba-9703-c9e94d02bb87,1974,Argentina,Midfielder,32.0
f8c38690-0e7d-5443-9ca4-c93c03527e06,1954,Italy,Midfielder,30.0
f8c38690-0e7d-5443-9ca4-c93c03527e06,1950,Italy,Midfielder,26.0
fe1a74aa-3501-542b-98b9-ee464310a0fc,2018,Sweden,Forward,32.0
46620ff1-9048-5685-8bc5-3c3b2f0e4395,2006,Croatia,Defender,31.0
70398d23-fe6a-5fc1-ac16-7ac64934691e,2022,Cameroon,Forward,30.0
5bc11e4b-6a4b-5936-9a27-0d50a43cdc2e,1982,Cameroon,Midfielder,34.0
df971d36-c3d4-5372-bb7b-9b2352c5a98b,1990,Egypt,Midfielder,26.0
7676a267-9f1f-5229-bfbb-b94a568ecdeb,1938,Hungary,Forward,29.0
7676a267-9f1f-5229-bfbb-b94a568ecdeb,1934,Hungary,Forward,25.0
51a1b21c-9eb7-5828-bfa1-48b2dbf9649d,2002,Italy,Goalkeeper,31.0
51a1b21c-9eb7-5828-bfa1-48b2dbf9649d,1998,Italy,Goalkeeper,27.0
7e7035b7-c927-5e65-99e4-b3adcc0df76f,2006,Paraguay,Defender,30.0
9c63cb93-fc11-518b-b13a-f5eb1f3165a7,1982,Honduras,Midfielder,23.0
77601679-235d-5524-ad0e-0ac382b34392,2018,France,Midfielder,24.0
15ecc9e4-25d9-5072-a580-a41c5454a9a9,2022,Cameroon,Defender,25.0
204e678c-279d-5b78-9911-b9121b155701,1974,Australia,Midfielder,29.0
7f39aeec-5c30-5b2c-a02d-2aaa9ba7bd53,2002,Croatia,Defender,26.0
7f39aeec-5c30-5b2c-a02d-2aaa9ba7bd53,2006,Croatia,Defender,30.0
5c851e24-6ef4-5953-afbb-b18fcf2a0040,2010,Denmark,Forward,34.0
5c851e24-6ef4-5953-afbb-b18fcf2a0040,2002,Denmark,Forward,26.0
a01c83cb-facf-5be3-a35a-41289c68fa9e,1978,Poland,Goalkeeper,30.0
a01c83cb-facf-5be3-a35a-41289c68fa9e,1974,Poland,Goalkeeper,26.0
163dd955-bf56-5325-9d27-a31fe6abbc5a,1950,Yugoslavia,Forward,27.0
49b43d09-fc80-5fa7-af9f-1d4fbfed4e11,2022,Japan,Defender,24.0
2d469bc7-1c20-5c19-baee-436029e33f06,1958,Yugoslavia,Defender,22.0
ccb77bf8-ab73-5d89-9619-fc8d997a4c71,2002,Italy,Midfielder,28.0
f1d0b77b-758b-55b7-ae55-f2d03f1e361a,1986,Spain,Defender,26.0
e7a17a28-ed3b-5a3a-b88a-f906360ee5d5,2006,Italy,Forward,29.0
2b5b54b8-04a7-5a68-9198-20070d4144c0,1978,Brazil,Defender,30.0
5292248e-b149-5a7d-9955-6b43686c171d,2018,Iran,Midfielder,24.0
5292248e-b149-5a7d-9955-6b43686c171d,2022,Iran,Midfielder,28.0
f78bdc2a-328d-5788-b35d-9d08c97c9334,1986,Paraguay,Defender,30.0
78b14e63-9058-5765-af58-85b2cbbc3665,1962,Chile,Midfielder,23.0
db5b8e7d-8a1e-5083-b57f-c187f44b1c24,2014,Greece,Defender,29.0
db5b8e7d-8a1e-5083-b57f-c187f44b1c24,2010,Greece,Defender,25.0
22401e28-0d6e-5394-bbac-8b0fc52ee55e,2010,Mexico,Midfielder,31.0
22401e28-0d6e-5394-bbac-8b0fc52ee55e,2002,Mexico,Midfielder,23.0
22401e28-0d6e-5394-bbac-8b0fc52ee55e,2006,Mexico,Midfielder,27.0
0d55307b-2b20-579f-8ac7-b0d9c71fc525,2018,Uruguay,Midfielder,22.0
0d55307b-2b20-579f-8ac7-b0d9c71fc525,2022,Uruguay,Midfielder,26.0
a1af4991-9ce8-506a-89a5-2f473c726df0,1954,Mexico,Forward,23.0
81bd5a9e-a4ce-5194-8b85-e8163d6a74d0,1930,Chile,Midfielder,24.0
489bd691-fe01-5fc6-81ff-24db54f53998,2010,Paraguay,Defender,28.0
2eb692d7-b8e0-5397-bc56-f40171c23f36,1930,Chile,Midfielder,24.0
3db1f18c-8e2e-5506-9fcb-28f3a109ab7b,2002,Spain,Defender,26.0
fa2e9a8d-cc79-5b77-b72f-a8397940ecb5,2022,Uruguay,Forward,22.0
b85e7087-e663-5790-aef6-a1bda34bef73,2014,Spain,Forward,30.0
b85e7087-e663-5790-aef6-a1bda34bef73,2010,Spain,Forward,26.0
b85e7087-e663-5790-aef6-a1bda34bef73,2006,Spain,Forward,22.0
ed964dec-7098-53ef-9a71-55c988d8dff6,2022,Spain,Forward,22.0
089c9e31-915f-59fe-9f38-dd66fdb3dcc3,2022,Ecuador,Defender,25.0
15740146-f28e-59f1-b6ac-ec570666f720,2018,Panama,Forward,30.0
6a72a1ac-94d0-5211-8a66-47bb2512d61c,2022,Costa Rica,Midfielder,25.0
b35981ff-6fc9-5878-ad72-b38c04e51ba9,1966,Portugal,Forward,28.0
a6d5c708-cf97-5642-87a5-7a216624a844,2010,United States,Midfielder,23.0
d0b067b3-3d6b-510f-8e5b-8c66c648470f,2022,Spain,Defender,25.0
2e304b5c-a7d8-5f92-82da-92f0bb88df93,2018,Panama,Defender,32.0
e146abb7-6978-5203-9598-874b15ed7b26,2010,Mexico,Defender,22.0
caea41d4-d480-501e-b83e-ce680faf5f89,1998,Italy,Defender,28.0
81d29f6d-89d1-5a72-b530-0a788e1a1fc8,1994,Bolivia,Goalkeeper,22.0
db895134-ffe1-5d8f-8205-f95a18bc8f94,1978,Sweden,Midfielder,29.0
db895134-ffe1-5d8f-8205-f95a18bc8f94,1974,Sweden,Midfielder,25.0
8cec0427-ddc6-5b1e-aa7d-f5237ff4b82f,2014,Chile,Goalkeeper,26.0
a621047a-8ac1-5480-983e-2d2870434060,1966,Brazil,Midfielder,19.0
a621047a-8ac1-5480-983e-2d2870434060,1970,Brazil,Midfielder,23.0
6eaf1dee-e680-5ba2-8678-e20ec6a03d94,2002,Italy,Forward,26.0
6eaf1dee-e680-5ba2-8678-e20ec6a03d94,2006,Italy,Forward,30.0
5060fb18-3f4b-5e66-8eb2-774899379285,1982,Cameroon,Midfielder,24.0
e1f3ed1e-a086-54e0-af95-b81bd6ab0bf3,2010,France,Midfielder,27.0
39a3166f-7ad7-538e-9a13-4ff9807083f0,2006,Togo,Defender,18.0
954bbabe-aea3-5fcf-8235-47968b0f6b1e,2014,Ivory Coast,Defender,33.0
954bbabe-aea3-5fcf-8235-47968b0f6b1e,2010,Ivory Coast,Defender,29.0
954bbabe-aea3-5fcf-8235-47968b0f6b1e,2006,Ivory Coast,Defender,25.0
7296f482-6d5e-5b1e-ae56-89bf467bb30d,2014,Ivory Coast,Midfielder,31.0
7296f482-6d5e-5b1e-ae56-89bf467bb30d,2010,Ivory Coast,Midfielder,27.0
7296f482-6d5e-5b1e-ae56-89bf467bb30d,2006,Ivory Coast,Midfielder,23.0
ca091b02-1ca0-50ac-8a76-0cf62bfe61ee,1962,Colombia,Midfielder,24.0
792f467c-cfe2-5e84-b90f-435d623fb7ac,1994,Republic of Ireland,Midfielder,31.0
792f467c-cfe2-5e84-b90f-435d623fb7ac,1990,Republic of Ireland,Midfielder,27.0
de811380-2c70-50de-aa63-09452c285e11,1930,Yugoslavia,Defender,21.0
ad4af6af-4ea9-5732-95dc-5d873d29e691,2018,Serbia,Defender,33.0
fd5c6204-fd0d-5527-a69e-e9dc8a94de3b,2010,Serbia,Midfielder,23.0
5729f178-9ea8-53fd-962e-7d654a4fa1d9,2002,Tunisia,Defender,25.0
5729f178-9ea8-53fd-962e-7d654a4fa1d9,2006,Tunisia,Defender,29.0
5729f178-9ea8-53fd-962e-7d654a4fa1d9,1998,Tunisia,Defender,21.0
02bf8a9d-1449-57bd-b150-78bd68ee45f9,1998,Tunisia,Defender,30.0
c0ae48ad-93fc-5386-8de2-410ad8ddc85c,1930,United States,Forward,26.0
cfe69e7b-6d3b-5c4d-923a-afc334269117,1958,Northern Ireland,Forward,24.0
68c80f1c-99fd-5fec-82da-fc0d263a97e2,2002,Senegal,Forward,37.0
83ea614b-3eb0-5820-8605-722fdf9b03d1,1962,Italy,Midfielder,23.0
54e73bad-82c2-5dcb-ac8f-7505176f3427,2018,Germany,Goalkeeper,28.0
54e73bad-82c2-5dcb-ac8f-7505176f3427,2022,Germany,Goalkeeper,32.0
f31e6c08-8f15-527a-970f-91a53f526cc6,1970,Belgium,Goalkeeper,28.0
74348d9e-162f-52f4-add2-90ced071efff,2018,Peru,Defender,26.0
ef7c861b-e9fc-5f68-9564-851cd03dc8fa,2018,Iceland,Midfielder,25.0
d4b8ea4d-631a-5fb5-9c18-f09ad9ac25d2,1974,Netherlands,Goalkeeper,28.0
454685b0-c697-50a1-b546-6002618f61e6,1986,Mexico,Defender,30.0
a272835b-7fb6-59ce-9f31-a0987ae8383c,2002,France,Forward,25.0
a272835b-7fb6-59ce-9f31-a0987ae8383c,2006,France,Forward,29.0
a272835b-7fb6-59ce-9f31-a0987ae8383c,1998,France,Forward,21.0
f8729355-cf9b-58f3-9d2c-508a39ddf2a3,1986,Italy,Defender,27.0
a9e60b79-d24e-53e7-a947-19c945ca36b8,1994,Morocco,Defender,27.0
a9e60b79-d24e-53e7-a947-19c945ca36b8,1998,Morocco,Defender,31.0
2dad1008-5919-572b-9ee0-1a29b436874b,2018,England,Defender,28.0
2dad1008-5919-572b-9ee0-1a29b436874b,2022,England,Defender,32.0
1251638d-299d-54e5-b1fe-58bcc5dbd5ab,2002,Spain,Forward,26.0
6340bfc0-a5c4-5b63-a1b4-062698afbc1d,1990,United States,Defender,25.0
a8a7a5b0-082a-57b1-9955-c6a1ac61b231,1954,Czechoslovakia,Defender,28.0
1c41c3af-d5b6-544a-a730-01a2403ee3ec,1986,Argentina,Midfielder,31.0
7bc7fe13-8180-5e4a-8a1d-9291cd66637e,1966,Uruguay,Defender,30.0
7bc7fe13-8180-5e4a-8a1d-9291cd66637e,1962,Uruguay,Defender,26.0
23f7e47f-9472-573d-83eb-e751ba158b77,2010,Germany,Midfielder,26.0
7b925eba-e591-55c6-9d03-8ab51f44a135,1990,Argentina,Midfielder,25.0
e677aa12-f9fb-54fe-a8df-099d3c02454f,2014,Australia,Midfielder,26.0
95841b26-6b0d-5921-8afe-927879b69794,2018,Nigeria,Defender,25.0
0b1b3d36-514a-56c7-bbd2-52c8b8190660,2022,Belgium,Forward,28.0
e1b743dc-a281-570b-a283-734324445d3b,1982,Argentina,Defender,29.0
9791e3e1-ebf0-526e-97c0-e0f2005ab0ad,1994,Bolivia,Goalkeeper,37.0
65223210-df9f-59ee-b80f-c5eea525260a,1978,France,Defender,28.0
65223210-df9f-59ee-b80f-c5eea525260a,1982,France,Defender,32.0
b62f4561-d793-5d8c-854b-095eb3ffdbbe,2018,Egypt,Midfielder,24.0
e62a53a9-1cd5-5524-afe2-b8d03bf4ba78,1994,Greece,Midfielder,31.0
328c7bdd-27ec-532b-bada-32a4408583fb,1958,Soviet Union,Midfielder,27.0
ee76cefe-a658-51f5-9f1c-b4082231a590,2010,South Africa,Midfielder,26.0
8da46fd2-dfb5-5372-ae9f-822c02875c90,1974,Zaire,Defender,25.0
d8297f96-adea-512b-85a1-75b568ecc7e2,1974,Zaire,Midfielder,28.0
7372101d-5220-594b-8fa4-05f85ecb38c1,1994,Greece,Midfielder,31.0
fd5634c6-aefe-5dfc-b910-22aefd5048c9,2006,Japan,Defender,27.0
0e657c69-9d8b-5a03-8051-1f253a7dcb5e,1990,Soviet Union,Defender,24.0
d395ee52-7605-549d-a43a-991c4d0e9181,1994,Bulgaria,Defender,24.0
cb20b9b9-6768-5d66-bbe2-9fdbcb5103ef,1994,Russia,Midfielder,25.0
6bc25425-5ffb-568d-a2d5-d0f2f2df17c3,2006,Croatia,Defender,28.0
6bc25425-5ffb-568d-a2d5-d0f2f2df17c3,1998,Croatia,Defender,20.0
81ae30ed-d7dc-5173-9fa9-deb89b9981a1,1970,Romania,Forward,28.0
5920a54a-def1-578f-95ad-a55b575f9bec,2002,Saudi Arabia,Defender,27.0
5920a54a-def1-578f-95ad-a55b575f9bec,2006,Saudi Arabia,Defender,31.0
95b103c8-8f66-5f0e-b074-324d34c0d795,1962,Italy,Midfielder,23.0
526de6c6-ef37-5f75-847c-b275c9372e0c,1938,Hungary,Midfielder,33.0
92364097-c1bb-5393-84d5-50f621f8024c,2010,Honduras,Midfielder,32.0
bc2f9ac2-9a5f-5623-a929-822c70b37ddb,1954,West Germany,Goalkeeper,35.0
b1ac1faa-22d7-5cfa-b99f-1fc9f84ed371,1970,Sweden,Forward,28.0
2ff98a37-c472-5e1b-9734-1e0b831b0d1e,1958,Scotland,Midfielder,35.0
830a1b18-6c36-59b6-b43a-59ec7ff49f12,1982,New Zealand,Midfielder,33.0
87672a75-8a91-51f0-98e2-d1abcdce0a48,1982,New Zealand,Midfielder,24.0
3dfc3373-e198-5a34-a17a-2da03a9cd4b0,2022,United States,Goalkeeper,28.0
8fc3d072-e79a-5fde-b1f5-0e4a6c923c7c,1986,France,Defender,28.0
e1fd95b0-2372-578d-9167-696eca22202c,1938,Cuba,Forward,21.0
b4deefb3-5569-592b-b472-66d0f76a11b0,1938,Poland,Defender,24.0
e46593e6-121f-5540-b252-ac9b28200c3f,2006,Ukraine,Midfielder,27.0
b9ae27e8-db5c-523a-a931-73f9bf6e940e,2014,Greece,Defender,27.0
862d4e2d-4b48-58ac-9256-1f1815716239,2014,Greece,Midfielder,29.0
862d4e2d-4b48-58ac-9256-1f1815716239,2010,Greece,Midfielder,25.0
4b711fc9-ddea-5871-855a-3a4d245aa9ce,2010,Greece,Goalkeeper,28.0
95d7c254-ec4a-5e33-8bea-2ed9c5df5293,1978,Hungary,Forward,29.0
13421e05-745c-5a39-ae6c-0bc21757a749,1954,Hungary,Forward,25.0
749500ca-f1e6-56f2-9358-4f6779ceca78,1978,Hungary,Defender,27.0
749500ca-f1e6-56f2-9358-4f6779ceca78,1982,Hungary,Defender,31.0
f5b7bf82-f8b9-59e4-9396-70f45fd37c14,1954,Hungary,Forward,28.0
04fd7c50-87e5-54b1-ba15-02e5df8e5d82,1978,Hungary,Defender,27.0
14028895-9c4c-5c6c-b168-44e6eeecd72e,1978,Hungary,Forward,23.0
14028895-9c4c-5c6c-b168-44e6eeecd72e,1982,Hungary,Forward,27.0
6c62dfac-5645-512a-adb1-a2f621058ae7,2002,Denmark,Midfielder,33.0
6c62dfac-5645-512a-adb1-a2f621058ae7,1998,Denmark,Midfielder,29.0
d55df9ee-ee78-521c-8e8f-2b94862097c8,1970,Romania,Midfielder,22.0
c8425566-618a-56b3-aab3-58ecabfa4ca1,1966,Uruguay,Defender,26.0
c8425566-618a-56b3-aab3-58ecabfa4ca1,1970,Uruguay,Defender,30.0
7e638ddf-cc05-5479-aa88-a730db344834,2010,Nigeria,Forward,28.0
c5e8621f-0f7f-58fb-9809-6ffe04d4b0c1,2014,Nigeria,Forward,24.0
0bbb7062-8740-56a2-a521-51e8e79a90a3,2014,Japan,Defender,26.0
0bbb7062-8740-56a2-a521-51e8e79a90a3,2010,Japan,Defender,22.0
d2197edf-e429-5d0f-b7a9-77974948b905,2002,Nigeria,Defender,22.0
9e5040be-195a-5b40-97f2-99ccfe0303d1,2022,Japan,Forward,24.0
0332d8aa-4179-54b4-9aef-fc26afff07af,2018,Japan,Defender,24.0
001dca6c-6468-5c7d-a613-d2880e867b1f,1966,Spain,Midfielder,25.0
071c440d-4121-5d84-a28a-8000b2346fad,1982,Spain,Forward,24.0
4af23754-c022-5239-a60c-2ae02e920f62,2022,Uruguay,Midfielder,21.0
11a737db-fa26-5394-8ed0-89be0bea977f,1950,Bolivia,Forward,24.0
756e84a1-1d00-5bae-8cc1-24227fc6d55c,2022,Canada,Forward,24.0
f7cf0137-f195-5aaf-ad59-1290715dd306,2022,South Korea,Forward,30.0
c6249be0-9155-5e17-bc11-1cc363497205,2006,Czech Republic,Defender,28.0
4e375d9c-12f7-5e5b-91e4-aef4564cb0f6,2014,Costa Rica,Defender,32.0
4e375d9c-12f7-5e5b-91e4-aef4564cb0f6,2006,Costa Rica,Defender,24.0
5a0ca7ae-4010-55d4-bfcc-cd5742a9e3e4,2018,France,Defender,25.0
2508a7a7-94a9-5f09-952e-a852a152d552,1938,Sweden,Forward,
2e6e3f2e-2d18-51fd-a61d-d3a2243f2d04,1950,Paraguay,Forward,25.0
64e1275e-7f04-588a-b7bc-0f3aef5f1f0b,2022,France,Defender,24.0
de45e95f-3315-5872-9aab-5a491aa71541,1958,Northern Ireland,Goalkeeper,30.0
4d333a6c-90aa-5026-ba57-46dec35230cc,2010,England,Defender,31.0
383b01c6-154f-5902-90cf-4daa7e6e29bc,1982,Spain,Forward,24.0
bb41169e-49bf-5d26-a21c-f9e1206b8ca0,1986,Poland,Forward,24.0
8709f0ed-8400-5cca-b80c-01dfcb4d3423,1934,Austria,Midfielder,24.0
0ac0cc8a-acca-5274-8641-c28c33296a96,1934,Argentina,Midfielder,27.0
619bb65f-6c51-5ed5-9bb6-e7a91151fd54,1930,Uruguay,Forward,30.0
de4d14c7-43b8-5c92-b0ea-a32eaf1c7c62,2018,Costa Rica,Forward,28.0
de4d14c7-43b8-5c92-b0ea-a32eaf1c7c62,2014,Costa Rica,Forward,24.0
429bd121-4e0f-52c3-86f6-b6e94e3f5cdd,1982,Peru,Midfielder,24.0
4f528b3f-4549-5296-a002-d6d7588eb9b7,2018,Colombia,Midfielder,27.0
4a6ab351-9899-5191-8ff7-3c982b6dab1c,1982,Spain,Defender,24.0
da15a17c-b077-51eb-b09a-a72dd3eeaadf,2018,Uruguay,Forward,28.0
b49966c6-478b-5e4f-a967-862f5e88f8f9,1950,Chile,Defender,30.0
068cad7c-188a-531a-be77-6a5f919793f8,1978,Spain,Goalkeeper,26.0
068cad7c-188a-531a-be77-6a5f919793f8,1986,Spain,Goalkeeper,34.0
068cad7c-188a-531a-be77-6a5f919793f8,1982,Spain,Goalkeeper,30.0
5225c8fb-5713-5f65-a71a-182e7027f329,2006,Ecuador,Midfielder,28.0
228c1977-d785-52e9-aea9-4549bd053dbf,1966,Uruguay,Forward,22.0
6da22ffc-3ff9-5927-a5e4-1be41d9d2290,1978,Spain,Defender,28.0
0c14c7a8-94f2-5a36-8567-2454668210b9,2018,Japan,Midfielder,26.0
992a958a-4e16-5e7b-be66-a7b03c7196bc,2006,Argentina,Goalkeeper,20.0
e1b03db1-9d36-5d47-8c0f-94edce129c09,2010,Nigeria,Midfielder,28.0
e1b03db1-9d36-5d47-8c0f-94edce129c09,2002,Nigeria,Midfielder,20.0
a3a41560-75fc-52e3-8b77-2e42f4be3030,1974,Australia,Defender,28.0
432f95e3-5a39-5f93-a4e5-94e30855d35e,1990,Soviet Union,Goalkeeper,30.0
4b4deca7-26d9-50e9-b56b-48edc81628eb,2014,Nigeria,Midfielder,26.0
bcc7758d-4701-583b-909c-ebc3337f2efe,2018,Nigeria,Goalkeeper,20.0
91fcb0ad-0052-5204-9209-69ad46b77e4b,1958,Argentina,Defender,28.0
304f58fd-134e-58bd-80aa-0013b3344728,2014,France,Midfielder,30.0
304f58fd-134e-58bd-80aa-0013b3344728,2010,France,Midfielder,26.0
5233589b-4473-5c62-bbd7-17e04733eb8f,1994,Netherlands,Defender,31.0
d567e6df-2230-5a09-98a4-70f32305288b,1986,Argentina,Forward,31.0
d567e6df-2230-5a09-98a4-70f32305288b,1982,Argentina,Forward,27.0
db5599ea-16db-519b-9b4c-cc0c57bf081a,1994,Colombia,Midfielder,33.0
db5599ea-16db-519b-9b4c-cc0c57bf081a,1990,Colombia,Midfielder,29.0
db5599ea-16db-519b-9b4c-cc0c57bf081a,1998,Colombia,Midfielder,37.0
9db24ba0-45dc-5309-95c2-5506aa40bee1,1930,Bolivia,Midfielder,24.0
62c400b8-dba9-5b9e-a182-c3c7ddc5269c,2010,Paraguay,Forward,27.0
c2bb7fb7-1fb5-5bca-ba6f-1388d8a4b060,2006,Paraguay,Forward,23.0
a9a2a51b-b054-5d5f-bbd6-cb05cb5ff946,1970,Mexico,Forward,29.0
8bb1cb10-cc6d-5126-8d47-77149133c8c1,2014,Chile,Midfielder,31.0
8bb1cb10-cc6d-5126-8d47-77149133c8c1,2010,Chile,Midfielder,27.0
5f4f56fd-6855-5ff9-8d72-487e43ba8b74,1930,Peru,Goalkeeper,20.0
6cabe482-63b9-5979-a9e5-40fa39828051,1990,Brazil,Midfielder,26.0
6cabe482-63b9-5979-a9e5-40fa39828051,1986,Brazil,Midfielder,22.0
6ad9bf80-d71b-536e-95d2-7e6e1bb9d3fa,1974,Brazil,Forward,28.0
1ba5eb85-36bb-52c1-b5a7-25a7806790a7,2014,Colombia,Defender,29.0
c507d17f-cb03-53e1-8df6-778c5389eef6,1966,Chile,Midfielder,23.0
c507d17f-cb03-53e1-8df6-778c5389eef6,1974,Chile,Midfielder,31.0
bc2f5b71-217f-54ac-8017-00a592a8ca4c,1962,Chile,Defender,29.0
362324d6-1835-598d-b952-98d2a9da8290,2010,Spain,Goalkeeper,28.0
5dbdb73d-e10f-563e-a639-6c86fb1184ed,1994,Mexico,Forward,29.0
2edfaf4a-e339-5612-90ba-a5aa7cf082b1,1994,Colombia,Forward,26.0
2edfaf4a-e339-5612-90ba-a5aa7cf082b1,1998,Colombia,Forward,30.0
a5e49970-82b0-5c59-a560-aed0831582f5,1950,Bolivia,Midfielder,25.0
879607cb-7bf1-553e-9d10-f97b201ecfa5,2014,Ecuador,Midfielder,29.0
879607cb-7bf1-553e-9d10-f97b201ecfa5,2006,Ecuador,Midfielder,21.0
33aea20b-a768-5265-9967-8826559c86c9,2014,Ecuador,Forward,25.0
33aea20b-a768-5265-9967-8826559c86c9,2022,Ecuador,Forward,33.0
123ad05b-2490-533e-a904-4938c36ffe77,1978,Argentina,Midfielder,23.0
123ad05b-2490-533e-a904-4938c36ffe77,1982,Argentina,Midfielder,27.0
2289ebe6-8a8e-56f1-a7fe-78bd8e1b2c74,1994,Colombia,Forward,22.0
e0996118-9af8-5104-8333-a3810c4026b7,2006,Portugal,Defender,32.0
0aa948a5-5592-58a9-8bbb-8554bd9d564f,1986,Canada,Forward,28.0
3d7a8d9d-70f6-5943-917c-197501a3d2ff,1966,Chile,Defender,28.0
6b499ce5-a1b9-5dc0-9d4f-f89d133d214e,1982,Chile,Defender,27.0
2387ff2f-8fea-5591-833e-9dfad3a10c50,2010,Australia,Midfielder,26.0
b0f1951b-25dc-51ef-bf10-9c2a64469827,2002,Spain,Midfielder,27.0
00720795-2779-5b41-aabd-f07171554c92,2014,Honduras,Goalkeeper,37.0
00720795-2779-5b41-aabd-f07171554c92,2010,Honduras,Goalkeeper,33.0
13816087-c75c-5f6a-8cc4-5d1093efef53,1930,Peru,Midfielder,
2a7b0b18-9279-5a9b-ab48-cff21d3fcc1e,2002,Costa Rica,Defender,21.0
b2fbfea5-7c46-5431-bd1d-ee27cafffd91,1974,Chile,Goalkeeper,30.0
fd9d0805-e3e0-5127-9348-28f1e66feb76,1986,Bulgaria,Goalkeeper,25.0
26331d27-43cf-5cce-8659-375085adca1f,2022,Uruguay,Midfielder,24.0
b5772217-aeff-579a-88d6-ae7d4daefc3f,2002,Brazil,Midfielder,28.0
735f7d21-38d4-5708-8b63-495da36ec3b6,1938,Belgium,Midfielder,24.0
a73dd625-de12-5947-a291-f4444eddd249,1954,Belgium,Defender,27.0
3560b9fd-d621-53aa-abf8-9aaee5bd9e47,2014,Belgium,Defender,36.0
3560b9fd-d621-53aa-abf8-9aaee5bd9e47,2002,Belgium,Defender,24.0
5aded214-5f83-5c59-983e-e489afeb1ecb,1954,Belgium,Forward,28.0
939a6ffd-9aa8-56d2-b5f4-04d1e2dafc8f,1954,Belgium,Forward,27.0
30c4a6ce-a494-5bd7-9b89-8008e5207445,1938,Dutch East Indies,Midfielder,
86df135a-1076-5f98-8c6e-039df5405650,1982,Belgium,Forward,28.0
ea2eee3f-c344-5d8b-9719-48b17f63cd58,1986,Belgium,Midfielder,24.0
02bbe56c-7dff-5562-b9f8-15062f7e4ed6,1954,Belgium,Defender,27.0
5f750c45-fe14-5a70-b8d4-fd418db50e65,1990,Belgium,Forward,26.0
1157c3cf-fa73-51d7-99ed-aff6bf3970d9,1970,Belgium,Forward,27.0
95ab501a-40b7-5960-baf4-bfc6d7a52275,1954,Belgium,Forward,25.0
a91d496b-d9c0-5f5d-afb4-bcb5590b456c,1934,Belgium,Midfielder,22.0
d9816559-d432-50f4-9c67-a8c2eac0e342,2002,Belgium,Defender,32.0
d9816559-d432-50f4-9c67-a8c2eac0e342,1998,Belgium,Defender,28.0
fff4034e-8136-5824-85bc-a2b7a74947b5,1954,Belgium,Midfielder,30.0
c5b4dc57-5f9d-5710-b97b-b2963fdf771f,1994,Belgium,Defender,26.0
c5b4dc57-5f9d-5710-b97b-b2963fdf771f,2002,Belgium,Defender,34.0
c5b4dc57-5f9d-5710-b97b-b2963fdf771f,1998,Belgium,Defender,30.0
0dc95025-d75f-5eeb-883b-67427713755a,1970,Belgium,Midfielder,25.0
0dc95025-d75f-5eeb-883b-67427713755a,1982,Belgium,Midfielder,37.0
44bd53f7-2e19-59b5-b90c-5ce677262707,1954,Belgium,Midfielder,25.0
82bc818d-7913-52f9-95da-7cd0fa21b9a0,1982,Argentina,Defender,28.0
50888d0c-520e-5866-b9fa-75c533c5bc27,1994,Belgium,Midfielder,33.0
50888d0c-520e-5866-b9fa-75c533c5bc27,1990,Belgium,Midfielder,29.0
50888d0c-520e-5866-b9fa-75c533c5bc27,1986,Belgium,Midfielder,25.0
50888d0c-520e-5866-b9fa-75c533c5bc27,1998,Belgium,Midfielder,37.0
618d66cf-710a-59a0-80ad-5e37ecf4d7d5,2002,Belgium,Defender,26.0
d3af3a08-c4d2-5253-aeee-6f989dfb170c,2022,Belgium,Midfielder,30.0
59b7753a-04eb-5ed2-a6a0-3229ad170c18,1998,Belgium,Goalkeeper,37.0
f5d5c83d-f8cf-5c5b-ae50-610dd17e8b86,2014,Belgium,Defender,27.0
0150bfec-ac73-5ea8-94e7-cc1cfd5aa9c4,1938,Belgium,Forward,22.0
3d5f64bf-828a-5c08-9621-287299314a28,1986,Belgium,Forward,27.0
3d5f64bf-828a-5c08-9621-287299314a28,1982,Belgium,Forward,23.0
7c07ac28-0ffc-5a1c-bd45-ae8840d024cd,1970,Belgium,Midfielder,25.0
2a9ed4c0-5066-53ef-af45-a158a76ea2da,2002,Belgium,Goalkeeper,31.0
ba52a8da-0e81-5d61-8248-9695fd542b53,1986,Belgium,Midfielder,33.0
c0d1b3ec-94dd-59e5-ad6a-85e73dda0636,2002,Belgium,Midfielder,32.0
62d691fd-ef71-5c2c-99fe-29548c6a1db8,1982,Belgium,Midfielder,25.0
5ac07465-20eb-5823-8e9e-816df13d6eb2,1938,Belgium,Goalkeeper,29.0
5ac07465-20eb-5823-8e9e-816df13d6eb2,1934,Belgium,Goalkeeper,25.0
1ddf4cc7-1d6e-5ec9-8f37-0a076afd66e5,1938,France,Defender,30.0
1ddf4cc7-1d6e-5ec9-8f37-0a076afd66e5,1934,France,Defender,26.0
fb62f6a6-fe12-5469-b09c-5a3609192271,1990,Netherlands,Midfielder,26.0
30168df9-6b22-5cdd-9eee-b123b7b574bf,1990,United States,Goalkeeper,27.0
732a69e4-4ffb-5208-9839-d5c3a15908d1,1970,Mexico,Defender,27.0
b8bf58ce-0806-5e20-ab79-3f4ccbeae1fd,1966,Argentina,Midfielder,34.0
b8bf58ce-0806-5e20-ab79-3f4ccbeae1fd,1958,Argentina,Midfielder,26.0
0261fe76-53f3-5dfb-86d6-9fa9e70cf015,1930,Argentina,Forward,20.0
0cea2bfe-3cc6-5853-a58a-bedb3ec55bbf,2018,France,Defender,25.0
0cea2bfe-3cc6-5853-a58a-bedb3ec55bbf,2014,France,Defender,21.0
0cea2bfe-3cc6-5853-a58a-bedb3ec55bbf,2022,France,Defender,29.0
e9b86507-a393-59cb-8480-a068f53d11ec,2018,England,Forward,31.0
18d73d17-feac-59c9-90f5-0c2550de1e88,2018,Uruguay,Defender,25.0
18d73d17-feac-59c9-90f5-0c2550de1e88,2022,Uruguay,Defender,29.0
6413bef0-8747-57f3-aa3f-5e75e17fa286,2002,Uruguay,Forward,24.0
85160f50-f680-5047-aad7-8b34a4cf54ff,1954,Uruguay,Midfielder,37.0
85160f50-f680-5047-aad7-8b34a4cf54ff,1950,Uruguay,Midfielder,33.0
67ce6c11-a5d8-51f4-854a-37d67c2e72b3,2014,Portugal,Midfielder,29.0
d7acc68e-37e6-5105-93b5-4d646c0d43d8,1986,Hungary,Defender,32.0
d7acc68e-37e6-5105-93b5-4d646c0d43d8,1982,Hungary,Defender,28.0
9acfaf90-f5a0-56b6-9edf-c9f2b58c4819,1966,Hungary,Midfielder,21.0
6292973d-366d-5ba3-8f44-c4bbb7e8521e,2018,Colombia,Goalkeeper,29.0
6292973d-366d-5ba3-8f44-c4bbb7e8521e,2014,Colombia,Goalkeeper,25.0
99019a1a-04db-56e0-bebd-486066518000,2014,Chile,Forward,25.0
bc92ea85-4d10-5684-a4e3-bd30f0a147aa,1966,Mexico,Goalkeeper,25.0
707d837f-e33d-5fe7-8f4f-b409495897b6,2022,Costa Rica,Defender,27.0
06b77b41-f916-52db-a750-8386387d3e83,1950,Paraguay,Goalkeeper,
d8d9a033-844d-5f67-9d78-f20d741335b2,2022,Switzerland,Forward,24.0
1dccf832-affe-5720-8f8c-e6f035d49c15,1930,Paraguay,Forward,23.0
bea0aecc-894b-5478-99b4-392114c5d76a,1934,Italy,Midfielder,29.0
1967e8bf-d429-5efd-830d-68e7fe3fbbca,1958,Hungary,Forward,25.0
9808c092-5325-5710-bae7-3a97f561277a,2006,Ukraine,Defender,31.0
890edc46-debb-5407-ac31-262d757b948e,1974,Bulgaria,Defender,27.0
4f98ffac-bb4a-5527-b1e4-07783abb4e72,1974,Bulgaria,Midfielder,22.0
d462e4e6-883b-5582-8bf8-65ff7b9be83c,2002,Croatia,Goalkeeper,27.0
d462e4e6-883b-5582-8bf8-65ff7b9be83c,1998,Croatia,Goalkeeper,23.0
ebb9d5d3-8b13-54eb-9f1b-8e3e90f45603,2002,England,Forward,22.0
053fa41e-cc79-5f80-8f66-29686e34df72,1998,Austria,Forward,29.0
fec9f4fb-e7a5-52a3-afb7-a8f297f83b90,1930,United States,Defender,28.0
489edf7d-e5bf-53ce-9aff-68cbc2f67e99,1958,Brazil,Forward,24.0
489edf7d-e5bf-53ce-9aff-68cbc2f67e99,1962,Brazil,Forward,28.0
5c0366fe-08d9-5552-8cfc-03fed8e6d1b7,1958,Wales,Goalkeeper,24.0
74143d97-ab92-5170-a505-f244018e2466,2018,Uruguay,Midfielder,27.0
74143d97-ab92-5170-a505-f244018e2466,2022,Uruguay,Midfielder,31.0
57e29451-e6bc-5704-b8f4-e8545846a6ff,2022,Mexico,Forward,25.0
69269644-8ebd-5f80-82ea-0be7cfc4be73,1986,Uruguay,Defender,27.0
8395f9cb-35a8-5b4a-b2d4-e6cd090049f4,1998,Chile,Midfielder,27.0
a43be1c3-f79a-59eb-9252-ba6b639534b6,1930,France,Forward,23.0
a43be1c3-f79a-59eb-9252-ba6b639534b6,1938,France,Forward,31.0
a43be1c3-f79a-59eb-9252-ba6b639534b6,1934,France,Forward,27.0
f523e781-f754-5081-96ce-1913eb819b30,2018,Mexico,Forward,29.0
f523e781-f754-5081-96ce-1913eb819b30,2010,Mexico,Forward,21.0
4364ed62-14f0-5f09-a5fc-e5d0725e2dbc,1970,Mexico,Midfielder,30.0
4364ed62-14f0-5f09-a5fc-e5d0725e2dbc,1962,Mexico,Midfielder,22.0
a824bb33-9314-5f7d-ae48-cad3213d783c,1986,Bulgaria,Forward,28.0
6de346f8-da94-5dab-b4f5-090dfc6459f2,1962,Bulgaria,Forward,22.0
5b5412ef-776b-5b5a-a0d4-ccfa5e1ceb3e,1974,Bulgaria,Midfielder,25.0
a31f275e-9847-54c7-ae49-26346b213bca,2018,Serbia,Defender,23.0
a31f275e-9847-54c7-ae49-26346b213bca,2022,Serbia,Defender,27.0
a8a38113-2a7d-59ce-a45e-a6956d32cd11,1930,Brazil,Goalkeeper,22.0
9ff4ea3f-0002-592e-bf34-520fa9f00d1f,2014,Portugal,Midfielder,28.0
9ff4ea3f-0002-592e-bf34-520fa9f00d1f,2010,Portugal,Midfielder,24.0
3d9197de-dd8d-56db-9098-3ecafec11d81,2014,Netherlands,Defender,22.0
f303cdcc-02ad-5250-8343-7dd4b7dc85e8,1954,Brazil,Goalkeeper,24.0
5de5ceb4-a190-56c7-99b2-2a26f3f87de0,1978,Peru,Midfielder,26.0
5de5ceb4-a190-56c7-99b2-2a26f3f87de0,1982,Peru,Midfielder,30.0
45c429bd-bf2b-5c34-8b3f-50845ff9a8e3,1950,Mexico,Forward,27.0
38cb2463-8178-50c2-883e-7904806e3002,1970,Czechoslovakia,Goalkeeper,26.0
b564bb5a-7bfd-5e06-b5c2-8a83a1c37a74,2018,Costa Rica,Forward,30.0
b564bb5a-7bfd-5e06-b5c2-8a83a1c37a74,2022,Costa Rica,Forward,34.0
30864d05-9511-5c5a-8522-a6c9816fc035,2006,Netherlands,Forward,28.0
23c3ca4e-29b5-53f1-a738-ea0f991ad854,1938,Netherlands,Forward,27.0
23c3ca4e-29b5-53f1-a738-ea0f991ad854,1934,Netherlands,Forward,23.0
1e8cc636-693e-529a-a9e0-c26fe76518a5,1934,Spain,Midfielder,28.0
d9ee7002-7237-5d05-b284-e267a184bcff,1982,El Salvador,Midfielder,26.0
f84b53e8-16a2-5272-bde7-dfd165ab3db5,2010,Paraguay,Midfielder,31.0
3afb6e8d-80e4-5f78-8027-6f65de04890a,1986,Belgium,Midfielder,30.0
3afb6e8d-80e4-5f78-8027-6f65de04890a,1982,Belgium,Midfielder,26.0
cbfacecf-8869-5bd9-8c6a-55293278c5ff,1986,France,Midfielder,24.0
e439e606-cf4d-50c2-9660-0551ea341f0f,2022,France,Midfielder,29.0
c63a31e6-e715-5aca-b9fb-ee623a0fc80e,1962,Spain,Midfielder,28.0
bc45c953-25ae-5c94-bec4-2a3b9b224fd0,2014,Netherlands,Defender,31.0
4d71a053-f5d5-5568-ab6b-ee67204241cf,2002,Belgium,Forward,32.0
4d71a053-f5d5-5568-ab6b-ee67204241cf,1998,Belgium,Forward,28.0
8ae38578-5ce0-58d1-990d-e247ca94acca,1970,Belgium,Midfielder,26.0
fe727dc4-eb0e-5678-a66f-7dbf1ed5108a,1982,Belgium,Midfielder,30.0
e534e235-fd7d-57c3-b087-7b43c1c21512,1994,Belgium,Goalkeeper,31.0
e534e235-fd7d-57c3-b087-7b43c1c21512,1998,Belgium,Goalkeeper,35.0
c0b23abc-1307-5c89-81b4-53538dba15a1,2018,Belgium,Defender,33.0
c0b23abc-1307-5c89-81b4-53538dba15a1,2014,Belgium,Defender,29.0
cba6aa8c-1b33-5bf5-a866-3d92e64cfc74,2002,Belgium,Midfielder,29.0
ef8f3c8a-90fa-518c-bf75-5d5f445f3ba7,1990,United States,Forward,24.0
2b0e016a-285f-59ed-95a7-13cf621cd078,1938,Switzerland,Midfielder,31.0
852aefd3-ba7f-54f8-b17a-1665cada922e,1958,Wales,Forward,21.0
d2b2d439-db87-55bf-bc79-bd8983e37887,2014,Italy,Midfielder,22.0
771feabf-df2b-5927-aab0-157005bef5a3,1934,France,Midfielder,25.0
df75d259-c291-542c-b40c-7111ff6c9bf3,1990,Belgium,Midfielder,23.0
a2de9b17-c007-56a7-b3ac-42e65a9d768c,1998,Belgium,Defender,31.0
2c04b2c5-4234-5cda-ae9c-57690b6433a1,1930,Belgium,Forward,22.0
2c04b2c5-4234-5cda-ae9c-57690b6433a1,1934,Belgium,Forward,26.0
0237e0cf-0262-5f95-90c4-3756b4b333d5,2018,Belgium,Defender,31.0
0237e0cf-0262-5f95-90c4-3756b4b333d5,2014,Belgium,Defender,27.0
0237e0cf-0262-5f95-90c4-3756b4b333d5,2022,Belgium,Defender,35.0
4d5ab592-1db3-515e-841a-6e438b203598,1990,Belgium,Midfielder,25.0
4d5ab592-1db3-515e-841a-6e438b203598,1986,Belgium,Midfielder,21.0
5afbaf97-13b7-5d9d-b0e8-b533401c897b,2010,Paraguay,Defender,31.0
16b048c6-06ac-5be2-a449-cce48a3c2cd2,2010,Argentina,Midfielder,35.0
16b048c6-06ac-5be2-a449-cce48a3c2cd2,2002,Argentina,Midfielder,27.0
16b048c6-06ac-5be2-a449-cce48a3c2cd2,1998,Argentina,Midfielder,23.0
2e003f5a-4d36-5cf4-8b92-82070102c003,1954,Yugoslavia,Forward,24.0
2e003f5a-4d36-5cf4-8b92-82070102c003,1958,Yugoslavia,Forward,28.0
8c52547a-5a4d-5040-bbeb-280a7237fdbe,1970,Czechoslovakia,Midfielder,25.0
18673fd6-099c-5c7c-9e6d-670f83bba0a8,1970,Czechoslovakia,Midfielder,27.0
6bdcbf2f-b6eb-520a-be24-13c8597a7ade,2018,Denmark,Defender,26.0
7ae7eac1-baa0-5f7b-8663-5b278457f976,1986,Belgium,Forward,30.0
63c56988-237a-5751-9ab5-ad300333fd5f,1990,Italy,Forward,26.0
63c56988-237a-5751-9ab5-ad300333fd5f,1986,Italy,Forward,22.0
44aed5ca-f754-5640-8ffa-dfe38aa52ecd,2002,Portugal,Midfielder,19.0
44aed5ca-f754-5640-8ffa-dfe38aa52ecd,2006,Portugal,Midfielder,23.0
1a49b54a-8340-59e0-ad65-afff1c80bf94,2010,New Zealand,Defender,34.0
be0088c2-1b23-55bc-89f7-08d69903d83e,1966,Portugal,Defender,31.0
090bd8e0-6503-5d3e-8590-6961cabc5e1a,2014,Brazil,Goalkeeper,31.0
bdb1340f-f2c9-53b7-b514-5b3f80514410,2010,Uruguay,Defender,28.0
4d7fc90f-6611-58be-84f9-7a89874b8aad,2018,Croatia,Defender,29.0
4d7fc90f-6611-58be-84f9-7a89874b8aad,2014,Croatia,Defender,25.0
4d7fc90f-6611-58be-84f9-7a89874b8aad,2022,Croatia,Defender,33.0
8ef2ffa5-e4e1-5d33-b653-6071e5c62eb2,2014,Chile,Midfielder,27.0
8ef2ffa5-e4e1-5d33-b653-6071e5c62eb2,2010,Chile,Midfielder,23.0
82f7dfc0-a32a-5268-b942-80a012eb6acb,1930,Chile,Forward,28.0
9f389ed2-6d47-57bc-9a80-caeea8947355,1950,Uruguay,Forward,29.0
9d42eaa2-78d5-5d8b-9b9f-185dafe59f92,2010,Serbia,Defender,29.0
a1043387-2b45-510b-b8c9-803f1926d847,2006,Serbia and Montenegro,Defender,25.0
b143e4fa-273d-57bd-8375-6d2161065ef9,1998,Belgium,Defender,30.0
96d96c49-7496-54a1-82e4-77851004bd78,2014,Australia,Midfielder,27.0
96d96c49-7496-54a1-82e4-77851004bd78,2010,Australia,Midfielder,23.0
6a962461-81e8-5457-84e3-cdb051239a05,2002,Mexico,Defender,30.0
7e2c8433-a1e9-5f08-bff3-7571f03350ce,2006,Australia,Forward,31.0
a2fab40e-3125-54bd-ae7b-6c4f65b0c6b1,2002,France,Midfielder,26.0
a2fab40e-3125-54bd-ae7b-6c4f65b0c6b1,2006,France,Midfielder,30.0
a2fab40e-3125-54bd-ae7b-6c4f65b0c6b1,1998,France,Midfielder,22.0
16c927e6-0050-5a60-8e5f-d9c3bb2b75b0,2014,Portugal,Midfielder,28.0
e9732aa1-a0b6-5f34-a8d5-f883f05e1422,1966,Uruguay,Forward,20.0
1dbd9cd2-d94d-542f-8a45-1131444b1d41,2014,Ivory Coast,Defender,28.0
c9928feb-814a-51e9-9ae8-68be26b34e66,1990,Italy,Defender,31.0
c9928feb-814a-51e9-9ae8-68be26b34e66,1986,Italy,Defender,27.0
c9928feb-814a-51e9-9ae8-68be26b34e66,1982,Italy,Defender,23.0
b4454bbe-c865-5356-9f54-4a7722deeea4,2002,Italy,Forward,29.0
b4454bbe-c865-5356-9f54-4a7722deeea4,1998,Italy,Forward,25.0
5c5b9340-6f15-572d-8bb3-95ecbd8d8585,1970,Italy,Goalkeeper,31.0
2fc511fd-aebd-5d90-be1f-d86bf35067a9,1934,Austria,Forward,32.0
eb82a9d0-e079-50fa-809d-de3907c06fe6,1970,Czechoslovakia,Goalkeeper,28.0
13faa01f-aaa9-569d-a293-e797dbe6609d,1950,Uruguay,Defender,24.0
2b9ca28d-1a77-58e2-b9c9-bed97e2a8233,2014,Spain,Forward,33.0
2b9ca28d-1a77-58e2-b9c9-bed97e2a8233,2010,Spain,Forward,29.0
2b9ca28d-1a77-58e2-b9c9-bed97e2a8233,2006,Spain,Forward,25.0
b23caf26-bad7-5d5a-b786-752129b50116,2002,Mexico,Midfielder,29.0
b23caf26-bad7-5d5a-b786-752129b50116,1998,Mexico,Midfielder,25.0
dfa6bed7-16cf-5bb1-8e0d-6c99013f0f95,1990,Colombia,Midfielder,30.0
3229eb82-b95d-5815-b777-7dabc96eba55,1978,Argentina,Midfielder,26.0
082ddc06-86fd-507e-a8e6-67b07e6d566a,2006,Ecuador,Goalkeeper,27.0
31908bbb-2f66-512c-a476-d4eba389a5ac,1930,Paraguay,Forward,
aaab7c50-44cb-562d-830a-ec827fcf78b8,1958,Paraguay,Midfielder,34.0
f48ecc4c-a330-59c3-b441-ad9eb906ade5,1930,Chile,Forward,22.0
4add9a9c-cdc6-54a4-a98e-e9b3bf43650e,1970,El Salvador,Midfielder,23.0
af8862e0-07cb-5f8e-a326-20a9d5b56f59,1930,Peru,Forward,22.0
49004135-347f-5210-a5a7-e2a04742ce0b,1966,Chile,Defender,27.0
acc1dd96-b35d-55f1-ae08-2bdcf3b40b18,1930,France,Midfielder,26.0
171d8f5b-a957-52f4-bbe9-95f3a81399c1,2010,Paraguay,Goalkeeper,33.0
171d8f5b-a957-52f4-bbe9-95f3a81399c1,2002,Paraguay,Goalkeeper,25.0
171d8f5b-a957-52f4-bbe9-95f3a81399c1,2006,Paraguay,Goalkeeper,29.0
98e0c061-b2c0-5ef3-8588-8aa571d4d16d,1998,Chile,Defender,22.0
db382060-5bee-5a27-9807-f683cbf83b41,1990,Spain,Midfielder,24.0
a4ae2590-1ed8-5a1a-abe4-effb15069b84,1982,Honduras,Defender,32.0
1a43a573-463d-5f8c-bfa1-e90773eef98a,1958,Mexico,Defender,24.0
1a43a573-463d-5f8c-bfa1-e90773eef98a,1962,Mexico,Defender,28.0
e97114c8-7ebd-5ca1-b98a-dfa78db49278,1954,France,Forward,24.0
e97114c8-7ebd-5ca1-b98a-dfa78db49278,1958,France,Forward,28.0
30d75aac-4ea7-5348-b740-0ed67b03ddf4,1954,Italy,Defender,22.0
7a9f0701-f1bd-5b3a-8aaa-1ff5e6ffd6b0,1938,Hungary,Forward,30.0
7a9f0701-f1bd-5b3a-8aaa-1ff5e6ffd6b0,1934,Hungary,Forward,26.0
934afd10-41fc-50d3-9a75-42dd4564e639,1954,Italy,Goalkeeper,28.0
2a855156-e85a-59c4-8ab6-48f1d122ebfb,1994,Brazil,Forward,25.0
9ef394fd-851f-5ed7-b4a7-f5bb71dd58bf,1970,Israel,Goalkeeper,26.0
2931ddbe-99e1-5cea-ba79-97bc00a708c8,2002,Ecuador,Goalkeeper,21.0
0a47319e-e366-54f7-8e44-518f8a4efaf6,2022,Portugal,Midfielder,22.0
9d32285b-5c79-56af-90ac-3e8336d3bc1e,2010,Slovakia,Forward,28.0
1a4fd838-066e-56d1-9fe3-e57ff5ac1331,2022,Canada,Defender,35.0
a14ef4de-3473-5ef2-9c4b-785849534688,1962,Colombia,Goalkeeper,28.0
96f4e62f-7b77-5185-a77b-4929cef7d0e2,1998,Argentina,Defender,29.0
53b8d2d9-ed67-57da-bc2b-ce62dd8e1c48,2022,Uruguay,Defender,25.0
388cf028-e488-551d-8d4e-8c802fb84184,2014,Bosnia and Herzegovina,Forward,24.0
61593334-f67b-599a-9109-6faa5aa9b42f,2014,Netherlands,Defender,29.0
5fa227d0-eaf9-5262-b49a-e2aad6adadc0,1974,Yugoslavia,Midfielder,23.0
9fd4d6ca-bde4-50d5-a447-ad0992d38c0b,2022,Serbia,Forward,22.0
ee481357-b530-573b-94f2-4c4daf4791af,2002,Croatia,Forward,30.0
ee481357-b530-573b-94f2-4c4daf4791af,1998,Croatia,Forward,26.0
47de52d3-f8e8-51fe-ae63-9ff6c73eb667,2022,Croatia,Midfielder,25.0
e8e9ae09-e342-5095-9079-9772522acf5f,1954,Belgium,Midfielder,22.0
43d67069-00eb-5e68-9a75-e6a9bc279737,1994,Romania,Forward,26.0
1edafe87-54fd-5f4a-a63c-66dff276ddf2,1934,Czechoslovakia,Midfielder,27.0
72fe64fc-808c-586d-945d-33c5a47ca8c2,1974,East Germany,Forward,31.0
3905e2a8-b0f0-5fc5-b888-5739528f1200,2006,Switzerland,Midfielder,29.0
91f3e13f-180c-50ba-8483-4bab4400cf44,1930,Romania,Defender,25.0
91f3e13f-180c-50ba-8483-4bab4400cf44,1934,Romania,Defender,29.0
f5e9aa2f-fae9-5560-9c6b-e59fd8fbbc72,1978,West Germany,Defender,32.0
f5e9aa2f-fae9-5560-9c6b-e59fd8fbbc72,1970,West Germany,Defender,24.0
f5e9aa2f-fae9-5560-9c6b-e59fd8fbbc72,1974,West Germany,Defender,28.0
e4b478f5-2c6d-559a-b9fc-b4fab236c9ea,1958,Soviet Union,Defender,27.0
8173b7b2-6036-51eb-9cc4-a6bfb74863bf,1982,Czechoslovakia,Defender,33.0
22068ff2-8190-5820-ab8a-398dce67bcd1,1970,Israel,Defender,25.0
628c0791-6a94-5f7e-b37c-e1ddc1901b35,1962,West Germany,Forward,26.0
6aab2f0f-15e6-5f72-a537-b826a9713f57,2002,South Africa,Goalkeeper,32.0
6aab2f0f-15e6-5f72-a537-b826a9713f57,1998,South Africa,Goalkeeper,28.0
9ffabe16-bf23-5c21-863e-eaeee45314b3,1962,Switzerland,Forward,29.0
1ff68464-2ff9-5ef5-b0b0-9ce9e732832d,1954,Switzerland,Midfielder,24.0
1ff68464-2ff9-5ef5-b0b0-9ce9e732832d,1962,Switzerland,Midfielder,32.0
3e18da93-47cb-5c02-8aff-6e931edc8377,1930,Belgium,Forward,20.0
3e18da93-47cb-5c02-8aff-6e931edc8377,1938,Belgium,Forward,28.0
3e18da93-47cb-5c02-8aff-6e931edc8377,1934,Belgium,Forward,24.0
2be71138-e46a-5622-aa69-2369039e43fc,1974,Haiti,Midfielder,27.0
e43e28c1-27c7-5e50-abfa-56b16cb66ac0,2014,Netherlands,Goalkeeper,31.0
e43e28c1-27c7-5e50-abfa-56b16cb66ac0,2010,Netherlands,Goalkeeper,27.0
a2501d39-a1ab-5bf3-b8d6-86765d6eb096,1994,Spain,Defender,31.0
aa28a418-1f30-5d9d-9414-404322ef9c6a,2006,Ukraine,Forward,28.0
acf0c7e8-b6e5-5af4-964a-cfa48009a571,2006,Ukraine,Forward,27.0
92091e78-13f9-5b3b-a256-ec3d66816b5c,1966,Soviet Union,Defender,27.0
92091e78-13f9-5b3b-a256-ec3d66816b5c,1962,Soviet Union,Defender,23.0
6b80b52b-585e-50e3-8304-bb6038cc7e14,2010,Ghana,Defender,22.0
7bce17fe-b235-53db-8348-bcfdc9876b12,1974,Netherlands,Defender,28.0
52c833d3-72bf-5463-86a2-bf7f9b71bf97,1974,Bulgaria,Forward,22.0
49be2568-2829-5d5f-8d6e-74f5079a7e0f,1986,Canada,Forward,21.0
5258d0f4-5b3e-5937-88bc-0db467c2a0f9,2002,Croatia,Midfielder,22.0
5258d0f4-5b3e-5937-88bc-0db467c2a0f9,2006,Croatia,Midfielder,26.0
51d4386d-d1c9-58ef-8ab0-ba27ae613ae1,2014,Bosnia and Herzegovina,Defender,25.0
b8a41bc3-541d-560f-b344-79db8b6f6074,1934,Netherlands,Forward,19.0
9a137d39-8f55-54ae-81e4-8f6ff0ccbf43,2018,Croatia,Defender,26.0
9a137d39-8f55-54ae-81e4-8f6ff0ccbf43,2014,Croatia,Defender,22.0
4b7ca066-258c-5e83-9494-3ad08fc599f2,2014,Bosnia and Herzegovina,Defender,28.0
ebae778d-970f-5640-a5c7-2a8cf61760e7,2002,Slovenia,Defender,25.0
d61f8cef-16eb-5013-888e-532b5d97efbe,2002,Croatia,Forward,27.0
8134cd69-6e31-5f58-a5d5-133ff2569fa3,1966,Switzerland,Midfielder,22.0
86a29e06-0090-591b-95e3-ad2353dc5509,1930,Yugoslavia,Forward,21.0
3282c4f0-4b5a-5379-8a18-8550fa5d53e2,1990,Yugoslavia,Forward,32.0
3282c4f0-4b5a-5379-8a18-8550fa5d53e2,1982,Yugoslavia,Forward,24.0
dc00badf-200d-5acf-981c-cabc4c0c21d4,1982,Yugoslavia,Defender,24.0
a8bc1ade-03b8-535b-842d-d6ca0b35f882,1954,Yugoslavia,Forward,27.0
a8bc1ade-03b8-535b-842d-d6ca0b35f882,1950,Yugoslavia,Forward,23.0
fece071a-cbc6-5b0e-b159-222b1fb271a9,2006,Serbia and Montenegro,Midfielder,27.0
91cd65c5-9b6c-53cf-bcee-670f86b64e5f,2014,Croatia,Midfielder,31.0
17c90a98-1d0c-58bf-88b2-6e0a4420c1bd,2018,Australia,Goalkeeper,33.0
17c90a98-1d0c-58bf-88b2-6e0a4420c1bd,2022,Australia,Goalkeeper,37.0
edc2e431-95f0-5058-b03d-b63ee03d9785,1990,Yugoslavia,Defender,29.0
4666fa17-b9f6-57d6-84e2-ca033dfd234c,1966,Bulgaria,Defender,27.0
6ccb8dac-e72c-55d3-805a-69556b2e59e6,2014,Greece,Defender,33.0
6ccb8dac-e72c-55d3-805a-69556b2e59e6,2010,Greece,Defender,29.0
6f567884-033d-51ec-a911-8796ba2a773e,1934,Hungary,Defender,28.0
437d541b-4b16-5d56-ad9f-d4baac1951d4,1978,Hungary,Forward,25.0
68185a56-2dd9-5e94-9230-2c5d4b88a3d3,1954,Hungary,Defender,23.0
207626cd-21c0-5849-b58e-d1205f03534f,2022,Mexico,Defender,24.0
f19d1187-8b85-58cf-a04f-280001eada7a,1970,El Salvador,Midfielder,25.0
1b18040e-5d94-533b-ae73-e197c4e32197,2014,Mexico,Midfielder,26.0
6d33807d-982a-5048-9a16-281552f0e425,2018,Spain,Forward,27.0
5828cc68-d6ce-554e-930d-637b1850cc9d,1990,Spain,Midfielder,25.0
aa021c3a-ed65-502c-9dbb-645c2f0ab07d,1994,Argentina,Defender,29.0
cf6eab27-7afe-57d1-b50b-871b629d3f74,1978,Mexico,Defender,29.0
a78e0a8a-8247-5eef-bf36-9f0077f1a14b,1974,Chile,Forward,29.0
257c9dc5-f1f3-5583-9bc1-056096df2b1c,1986,Spain,Midfielder,29.0
5be8c8ac-9c06-53d9-8db1-6fadc04726d1,1986,Brazil,Goalkeeper,29.0
afc4229c-0185-5901-a481-16526c2afca4,1982,Czechoslovakia,Forward,27.0
d92fe933-854a-52df-9015-5bc93142cc02,1990,West Germany,Forward,30.0
d92fe933-854a-52df-9015-5bc93142cc02,1986,West Germany,Forward,26.0
df4d0641-06bb-53a8-98eb-916fa576ffb6,1994,Germany,Forward,34.0
c65bc4a1-c921-5eb0-93c1-980821b0d1da,2022,Qatar,Defender,23.0
a81bb04f-082a-526b-9f10-da27a1b2f1bb,1990,England,Midfielder,30.0
a81bb04f-082a-526b-9f10-da27a1b2f1bb,1986,England,Midfielder,26.0
16125bca-daf2-5cbc-92de-74a2b2dc761e,1934,Austria,Midfielder,23.0
348c4145-2e5a-55c6-b4a0-01a8f2e3598d,1938,Germany,Midfielder,27.0
71b86f5e-d150-5e18-bb25-c3b60567b8aa,1938,Switzerland,Forward,
3088750f-d7f2-56e1-9745-4e87a55a499b,1994,Germany,Midfielder,26.0
ce291d1c-5fb2-580f-9a21-e18df373a6c9,1954,Austria,Forward,27.0
945fbf32-5d07-52ca-9dad-fb356881caee,2018,Senegal,Defender,20.0
0f027e7f-926e-5faf-858f-b4a26ca5d083,2014,Ghana,Midfielder,24.0
b4994166-487a-5f19-a521-8ec5a70f0372,1938,Switzerland,Forward,22.0
ac6d5af7-cc52-54e9-8259-0a57f69123b1,2006,England,Forward,17.0
9a5ee3d0-fc5e-572e-94b1-ed1741bf1412,1934,Brazil,Midfielder,22.0
fa3adc21-6d87-5d6f-96b3-caa3f638f3ef,2002,Belgium,Midfielder,30.0
ed580c6b-613d-5646-a7df-b28086c0785f,1990,England,Defender,25.0
3958d095-71a0-5af1-80e2-309614e57f02,2018,England,Defender,28.0
3958d095-71a0-5af1-80e2-309614e57f02,2022,England,Defender,32.0
4616b111-16ec-5c97-910b-1fee79648d4b,1950,United States,Forward,28.0
c9a7b593-eaea-569d-918f-cb785bd10bc2,2002,Costa Rica,Defender,27.0
c9a7b593-eaea-569d-918f-cb785bd10bc2,2006,Costa Rica,Defender,31.0
dc28783c-46ce-5b5e-a06e-11f2b7740a05,2018,Costa Rica,Midfielder,30.0
8f2e934f-af77-57d2-9f7f-ead20dcc45f5,1954,West Germany,Midfielder,34.0
8f2e934f-af77-57d2-9f7f-ead20dcc45f5,1958,West Germany,Midfielder,38.0
fc70343a-611c-571d-89f8-9cdcc12cabc2,1954,West Germany,Forward,30.0
bfba3a8a-105f-5f9a-a342-9a70c38957de,1938,Brazil,Goalkeeper,26.0
8d8050a0-0a91-591a-9633-d626a8a19667,2010,South Africa,Goalkeeper,29.0
5bda8dbe-a717-5809-9623-826302f2ebc8,1934,Austria,Forward,28.0
5b8ccdc5-c2b9-5905-a3e6-9dc19442c384,2002,Costa Rica,Forward,26.0
5b8ccdc5-c2b9-5905-a3e6-9dc19442c384,2006,Costa Rica,Forward,30.0
546e8181-0259-5dd2-85d8-902aef8a8466,1986,Poland,Goalkeeper,23.0
952f93c5-991a-5f31-93c4-a8dbe1d042a3,2022,Wales,Goalkeeper,29.0
c7528d64-602e-5472-8d67-54133c4455f8,2018,Egypt,Forward,25.0
1c68ca44-03f1-5f1b-bdf8-3c45dcfcb7e8,2014,Ghana,Forward,23.0
c37a1c0d-a9d5-52ca-970b-6e3c4d7f02c9,1982,Scotland,Midfielder,25.0
ae4edbfa-aa39-5101-8eb9-1d358264ff7c,2010,England,Defender,29.0
602aeb3e-a2e0-58e5-8e06-804fb8062447,1974,Australia,Midfielder,31.0
f9c641f5-c9d8-512e-89ab-459f4d1e9e7f,1938,Poland,Midfielder,27.0
b28e9226-45f4-59c5-8e0b-6b1f09323db4,2022,Denmark,Defender,33.0
0dad8d8a-6ede-56e5-ba75-d5e72ff07218,2018,Costa Rica,Defender,30.0
0dad8d8a-6ede-56e5-ba75-d5e72ff07218,2022,Costa Rica,Defender,34.0
eb534d68-395b-5ed9-8558-d81588f0bd5b,2022,Canada,Defender,26.0
a34cdc50-8955-5318-ab4a-682e97f80b21,1974,Australia,Midfielder,33.0
67c0b916-02df-5fe1-bbec-5f994de7898c,1950,England,Midfielder,30.0
c412a3e7-9af7-5749-969c-d50daeb1dffb,2002,Poland,Defender,31.0
5fee68f9-3c03-5208-b656-6fc6de2190e8,2022,United States,Forward,22.0
75a99711-b13b-5891-b4ed-4caf8b8d2c63,1990,England,Midfielder,27.0
325fbdbb-3822-552c-916f-88e5f9bdd20b,1962,Switzerland,Midfielder,28.0
695ed849-29f7-5807-bf1c-cf7054b53dbc,1978,Austria,Defender,23.0
695ed849-29f7-5807-bf1c-cf7054b53dbc,1982,Austria,Defender,27.0
51963d18-b6a4-5a7f-9a40-225ea6c04135,1994,Belgium,Forward,30.0
ed99e2fc-157e-59aa-be44-b7dc153668c5,1938,Netherlands,Defender,24.0
ed99e2fc-157e-59aa-be44-b7dc153668c5,1934,Netherlands,Defender,20.0
e02ad8bf-03bc-583d-9431-4496298e4cc5,1966,West Germany,Defender,22.0
e02ad8bf-03bc-583d-9431-4496298e4cc5,1970,West Germany,Defender,26.0
15eaf82e-930a-5130-9d2a-4d6199c41a06,1958,Wales,Forward,26.0
2a7956f4-8139-5dae-9afd-82998a805ff3,2014,Cameroon,Forward,32.0
2a7956f4-8139-5dae-9afd-82998a805ff3,2010,Cameroon,Forward,28.0
63cd66dc-1f97-51d4-8d9f-f141e78bba0d,1994,United States,Forward,30.0
63cd66dc-1f97-51d4-8d9f-f141e78bba0d,1998,United States,Forward,34.0
252ab1fc-b508-50f1-95e3-c2210ad8efe1,2022,Netherlands,Forward,30.0
fff83cf6-bd83-56e8-a0a8-075ec2938df5,1934,Romania,Midfielder,28.0
b9349a8b-2bd0-54e6-8d88-3e6e59edd1b6,2014,Germany,Goalkeeper,34.0
67d42bbc-2396-5fe0-b7f2-287afe75d563,1934,Switzerland,Defender,34.0
3f0a8bde-ae93-5728-8e3f-7c49cadc052f,1934,Switzerland,Defender,31.0
f28a1ede-1005-5542-9bef-2538f34384af,1998,Scotland,Defender,28.0
e0cd7278-ca3e-5bca-977d-038f70f20241,1974,East Germany,Defender,23.0
083599e0-d4e3-5b23-b0ba-1847657f504e,1990,Czechoslovakia,Midfielder,26.0
feac3d7a-2b1b-5e08-a507-f39105971750,2010,Slovakia,Midfielder,21.0
f2029de1-30a3-5d37-9091-07f3f727cbea,2018,England,Forward,28.0
f2029de1-30a3-5d37-9091-07f3f727cbea,2014,England,Forward,24.0
0e6b0653-8b82-5c34-a888-6526fee4db2b,2010,Honduras,Forward,25.0
c8557e74-3249-5548-b507-d5686f24287f,1934,Belgium,Midfielder,26.0
ac2d8373-c9ee-57e6-aa7c-220e8cf16e4e,1938,Netherlands,Forward,29.0
ac2d8373-c9ee-57e6-aa7c-220e8cf16e4e,1934,Netherlands,Forward,25.0
5096c0ac-174c-5bb5-aa41-e1e00ae6e7b1,1982,Austria,Forward,28.0
825bce83-aa74-59fc-a771-1459cc0bbca1,1978,Sweden,Forward,28.0
49cb178b-d174-5103-b7e9-58798bbde405,1962,West Germany,Defender,27.0
7c24cc37-5e40-5cef-97ea-21ff30efed75,2018,Germany,Forward,22.0
ce71b840-ef95-5014-936c-f05e50b73d51,2002,Nigeria,Defender,28.0
ce71b840-ef95-5014-936c-f05e50b73d51,1998,Nigeria,Defender,24.0
753ec55d-e241-5e8b-b0cb-e124ef0f8b53,1998,Austria,Midfielder,28.0
8ac38955-2cb8-5b93-876a-37b8f959b0ec,1938,Sweden,Forward,27.0
45e8861c-665b-58cf-9f83-cc95d02e3b6f,1930,Romania,Forward,29.0
a72d5299-2968-598f-a008-c7a0fa25a5d4,2022,Brazil,Goalkeeper,35.0
6006c0eb-e01c-5378-9cb9-1aa580bacd99,1958,West Germany,Defender,31.0
a9d49d0c-a286-5e9b-8db3-72c4914a1c8b,1994,Republic of Ireland,Midfielder,33.0
a9d49d0c-a286-5e9b-8db3-72c4914a1c8b,1990,Republic of Ireland,Midfielder,29.0
df7e885b-4954-528a-ba71-88cf536fb844,2022,England,Defender,25.0
a0bc8368-45b9-59a2-8a68-42619df2d3b9,1986,Northern Ireland,Midfielder,21.0
a0bc8368-45b9-59a2-8a68-42619df2d3b9,1982,Northern Ireland,Midfielder,17.0
b856b503-5bd4-555a-867b-55e35f8fd883,2006,Trinidad and Tobago,Midfielder,29.0
ccf7297c-8726-5828-b42a-0753ed485e01,1998,Jamaica,Midfielder,26.0
1c31f23c-f8f5-5d56-baae-89cf83794be7,1998,Scotland,Defender,30.0
d1ca5e35-e6aa-588b-b9af-a1cb6678913b,2006,Switzerland,Defender,29.0
f8376c99-5ee4-5dce-b246-e4eba04df5ff,1934,Sweden,Goalkeeper,29.0
5f85c22a-d5ef-574a-a9b6-b17c45944113,2022,Switzerland,Defender,29.0
15ad826a-fe5d-580e-a068-a90e7883befe,1974,Poland,Midfielder,25.0
a387a1e4-6902-536e-ab5d-c2b0e6f1575f,1998,Denmark,Midfielder,27.0
b518c9e7-8d94-567e-a648-7f2621d7c4bc,2010,Germany,Goalkeeper,29.0
6e42da00-af6b-53f4-a4ac-d558e48f63a1,2022,Poland,Defender,25.0
c191d74d-7a26-5268-8ddd-7924700e31d9,2014,Netherlands,Midfielder,24.0
6f1af957-fc11-558a-aecc-381aa2681d08,1934,Argentina,Forward,
a3ada9d0-b838-5548-8fab-6fd6037cc688,1962,West Germany,Defender,26.0
d72e667f-6eb2-5d2f-99d5-9e198da80847,1978,Netherlands,Defender,21.0
83425cc8-0ce1-522e-9a88-d3408aec43f9,2006,Sweden,Midfielder,27.0
4efb8d2b-becc-506c-832f-362a0bc1a26d,1938,Poland,Forward,22.0
a2f46d02-d94c-5244-8894-b706008c9b36,1986,England,Midfielder,30.0
a2f46d02-d94c-5244-8894-b706008c9b36,1982,England,Midfielder,26.0
6bd861a9-29ea-55d1-a4a9-0bb6d4b83184,2014,Australia,Defender,30.0
b6e7a443-83b7-5b87-838b-b7341e461b83,2010,Australia,Defender,29.0
b6e7a443-83b7-5b87-838b-b7341e461b83,2006,Australia,Defender,25.0
ac81a29e-4353-59d2-9ab3-06b352f64435,1998,Jamaica,Forward,21.0
a944e865-d78b-5cd1-834e-ef6d23a422b8,1950,England,Goalkeeper,30.0
aeecb77d-ff92-52df-bea3-aa7a73e87fd7,1974,Australia,Defender,23.0
b6364f96-076b-536f-b1ac-5d4b77c84007,2022,Ghana,Forward,28.0
f3a23c53-8342-54cf-9999-1b8cf77fbe5e,2022,Wales,Midfielder,29.0
86415457-edfd-5b46-9fcb-0927b55f3e88,2022,Wales,Defender,21.0
9d9631db-a838-5a9c-9693-453b93be76f3,2022,Spain,Forward,20.0
52a498bb-f9a5-5cf6-8abf-2f1b426707f1,1958,Wales,Defender,28.0
43a3c9ea-2be3-5db2-9703-d253e2608a29,2018,Brazil,Midfielder,30.0
43a3c9ea-2be3-5db2-9703-d253e2608a29,2014,Brazil,Midfielder,26.0
8fed4d5c-13dc-5300-a034-b291a86a69fd,1994,Belgium,Midfielder,25.0
8fed4d5c-13dc-5300-a034-b291a86a69fd,1990,Belgium,Midfielder,21.0
8fed4d5c-13dc-5300-a034-b291a86a69fd,2002,Belgium,Midfielder,33.0
8fed4d5c-13dc-5300-a034-b291a86a69fd,1998,Belgium,Midfielder,29.0
657c8bf9-1e05-5f50-a90a-637bf56e0864,1954,England,Forward,28.0
8399c64c-9c65-596f-80a1-4fc3095c2708,2014,England,Midfielder,22.0
1f44bc9e-18a2-59fc-8aee-e7f1251ba3ba,1954,Scotland,Defender,21.0
fe0ab0a3-c76e-5035-9947-ee023fd14e71,1986,Canada,Defender,35.0
9b5b95e6-f190-51aa-871e-c05593656600,2022,England,Forward,30.0
7c4237fc-27b1-54d0-81aa-475eaf573366,1974,Italy,Defender,29.0
e9fd38f2-6189-58e3-b2ec-ae4e3ca67651,2022,Wales,Midfielder,25.0
9b81b3b7-b139-51c4-8c53-593f3c18d93e,1974,Australia,Defender,27.0
cd49c562-f6f8-5c59-a78c-c5b405d584d9,1966,England,Defender,32.0
cd49c562-f6f8-5c59-a78c-c5b405d584d9,1962,England,Defender,28.0
0d96036a-a1fc-5f6a-99a2-042ab8416077,1982,New Zealand,Goalkeeper,26.0
4191571f-7255-5f9b-bc86-196696c431f3,2022,Costa Rica,Midfielder,20.0
61caa826-501c-57f6-ab40-9ff8825a7d3b,2002,France,Forward,28.0
61caa826-501c-57f6-ab40-9ff8825a7d3b,2006,France,Forward,32.0
6d60bab4-c47b-56e5-9132-b5c5c2db3ede,1974,West Germany,Midfielder,30.0
3e4f0459-b838-517e-a204-ac7599917d5d,2022,Denmark,Forward,23.0
94ee9c23-774c-5447-b553-bb65b3fac355,1990,United States,Defender,25.0
b88e46d2-48be-5bcc-9835-a80af6faaae7,1994,Netherlands,Midfielder,27.0
b88e46d2-48be-5bcc-9835-a80af6faaae7,1990,Netherlands,Midfielder,23.0
b88e46d2-48be-5bcc-9835-a80af6faaae7,1998,Netherlands,Midfielder,31.0
6262d75b-0d4c-5da9-9143-7ca137b45af6,1982,Chile,Goalkeeper,27.0
bd61c02b-86e6-5f07-8e01-6e5229dd6a05,2006,Trinidad and Tobago,Midfielder,33.0
33a3cca4-f940-5405-b8b9-f82663b2ca27,1958,France,Forward,21.0
134b0c4f-cc04-5f28-888e-f870328d1f3b,1982,England,Forward,31.0
f89e4803-3213-5fd5-8ee0-65688559dba7,1990,Netherlands,Midfielder,21.0
11f5cadf-fbf4-5db4-95cc-6b013b5fdd3f,1994,Netherlands,Midfielder,28.0
df5ff691-8c97-50a8-95a8-a403b7621c41,2018,Belgium,Midfielder,29.0
df5ff691-8c97-50a8-95a8-a403b7621c41,2014,Belgium,Midfielder,25.0
df5ff691-8c97-50a8-95a8-a403b7621c41,2022,Belgium,Midfielder,33.0
260f48c7-1468-51e8-8450-f33093aad480,1938,Poland,Forward,25.0
6bb6e11f-9039-516b-a4d6-b7391b7e338e,1998,Austria,Goalkeeper,34.0
a8b0eb77-d2b3-5121-8c88-1cff70ed2a57,1950,United States,Forward,31.0
cb7d2d48-09a8-5293-8b1c-5767c8e2b867,2006,Trinidad and Tobago,Midfielder,23.0
eca16269-9269-513e-8bff-256739871bda,1974,Argentina,Defender,25.0
79162cbb-630b-5e86-bfc8-14c0f86ffb14,2002,United States,Forward,25.0
79162cbb-630b-5e86-bfc8-14c0f86ffb14,2006,United States,Forward,29.0
80ec8b4b-5702-5ec4-aa19-d1e9a9567431,1970,West Germany,Goalkeeper,28.0
d6be4fe3-6060-55f3-be70-c9fd64893c30,2002,Cameroon,Defender,23.0
d6be4fe3-6060-55f3-be70-c9fd64893c30,1998,Cameroon,Defender,19.0
07e1f73c-2eda-533d-aff5-2b4e75c3aed9,2014,United States,Forward,31.0
4ed610df-b245-5a20-96c4-fef8fb88f2af,1954,South Korea,Forward,28.0
00305835-ebdd-51ee-8582-9e482655c3ee,2022,South Korea,Midfielder,23.0
7dbf58ca-75a7-545b-b5fb-372e91627758,1930,United States,Defender,23.0
796c3f4e-91d2-522d-9d39-406c52fccf24,2010,New Zealand,Forward,19.0
4adab823-2bfd-50af-ac46-8181d65a478d,1982,Scotland,Goalkeeper,30.0
80e4b593-4202-52ba-adc9-3c39060a6424,1982,England,Forward,27.0
78ece2e6-779d-5de8-8960-5e0b13da7ade,1982,New Zealand,Forward,27.0
c5e8eddf-a813-5005-84f2-26375bdfe1f8,1990,England,Goalkeeper,31.0
c5e8eddf-a813-5005-84f2-26375bdfe1f8,1986,England,Goalkeeper,27.0
954aade5-cda1-568e-8576-81e2295c91a7,2022,Cameroon,Defender,21.0
fa1e07e4-c989-580e-8cc8-253fc1206ebe,1978,West Germany,Forward,25.0
7457f716-a9d1-572e-9dc4-bdd7c0a37346,1986,Northern Ireland,Defender,25.0
e02d06fc-6d1f-5e3f-82c5-d2f4ab447faf,2022,Canada,Midfielder,32.0
f5d17eac-c25c-58b7-9c4e-16f05e2b9e0b,1994,Netherlands,Midfielder,34.0
f5d17eac-c25c-58b7-9c4e-16f05e2b9e0b,1990,Netherlands,Midfielder,30.0
d6b3576c-4e2c-5d8d-8711-7c88ec12da15,2014,Australia,Defender,22.0
d6b3576c-4e2c-5d8d-8711-7c88ec12da15,2022,Australia,Defender,30.0
6b06cc7a-547a-5d0b-8169-90312b726e30,1954,England,Defender,30.0
6b06cc7a-547a-5d0b-8169-90312b726e30,1950,England,Defender,26.0
6b06cc7a-547a-5d0b-8169-90312b726e30,1958,England,Defender,34.0
bff228c8-6f9f-5256-af33-f2396bb5b9e3,2022,United States,Forward,24.0
a3ca2b97-f568-54c0-8e13-900656016ac3,1990,England,Defender,27.0
e4219d0d-ec46-5773-9c68-5bac05141255,2002,Costa Rica,Defender,32.0
365d45ab-2ae8-5a6f-8713-01a7fe55e714,1970,England,Defender,26.0
b75f2991-14a2-53ec-be6d-ca6647e5647d,2010,England,Midfielder,29.0
bf3fbe24-1c16-5e63-ba4c-4aecc53e6417,2002,China,Defender,27.0
fbb94452-1990-5f74-9091-a31d7126c92c,1994,United States,Forward,25.0
fbb94452-1990-5f74-9091-a31d7126c92c,1990,United States,Forward,21.0
fbb94452-1990-5f74-9091-a31d7126c92c,1998,United States,Forward,29.0
6888a8b1-d9b7-5f92-8a57-4ce74aa82a60,1994,Switzerland,Midfielder,28.0
2227b57a-8419-5173-8216-88992542ae94,1974,East Germany,Defender,27.0
856e24d6-6fb6-5324-8f43-d06ca869ca2d,1978,Poland,Defender,20.0
856e24d6-6fb6-5324-8f43-d06ca869ca2d,1986,Poland,Defender,28.0
856e24d6-6fb6-5324-8f43-d06ca869ca2d,1982,Poland,Defender,24.0
1d341222-9698-55ea-a4de-bc95028a9d3b,2010,Switzerland,Goalkeeper,28.0
50dc4900-5b85-5a72-90d4-21d5d2f1e9d2,1998,Germany,Defender,26.0
8fd1c218-3390-53d1-8d84-1c084d5af315,1962,Switzerland,Forward,24.0
ecaf702a-309b-545e-be82-dc605289e45f,2014,Spain,Midfielder,34.0
ecaf702a-309b-545e-be82-dc605289e45f,2010,Spain,Midfielder,30.0
ecaf702a-309b-545e-be82-dc605289e45f,2002,Spain,Midfielder,22.0
ecaf702a-309b-545e-be82-dc605289e45f,2006,Spain,Midfielder,26.0
353a1577-e71d-5b91-8025-b3b2260cf250,2002,Portugal,Defender,30.0
698ec70c-6cef-5358-87a4-05e2098d4a00,2018,Switzerland,Midfielder,26.0
698ec70c-6cef-5358-87a4-05e2098d4a00,2014,Switzerland,Midfielder,22.0
698ec70c-6cef-5358-87a4-05e2098d4a00,2022,Switzerland,Midfielder,30.0
8b469f6f-9e12-5b38-a591-0ca180c3447c,2002,China,Defender,23.0
7a4d3881-e54d-5800-af63-a8511ac79559,1986,France,Forward,27.0
d1f8ef70-0cd8-5fc8-8441-184cf0a3f9fd,2014,Ivory Coast,Forward,30.0
26b80864-45de-5f5e-bad5-dbfcccf7d00a,1982,Algeria,Midfielder,22.0
ded13294-5a49-5eee-8a0c-9dcdfd91e062,2006,Tunisia,Defender,25.0
c4f74727-b7f1-5f7c-8a49-d7a98acfcf6f,2010,Algeria,Defender,28.0
de48b9b9-9d8c-53ce-8ce9-c38b373265fd,1990,Egypt,Defender,28.0
342a938b-71a4-5405-a089-7c7877dc771a,1966,Bulgaria,Forward,25.0
342a938b-71a4-5405-a089-7c7877dc771a,1970,Bulgaria,Forward,29.0
342a938b-71a4-5405-a089-7c7877dc771a,1962,Bulgaria,Forward,21.0
e3ec60b5-0ced-517d-b965-5a059192acc1,2010,Switzerland,Midfielder,33.0
e3ec60b5-0ced-517d-b965-5a059192acc1,2006,Switzerland,Midfielder,29.0
5489679f-f405-580c-9079-b6409df825fe,1986,Soviet Union,Midfielder,22.0
12386214-8aed-5693-9ab7-cc26e0325bb8,2010,Nigeria,Forward,28.0
1bf10709-6b31-5d6c-a0f4-4c6a47d03701,2018,Japan,Midfielder,28.0
1bf10709-6b31-5d6c-a0f4-4c6a47d03701,2014,Japan,Midfielder,24.0
0b47f1ff-208d-5808-b429-5be8e120d1ee,1998,Japan,Midfielder,29.0
544a8459-2ff0-5dbc-9d5b-37f548fe3f48,2022,Japan,Defender,29.0
764b2eb1-a6dc-5252-a8f6-981e835d1907,2002,Japan,Forward,25.0
764b2eb1-a6dc-5252-a8f6-981e835d1907,2006,Japan,Forward,29.0
12819ec6-b1a8-58ce-803f-5bb8e656e705,1966,Bulgaria,Midfielder,27.0
f2e0ccf5-c4c8-5a17-987c-fa0669cff088,2002,China,Forward,28.0
d70f82b8-a7e4-5b98-911b-18998a294bcb,2002,China,Defender,24.0
89a0e146-793e-5cbc-b5e5-6b4760afdbcd,1966,North Korea,Forward,22.0
3e3e645d-132a-5a53-b151-998100716095,1994,Bulgaria,Midfielder,28.0
3e3e645d-132a-5a53-b151-998100716095,1998,Bulgaria,Midfielder,32.0
ca990246-a542-57e4-8fde-b1a3178d72cd,2010,Japan,Forward,26.0
fa4ea740-3a72-5070-a61c-77ea52eaab3b,2006,Ivory Coast,Midfielder,24.0
a715e636-868b-56b2-bdf0-f3e434927880,1982,Kuwait,Forward,29.0
6c009532-40ed-52cf-b389-6d1aae0fad64,1990,Soviet Union,Midfielder,28.0
6c009532-40ed-52cf-b389-6d1aae0fad64,1986,Soviet Union,Midfielder,24.0
b74fc000-0f3a-5028-a451-eb8113624b24,1966,Soviet Union,Goalkeeper,37.0
b74fc000-0f3a-5028-a451-eb8113624b24,1958,Soviet Union,Goalkeeper,29.0
b74fc000-0f3a-5028-a451-eb8113624b24,1970,Soviet Union,Goalkeeper,41.0
b74fc000-0f3a-5028-a451-eb8113624b24,1962,Soviet Union,Goalkeeper,33.0
f0e533d4-2496-548c-984b-d32d79070d12,1990,Egypt,Defender,30.0
21123c87-96e6-5802-88b7-0f3142c89242,2006,Ukraine,Defender,21.0
1ca71674-40a3-532a-926c-97141d933a01,1974,Argentina,Forward,28.0
6d2ef1f9-1a94-5967-adc8-25267199b477,1982,Honduras,Midfielder,26.0
a1a414ed-79dd-5cd4-b7d4-af1e2d9bc742,2014,Algeria,Midfielder,30.0
a1a414ed-79dd-5cd4-b7d4-af1e2d9bc742,2010,Algeria,Midfielder,26.0
f0fd524f-0b28-5f98-ab25-493f3695d41e,2010,Ivory Coast,Goalkeeper,26.0
50f32074-4709-5723-ad39-88aeb1b5a239,2014,United States,Defender,21.0
50f32074-4709-5723-ad39-88aeb1b5a239,2022,United States,Defender,29.0
99fa2996-31b8-5a1a-ae6e-7455855bdca5,1998,Paraguay,Midfielder,27.0
3d66ddd2-d565-54ff-ab63-f40ce6f0ab0f,1994,Nigeria,Forward,31.0
3d66ddd2-d565-54ff-ab63-f40ce6f0ab0f,1998,Nigeria,Forward,35.0
31141457-6a3c-5739-8153-3a1089219e8e,2010,South Korea,Forward,27.0
6bd24e0d-79e0-5870-a57d-ddfa384a4cb5,2014,Colombia,Defender,38.0
3c2b205b-495a-5735-8023-5bca7a40b98b,2018,Russia,Midfielder,29.0
54b22409-20cf-5523-861f-bfe73cf61e25,1958,Soviet Union,Defender,28.0
d5072778-82c2-5e04-9000-de2c053940dd,2014,Russia,Defender,30.0
606154a6-91e8-5d7b-a43a-70c0934ddebe,1970,Soviet Union,Forward,26.0
2ae94238-bad2-5c1e-9ef6-1e4a803fbd74,1986,Soviet Union,Midfielder,28.0
2ae94238-bad2-5c1e-9ef6-1e4a803fbd74,1982,Soviet Union,Midfielder,24.0
38de013b-1761-5491-aaae-b7cb6cb24058,2006,Ukraine,Defender,30.0
d45ac541-66a0-5494-af74-0cfcc4002380,2014,Nigeria,Defender,34.0
d45ac541-66a0-5494-af74-0cfcc4002380,2010,Nigeria,Defender,30.0
d45ac541-66a0-5494-af74-0cfcc4002380,2002,Nigeria,Defender,22.0
9d6099c9-74a3-5fa3-a949-80cb0e38c60c,1990,Cameroon,Defender,21.0
41c6dc25-23c7-5a41-8ad4-22e6a24a9a6b,1986,South Korea,Defender,22.0
dd14e043-84cf-5bb2-882e-9c8f46ab6722,2002,South Korea,Defender,31.0
dd14e043-84cf-5bb2-882e-9c8f46ab6722,1998,South Korea,Defender,27.0
c6a447d8-cc90-5619-9c5a-9f55498667fa,1990,South Korea,Defender,29.0
451bbc7b-9ae4-5abd-8feb-3bf04ca7cb88,2002,South Korea,Midfielder,29.0
a865e9f9-ba42-551b-9985-81a537729013,1986,Bulgaria,Midfielder,23.0
9983f313-c17a-5b68-a4b0-3b31fc52348b,1994,Bulgaria,Midfielder,26.0
9983f313-c17a-5b68-a4b0-3b31fc52348b,1998,Bulgaria,Midfielder,30.0
c2982c4c-d6cf-5aa7-9fab-8c9b02ae64ea,1970,Bulgaria,Goalkeeper,26.0
8edbfe0c-ed99-5eb9-acda-a27a4b58e985,2006,Trinidad and Tobago,Forward,35.0
f19006bd-30c2-5dc6-a6b4-3f7e48c2bf0a,2018,Japan,Defender,30.0
f19006bd-30c2-5dc6-a6b4-3f7e48c2bf0a,2014,Japan,Defender,26.0
f19006bd-30c2-5dc6-a6b4-3f7e48c2bf0a,2022,Japan,Defender,34.0
8b4ff739-77b4-5618-b575-7189e3615ad5,1994,Bulgaria,Forward,24.0
d9edbd17-2626-5c23-b34d-b3ae1829020a,2018,Peru,Midfielder,28.0
3565da7e-6174-5962-8242-440f65556d36,2018,England,Defender,33.0
fb20f39a-fa2e-5436-95bd-f6607a0365da,1958,Scotland,Goalkeeper,28.0
dc040ec1-8691-513d-b8fa-02bbf4f03e4f,1990,Egypt,Midfielder,26.0
3b37e65c-c653-544a-9c65-40da7594a7f0,1934,Egypt,Midfielder,23.0
991b4137-abd1-5ecd-9fd1-ac76c8b95b4e,2002,China,Midfielder,28.0
02618c94-8cc8-571f-b6fc-b27c05cd66f6,2022,South Korea,Defender,26.0
3e357743-77a8-5b6e-9f7d-d5f5d1440620,2014,South Korea,Defender,24.0
231f351f-718f-5b68-81e0-06ff7917d7cc,2018,South Korea,Defender,30.0
02bd4631-b109-5776-9f5a-20139710c29d,1994,Russia,Forward,25.0
0b543877-79b8-520c-8a8c-4cdf48f56dbe,2010,Nigeria,Midfielder,26.0
679d2708-4807-5d6d-9fb6-cbc971870bd5,1966,Chile,Forward,23.0
679d2708-4807-5d6d-9fb6-cbc971870bd5,1974,Chile,Forward,31.0
a509985b-07dc-503c-a0ee-b0eee1de4a14,1982,Chile,Forward,21.0
cbffd67a-89e2-5e38-8c0a-34f87ed81c08,1986,Paraguay,Defender,25.0
5cf6bcee-067a-5938-b26f-0a1066831aba,2014,Argentina,Defender,29.0
fcf9b58b-e7c5-5160-b2d8-3a5014cd81ff,1934,Spain,Defender,24.0
b388bd59-61f9-58ec-a237-7f765402cf19,2010,Slovakia,Defender,30.0
69975bf7-fa31-5df8-b6e3-601eb31b4382,2006,Italy,Defender,25.0
e14fb10c-1746-5eef-aae9-45cb6e57b7a8,1978,Italy,Midfielder,27.0
c6849ecf-1c7e-518d-acfb-c3006171d7c8,1998,Bulgaria,Defender,29.0
8d812b5c-7be9-59cb-bee4-f7744a97e572,1974,Bulgaria,Defender,27.0
a83eec9f-c4f0-53ff-8e06-054702a8a6cc,1958,Brazil,Forward,27.0
a83eec9f-c4f0-53ff-8e06-054702a8a6cc,1962,Brazil,Forward,31.0
7969e00a-c24f-5af1-874d-b1577acff1e0,1994,Mexico,Forward,27.0
fa7c5147-436c-5ee5-bc76-7065ab45ab9a,2002,Slovenia,Midfielder,31.0
d8f4711d-ecce-5c67-ad73-9836d5e4342a,2002,Saudi Arabia,Goalkeeper,23.0
d8f4711d-ecce-5c67-ad73-9836d5e4342a,2006,Saudi Arabia,Goalkeeper,27.0
a20dd5da-2823-50c2-bae0-ce2963e1ff52,1982,Yugoslavia,Defender,26.0
6cf4e4cb-63d0-5d4d-ba43-d933b10e54af,2018,Switzerland,Midfielder,22.0
6cf4e4cb-63d0-5d4d-ba43-d933b10e54af,2022,Switzerland,Midfielder,26.0
4bbc0ec9-3967-5db3-b61b-5f7f751c8c27,1954,Hungary,Midfielder,30.0
bac85afa-52bf-59ad-a24c-019afec32562,1986,Morocco,Goalkeeper,27.0
be901e7e-fb13-556d-8ae1-308e06aa34fb,1986,Uruguay,Midfielder,23.0
7efd5cb0-f056-5cc0-8c50-1db62fad98d3,2022,Poland,Midfielder,20.0
f2c604f0-4cd3-5d4d-b79d-b093bf38d6eb,2022,Cameroon,Midfielder,27.0
2d2c5b5a-0852-5f6d-ba6a-8d85943ca5e1,2010,Italy,Defender,33.0
2d2c5b5a-0852-5f6d-ba6a-8d85943ca5e1,2002,Italy,Defender,25.0
2d2c5b5a-0852-5f6d-ba6a-8d85943ca5e1,2006,Italy,Defender,29.0
9af87fad-abe2-51da-9b9e-4b476a862369,1982,Spain,Midfielder,27.0
9bfa65bc-0d4b-52ca-adb5-6d0efdfbfb39,1934,Spain,Goalkeeper,33.0
ac357333-0f53-570f-8c82-1e83b0ab1545,2022,Costa Rica,Midfielder,20.0
099627aa-58f3-5401-a71f-a6a79c5c9c8f,1998,Chile,Forward,31.0
c243f63e-781f-5c47-9bd2-11132eebb223,2006,Iran,Midfielder,27.0
523d042f-5caf-5283-9e45-6c20ae9cbc89,2002,Italy,Midfielder,25.0
2393545b-3bf1-5883-a683-170c43075d0a,2002,Argentina,Defender,29.0
2393545b-3bf1-5883-a683-170c43075d0a,1998,Argentina,Defender,25.0
fa873755-fe52-546e-a8db-e5341ea50f9f,2018,Colombia,Defender,32.0
fa873755-fe52-546e-a8db-e5341ea50f9f,2014,Colombia,Defender,28.0
e6ca4526-b4e9-5dca-9a66-19e6e190387e,1998,Iran,Defender,32.0
288d80a8-7e86-5e41-9fb7-3435101e3682,2022,Morocco,Midfielder,22.0
054d041c-870e-5b30-96cc-3d3bf2e603ea,1950,Spain,Forward,29.0
7ee1c5e0-6625-5adc-a9e2-917e35ac9590,1978,Mexico,Midfielder,21.0
188baefa-46ac-573e-99f3-e3e2b2f0d43c,1938,France,Forward,26.0
b22cfc0d-3abe-5c3e-a76f-a028379b7f0c,1930,Romania,Goalkeeper,30.0
3c774d12-9774-5247-95f0-5ab64378fc03,1990,Soviet Union,Midfielder,29.0
3c774d12-9774-5247-95f0-5ab64378fc03,1986,Soviet Union,Midfielder,25.0
d75dcfeb-c5a4-5d36-859b-032b3d6b3749,1986,Bulgaria,Midfielder,30.0
07b056f3-f7ee-5e94-b9ed-c414cceac8bd,1998,Bulgaria,Goalkeeper,28.0
8840023d-9f5d-59d6-91d6-2d841c728bf4,1954,Yugoslavia,Defender,25.0
8840023d-9f5d-59d6-91d6-2d841c728bf4,1958,Yugoslavia,Defender,29.0
1bad1e63-3b96-54b2-8cef-8c7eb8f9e2b3,1954,Yugoslavia,Defender,29.0
4969f052-092e-52e4-ac03-fe43282f1360,1986,Argentina,Goalkeeper,29.0
3d34aa2e-7bfb-5039-b932-5c93003171d2,1982,Honduras,Defender,25.0
37c9a1df-13a1-5f11-86a0-0e4e9b134b2d,2014,Croatia,Goalkeeper,21.0
5e27571a-bb73-5943-ac96-f74e867f7f18,1938,Czechoslovakia,Forward,23.0
ecb8c50d-acd6-5784-9f41-0b841c7c3c31,1954,Austria,Goalkeeper,27.0
4db2b404-e033-5c7a-9776-0a0f4052e68a,2014,Algeria,Goalkeeper,29.0
4458855c-e568-50ed-8b43-e52cd4adecd2,1998,Netherlands,Midfielder,22.0
5d930eae-9ada-59d2-9f65-7ed5223e7905,1990,Italy,Goalkeeper,30.0
5d930eae-9ada-59d2-9f65-7ed5223e7905,1986,Italy,Goalkeeper,26.0
61d564e2-b9cd-5e17-8274-6f460d040538,1990,Uruguay,Goalkeeper,28.0
38dd166c-6c39-50b9-be08-d02da4daaf57,1962,Brazil,Midfielder,28.0
3aa9517c-698b-5a04-b2ba-e047969914d5,1950,Mexico,Defender,27.0
d0897b84-b413-5053-a272-221e6fea7933,1994,Brazil,Goalkeeper,29.0
69e89556-6c4e-5307-b8d1-1c6063b448dc,1978,West Germany,Midfielder,28.0
bc7825bd-40ea-53d5-acb3-e0395b08d928,1954,Turkey,Midfielder,22.0
182abdaa-b108-5a22-b5b3-6fc226d10025,1938,Brazil,Midfielder,25.0
14b76eff-43e7-56c0-9e91-8122acccab2a,1986,Poland,Forward,28.0
a916bdb1-3671-5ed2-a9af-4ed21c9889ff,2002,China,Defender,29.0
cbab2abd-5aba-597a-95a6-e9c6f32fe148,2002,China,Midfielder,23.0
bbdd1c99-db18-512d-a69c-e99d10f2f1cf,1966,Bulgaria,Defender,24.0
bbdd1c99-db18-512d-a69c-e99d10f2f1cf,1970,Bulgaria,Defender,28.0
bbdd1c99-db18-512d-a69c-e99d10f2f1cf,1974,Bulgaria,Defender,32.0
bbdd1c99-db18-512d-a69c-e99d10f2f1cf,1962,Bulgaria,Defender,20.0
c9b6e5dd-8ea0-5ec2-af08-3be48eb8852a,1966,Bulgaria,Forward,22.0
c9b6e5dd-8ea0-5ec2-af08-3be48eb8852a,1970,Bulgaria,Forward,26.0
a42c78bf-bb74-5e6a-8764-e60277d18a9d,1986,Bulgaria,Forward,34.0
7fa603f2-c92a-58ab-a7a4-bcb4a7a078ab,2018,Russia,Defender,35.0
7fa603f2-c92a-58ab-a7a4-bcb4a7a078ab,2014,Russia,Defender,31.0
27cb4d2e-91d8-5e64-8f4f-def66d8f3f9b,2010,Algeria,Midfielder,28.0
d05e7f02-78df-5ff0-adf8-1629609e1606,1978,Brazil,Midfielder,25.0
d05e7f02-78df-5ff0-adf8-1629609e1606,1986,Brazil,Midfielder,33.0
d05e7f02-78df-5ff0-adf8-1629609e1606,1982,Brazil,Midfielder,29.0
c06d6702-5a22-53ae-84fc-251774bc322e,1986,Algeria,Forward,31.0
c06d6702-5a22-53ae-84fc-251774bc322e,1982,Algeria,Forward,27.0
c1ce7ba5-2832-5ec6-b39e-1698aa7a5d97,2002,France,Midfielder,30.0
c1ce7ba5-2832-5ec6-b39e-1698aa7a5d97,2006,France,Midfielder,34.0
c1ce7ba5-2832-5ec6-b39e-1698aa7a5d97,1998,France,Midfielder,26.0
e09376f7-3aa5-5b35-8358-fe104eb15e1c,2002,Germany,Defender,30.0
e09376f7-3aa5-5b35-8358-fe104eb15e1c,1998,Germany,Defender,26.0
64957897-c1e7-5a63-be47-f68d3924d3d1,2014,Switzerland,Defender,28.0
64957897-c1e7-5a63-be47-f68d3924d3d1,2010,Switzerland,Defender,24.0
ff189567-a22f-5881-b165-cb296432e821,2014,Germany,Goalkeeper,25.0
73afb63e-3a7c-5c8c-863f-6ccbc4bf27ca,1934,Germany,Midfielder,23.0
21e53565-d00d-50e7-b512-0f5faead052b,2002,Poland,Defender,35.0
9171060f-b438-5fa0-bc22-e0738d2d80b0,2018,Poland,Midfielder,24.0
9171060f-b438-5fa0-bc22-e0738d2d80b0,2022,Poland,Midfielder,28.0
2df8ab59-1eec-5c64-b526-e46d15a46b2d,1958,Czechoslovakia,Forward,21.0
08fe0220-0feb-56c7-9e80-e8de73a95b4f,2022,United States,Defender,29.0
b05d5235-5469-5666-8baa-1661346384f2,1978,West Germany,Forward,24.0
5881ad01-a9e1-5d55-b3d8-0973223543f7,1994,Brazil,Midfielder,27.0
a90f8e21-cedc-55d9-a4df-11e5d731046d,1934,Austria,Forward,24.0
e6c22b1f-7763-5ad7-9ecc-9745f664929c,1966,Brazil,Midfielder,34.0
e6c22b1f-7763-5ad7-9ecc-9745f664929c,1958,Brazil,Midfielder,26.0
e6c22b1f-7763-5ad7-9ecc-9745f664929c,1962,Brazil,Midfielder,30.0
e813c1f8-2b07-5e6b-8f59-ba7006fb99df,2002,Tunisia,Forward,21.0
f340683f-d679-5fdb-a75a-554c5947f0c3,2018,Morocco,Midfielder,25.0
f340683f-d679-5fdb-a75a-554c5947f0c3,2022,Morocco,Midfielder,29.0
0c802a31-5ee8-5dc5-9380-19d98be44653,1950,Brazil,Forward,28.0
6151f792-3104-54a6-afa5-ac020da1dbaa,1950,Yugoslavia,Defender,26.0
9a494aa3-7d5e-59c4-be12-1c2bb38b4531,1970,Czechoslovakia,Defender,28.0
3946268f-a9a0-50d5-8017-2de88cd1b085,2018,Russia,Midfielder,24.0
817f6f07-d6ed-5c47-a705-337e6d9597f7,1966,Spain,Midfielder,27.0
96cbe5f3-38df-5b13-acf4-99578e90f0ed,1978,Italy,Goalkeeper,36.0
96cbe5f3-38df-5b13-acf4-99578e90f0ed,1970,Italy,Goalkeeper,28.0
96cbe5f3-38df-5b13-acf4-99578e90f0ed,1974,Italy,Goalkeeper,32.0
96cbe5f3-38df-5b13-acf4-99578e90f0ed,1982,Italy,Goalkeeper,40.0
b5ac0678-368a-51d1-a7d5-a8c41b52c496,2010,Ivory Coast,Goalkeeper,29.0
2ec8d51e-29f6-5cb3-9946-7cd2a2456736,2014,Ivory Coast,Defender,34.0
2ec8d51e-29f6-5cb3-9946-7cd2a2456736,2010,Ivory Coast,Defender,30.0
2ec8d51e-29f6-5cb3-9946-7cd2a2456736,2006,Ivory Coast,Defender,26.0
a469a2b4-04cb-54f2-a3de-8d85f765c9fa,1994,Italy,Forward,28.0
b6be118c-5441-5e43-8018-2f324680461a,1978,Hungary,Midfielder,27.0
4dab9e2e-662a-5d9a-85d0-507a217386e3,1934,Romania,Goalkeeper,28.0
b0896eac-6e2a-5428-acc9-d5c61da8b0b2,1938,Dutch East Indies,Forward,
e0703ded-8163-5adb-8a09-9a131a6c46ed,2006,Ivory Coast,Defender,23.0
3f821985-380d-5fe2-880e-b67d90b0b3f9,1990,Austria,Midfielder,26.0
964cf0d1-ab94-59fa-9cd4-9d1c5dc280ea,1938,Hungary,Forward,23.0
ed56528b-48ed-5215-adc1-cad5398c8059,2018,Switzerland,Midfielder,27.0
54ee17c1-8b72-50a4-b197-afddd68e0c8f,2006,Switzerland,Goalkeeper,35.0
214a54f9-75f0-56d8-a8b7-ea463ed9c58a,1970,Uruguay,Forward,24.0
c12d86e7-d96f-5c91-b2b1-f38e2efa67c0,1994,Spain,Goalkeeper,33.0
c12d86e7-d96f-5c91-b2b1-f38e2efa67c0,1990,Spain,Goalkeeper,29.0
c12d86e7-d96f-5c91-b2b1-f38e2efa67c0,1986,Spain,Goalkeeper,25.0
c12d86e7-d96f-5c91-b2b1-f38e2efa67c0,1998,Spain,Goalkeeper,37.0
ceed44a6-f72e-5a64-8591-f0a6b1746f2b,1962,Colombia,Defender,33.0
3411b42b-4581-552f-b91b-5662fe276ec0,2002,South Africa,Midfielder,27.0
04334e34-2fa8-5d67-985a-95150728f618,1930,Argentina,Midfielder,28.0
faef6e8d-3359-53bd-ab86-74fdcc3989bc,2014,United States,Midfielder,28.0
efe0d413-f99a-59ad-9bd6-d1a18194c5f1,1990,Soviet Union,Midfielder,28.0
b96956c0-3b18-5d7c-8310-dae7ee706bc0,1970,Soviet Union,Midfielder,26.0
db90e49d-d966-5682-b9b3-3de6e75cc8a9,1990,Brazil,Goalkeeper,28.0
b344a6e8-fa46-5348-aa49-aa0caf1896a1,1998,Brazil,Defender,30.0
6bcef217-37da-5901-9a20-83d6aa65d509,2006,Angola,Midfielder,23.0
6d8d84ee-69a3-57c3-8058-3f14bfe26833,1930,Brazil,Defender,26.0
296725b8-87f0-5a42-82cc-ec822ee1e77d,1970,Brazil,Defender,21.0
296725b8-87f0-5a42-82cc-ec822ee1e77d,1974,Brazil,Defender,25.0
5518d76c-177d-5a43-af44-0731d4eabdbd,2006,Brazil,Midfielder,32.0
5518d76c-177d-5a43-af44-0731d4eabdbd,1998,Brazil,Midfielder,24.0
93c90a02-fc0d-52f7-af36-3a6264bbb975,1978,Brazil,Forward,21.0
5e48dee7-78af-555a-9932-fe6781dea889,1958,Brazil,Defender,26.0
5e48dee7-78af-555a-9932-fe6781dea889,1962,Brazil,Defender,30.0
7c99c5c3-0d29-5422-a107-6c010bc5c496,2014,Colombia,Defender,29.0
4cab1036-7168-5022-9fce-135cc75509b2,1962,Brazil,Forward,22.0
c346f9c3-0c54-5376-9cc3-cf366e30c680,2018,Morocco,Defender,32.0
970a218d-0426-5a57-a419-a6c6408aa7a8,1974,Brazil,Midfielder,32.0
fd01ea00-980c-56af-b4da-aa578a3be852,1938,Brazil,Defender,26.0
64772d92-db73-516a-afec-258011dad782,1986,Uruguay,Forward,25.0
9710d5f1-a1fb-5bb0-9626-d798f9333368,2010,Paraguay,Defender,30.0
9710d5f1-a1fb-5bb0-9626-d798f9333368,2006,Paraguay,Defender,26.0
784784e6-275d-53a9-8b63-f358f132e10b,1994,Netherlands,Defender,24.0
784784e6-275d-53a9-8b63-f358f132e10b,1998,Netherlands,Defender,28.0
74886990-0194-5e18-afca-59708a4052ec,1938,Netherlands,Forward,19.0
5139b004-6df4-56ad-bb96-a6848c988b47,1994,Netherlands,Midfielder,24.0
5139b004-6df4-56ad-bb96-a6848c988b47,1998,Netherlands,Midfielder,28.0
5611e942-56b2-56db-9f0c-6df5ddca742d,1934,Brazil,Forward,21.0
87adf45e-1057-5a88-b2a1-2f08ac5cd8c7,2006,Netherlands,Defender,28.0
f319a4c9-f425-5ae3-9a09-4049b7aa3697,1994,Mexico,Defender,25.0
5de18933-c2c0-5e6c-8dcc-4b4a844a0fac,2018,Spain,Goalkeeper,28.0
5de18933-c2c0-5e6c-8dcc-4b4a844a0fac,2014,Spain,Goalkeeper,24.0
ccd5dadd-fe74-5283-be43-77be0ce71b15,1994,Netherlands,Goalkeeper,28.0
ccd5dadd-fe74-5283-be43-77be0ce71b15,1998,Netherlands,Goalkeeper,32.0
ec12c844-dd1c-59e9-ae7f-07b02e83b434,2014,Netherlands,Midfielder,27.0
69f30346-f4b8-5660-8999-1366b36553ae,1938,Netherlands,Forward,18.0
634c4a74-d472-5734-a8d9-9eeb796406b6,2018,Mexico,Goalkeeper,37.0
634c4a74-d472-5734-a8d9-9eeb796406b6,2014,Mexico,Goalkeeper,33.0
634c4a74-d472-5734-a8d9-9eeb796406b6,2006,Mexico,Goalkeeper,25.0
0801ed69-9d1a-586e-a76c-8bf777c0a2e3,2022,Netherlands,Midfielder,25.0
c2edeb11-216b-5c60-b4b6-dd4b56c0cf0d,2022,Netherlands,Forward,32.0
d0e07876-404e-526f-afec-10431ca4ca4f,2014,Netherlands,Midfielder,30.0
d0e07876-404e-526f-afec-10431ca4ca4f,2010,Netherlands,Midfielder,26.0
5c1b1e6b-10e7-54be-8f20-4e1e9b057f75,1974,Netherlands,Midfielder,27.0
0db8fc7a-fe63-5cba-9682-80e55d710728,1990,Uruguay,Defender,32.0
9f18e8ea-9c40-5d95-a7c9-182b36f1c8c9,2022,Netherlands,Defender,23.0
0fcf559b-7cb5-5438-bf83-b098634e34b4,2002,Spain,Midfielder,29.0
455e468b-8ae7-5f18-b87f-33b3a528629a,2022,Netherlands,Midfielder,31.0
032579ee-6b34-57b2-bc63-8927cf6443ed,1974,Uruguay,Defender,26.0
3272e447-bd0f-5a94-b0b9-2414b9d0d614,2014,Netherlands,Defender,22.0
3272e447-bd0f-5a94-b0b9-2414b9d0d614,2022,Netherlands,Defender,30.0
0e54e419-1e5b-5612-ada3-a041805e4a53,1938,Netherlands,Forward,25.0
479a2597-0286-50b3-b18f-c910750aa7d8,1994,Netherlands,Defender,32.0
4b35f304-7149-50f1-a7a9-f699b4a66350,2010,Netherlands,Midfielder,27.0
41269e17-3110-5f18-9719-1d349448269e,1978,Spain,Defender,31.0
2e3d4753-3641-5a19-bae9-40f79300bcaa,2022,Uruguay,Midfielder,25.0
29d93e74-e286-57a0-88c5-1851edd8f9af,2002,Ecuador,Defender,28.0
29d93e74-e286-57a0-88c5-1851edd8f9af,2006,Ecuador,Defender,32.0
a67bec0a-a089-5beb-b9d7-7cae95131944,1978,Mexico,Midfielder,27.0
cae18be3-415b-5422-8460-edff9142ac93,2022,United States,Midfielder,24.0
7737296d-af3a-5074-9ce9-9256a2009a61,1970,Peru,Defender,27.0
6b90e5a2-9e22-5356-910d-93987ec7d053,1930,Peru,Defender,29.0
23975a5f-a624-54ff-a62d-10999eb820f3,1986,Mexico,Midfielder,28.0
e5db93cd-9a57-57ba-bd6e-f5cd47cdb4bb,2002,Uruguay,Midfielder,26.0
6fd76e2b-70bc-55b5-9ddd-911df8383045,1994,Colombia,Forward,32.0
6fd76e2b-70bc-55b5-9ddd-911df8383045,1998,Colombia,Forward,36.0
8e146c4a-277e-50ad-bd2e-b7b81626e9db,1970,Peru,Forward,27.0
56962517-899d-5a84-8c25-3b6d6d239b64,1966,Mexico,Defender,29.0
56962517-899d-5a84-8c25-3b6d6d239b64,1958,Mexico,Defender,21.0
56962517-899d-5a84-8c25-3b6d6d239b64,1962,Mexico,Defender,25.0
ba1a6575-0845-5253-acb2-3723339c8bcc,1994,Mexico,Midfielder,25.0
a2bc8777-5163-5466-8457-ad39793c7174,1966,Spain,Midfielder,31.0
a2bc8777-5163-5466-8457-ad39793c7174,1962,Spain,Midfielder,27.0
fef0e60c-39e3-51c3-8486-a921fcab25a8,1962,Mexico,Forward,27.0
0f4e6633-fd87-5a70-a57b-00ae771ff3e4,2018,Mexico,Midfielder,29.0
0f4e6633-fd87-5a70-a57b-00ae771ff3e4,2014,Mexico,Midfielder,25.0
0f4e6633-fd87-5a70-a57b-00ae771ff3e4,2010,Mexico,Midfielder,21.0
0fcb69af-2b18-5e24-9fdd-ce3149691af2,2018,Mexico,Midfielder,28.0
2f268fa5-1bf7-5305-8638-b17bb31d3593,2006,Paraguay,Midfielder,23.0
9de5dea6-0cf1-5f86-8793-9093e37ef262,2018,Germany,Goalkeeper,26.0
9de5dea6-0cf1-5f86-8793-9093e37ef262,2022,Germany,Goalkeeper,30.0
3c7e14ab-4205-5a98-b986-dce1cfb389b7,1990,Netherlands,Forward,27.0
affb58b8-095e-533a-bc16-1b71618ceaa0,1990,Netherlands,Defender,28.0
50ad308c-6cc9-5e58-bd84-dcb15db6be4e,1990,Netherlands,Forward,26.0
ab6913c3-a0a4-5625-b78f-a294952aa9a1,1938,Dutch East Indies,Goalkeeper,
35136210-ea6c-5356-a9e0-1924ba3499b6,2010,Netherlands,Midfielder,33.0
35136210-ea6c-5356-a9e0-1924ba3499b6,2006,Netherlands,Midfielder,29.0
a3c2b035-c3a4-569f-9f63-c114b960b900,1990,Netherlands,Goalkeeper,34.0
9b457d2d-309f-5490-8134-57bd0cec7e3d,2010,Netherlands,Defender,35.0
9b457d2d-309f-5490-8134-57bd0cec7e3d,2006,Netherlands,Defender,31.0
9b457d2d-309f-5490-8134-57bd0cec7e3d,1998,Netherlands,Defender,23.0
ec070a06-4e87-5ee8-8f33-aff2e9ed5e6d,1934,Netherlands,Defender,31.0
1977182a-c742-53d5-854c-587ae226584c,2022,Netherlands,Defender,31.0
b8eccac1-87d1-508c-89b0-464b1528ca3a,1994,Netherlands,Defender,23.0
cb3424d6-6a40-53fc-aa88-dc4c7368ecab,1974,Netherlands,Midfielder,30.0
b3b8f489-ce48-56fe-92e6-d0c18e2a4b4f,1982,New Zealand,Goalkeeper,24.0
486ced45-a17f-5457-a764-c7bd92bdf95b,1938,Netherlands,Midfielder,34.0
486ced45-a17f-5457-a764-c7bd92bdf95b,1934,Netherlands,Midfielder,30.0
d7912cac-3181-5cb2-915a-5454dfa4f792,1998,Netherlands,Forward,29.0
3d328931-a6e4-5e6b-8e26-a3ad3ab331e2,1974,Netherlands,Defender,29.0
40293bc5-b2f9-5d8d-95bc-c6edd385c27e,1978,Netherlands,Defender,25.0
de07511f-3a34-5bfa-bf77-72ca0916099e,1990,Netherlands,Forward,25.0
834d69b7-0c12-59de-b1c5-203bf1337dfa,1938,Netherlands,Goalkeeper,28.0
834d69b7-0c12-59de-b1c5-203bf1337dfa,1934,Netherlands,Goalkeeper,24.0
8625c401-2945-5760-bf3d-15962b1a271f,1934,Netherlands,Forward,24.0
d8c2f5f9-1363-52c8-ae6b-0cadfed97efa,2006,Netherlands,Forward,30.0
46b8935b-5f46-5667-94bf-ed8d885ea1d4,2014,Netherlands,Forward,31.0
46b8935b-5f46-5667-94bf-ed8d885ea1d4,2010,Netherlands,Forward,27.0
46b8935b-5f46-5667-94bf-ed8d885ea1d4,2006,Netherlands,Forward,23.0
b8cc0cb3-357f-523e-8b4a-965150b905f9,1934,Netherlands,Defender,30.0
6fc8b0a2-439d-5bc0-a210-67b48b5ccd75,1938,Netherlands,Forward,25.0
4b9454cc-3936-5f2f-abde-9802a1b21944,1990,Netherlands,Defender,33.0
a552a469-7106-536c-a59b-f1edac433da6,1994,Netherlands,Forward,26.0
5e247992-e385-5992-9f09-4221a646bd33,1978,Netherlands,Midfielder,27.0
5e247992-e385-5992-9f09-4221a646bd33,1974,Netherlands,Midfielder,23.0
82721af3-fd74-5729-be6a-bf54db0ee373,1978,Netherlands,Midfielder,27.0
82721af3-fd74-5729-be6a-bf54db0ee373,1974,Netherlands,Midfielder,23.0
e37722ba-1e9c-515a-8123-a2534ef2da49,1994,Belgium,Midfielder,25.0
e1ec9c2a-6314-5201-9c18-d7f24822ed38,1934,Netherlands,Goalkeeper,31.0
96f5f8ed-4f20-52e8-9f71-97964dfcc425,1994,Netherlands,Goalkeeper,24.0
96f5f8ed-4f20-52e8-9f71-97964dfcc425,2006,Netherlands,Goalkeeper,36.0
96f5f8ed-4f20-52e8-9f71-97964dfcc425,1998,Netherlands,Goalkeeper,28.0
6c7589f9-c308-56fb-939e-2fc055fd74cc,2010,Netherlands,Midfielder,27.0
6c7589f9-c308-56fb-939e-2fc055fd74cc,2006,Netherlands,Midfielder,23.0
d398dcc1-0988-5d30-ab91-8f7cb7ad1d47,1938,Netherlands,Forward,20.0
83907d38-18b1-50ce-bf3f-96030ee0c458,2010,Netherlands,Defender,22.0
44f2d66e-cc3d-5bb0-8279-02b55a6e57cf,2014,Switzerland,Defender,31.0
44f2d66e-cc3d-5bb0-8279-02b55a6e57cf,2010,Switzerland,Defender,27.0
c0613440-37a2-54d2-9579-c6147ff05d55,1934,Switzerland,Forward,25.0
9defaaa9-a09f-583a-8a38-645f8a6ba6d4,1986,Portugal,Forward,26.0
8b71a6b0-be47-553e-8566-34112d7804ff,2018,Mexico,Defender,21.0
8b71a6b0-be47-553e-8566-34112d7804ff,2022,Mexico,Defender,25.0
763e5f2b-d1df-57ef-8161-7d531506d2c2,1966,Uruguay,Defender,26.0
763e5f2b-d1df-57ef-8161-7d531506d2c2,1962,Uruguay,Defender,22.0
b8a358b6-a65c-5dc0-85fb-4c526855f15d,1966,Uruguay,Defender,27.0
b8a358b6-a65c-5dc0-85fb-4c526855f15d,1962,Uruguay,Defender,23.0
fa2ecd18-5340-5f99-aa0b-0610550fcf28,2022,Argentina,Forward,22.0
9a214cec-4b06-581e-9b96-791a9c6f36f8,2022,Mexico,Defender,23.0
177ddc40-8de9-5e72-83ff-18252deff073,1994,Colombia,Midfielder,29.0
177ddc40-8de9-5e72-83ff-18252deff073,1990,Colombia,Midfielder,25.0
6da48280-70aa-56c1-a333-6d7badf2100e,2014,Argentina,Midfielder,26.0
2ec09b34-6da2-59a0-829d-a31d634518e5,2010,Honduras,Midfielder,30.0
40d8e366-15bd-54f4-a7d2-076215908916,2014,Colombia,Defender,21.0
07ce01bd-fe8f-513e-ae6b-6cf3a177c2a9,1950,Chile,Defender,22.0
7db125aa-e909-5b8a-964c-e23effc117a5,1986,Portugal,Defender,25.0
0ffd63ca-dd0e-5465-9393-69321bed3847,1990,Uruguay,Goalkeeper,31.0
0ffd63ca-dd0e-5465-9393-69321bed3847,1986,Uruguay,Goalkeeper,27.0
7bc1b801-f7c9-5717-b5d0-3b2560a3e75e,1978,Spain,Goalkeeper,31.0
7bc1b801-f7c9-5717-b5d0-3b2560a3e75e,1982,Spain,Goalkeeper,35.0
6187e7ff-2e0a-5bf7-9529-f98806e36c1a,2018,Iceland,Defender,36.0
123aeb38-26dd-51d9-a1df-db3e9206fab9,1934,Brazil,Forward,24.0
8a945b69-e542-523b-b97a-d7534987a9cc,1954,Mexico,Midfielder,29.0
7e514fc6-d566-5b2b-94df-790d507ab00f,2018,Panama,Midfielder,21.0
3c5c2b9f-b2a6-5064-b2e6-87e61a52fb44,1950,Sweden,Midfielder,30.0
5671b05e-c5f0-58e9-9d2a-fdcf411a33d2,1978,Sweden,Midfielder,21.0
283ae20e-352c-5f40-8f4a-a08d8aa979d2,1978,Sweden,Forward,26.0
a3bb6f1a-3426-552f-b2bb-f60c21abb3a9,2002,Turkey,Goalkeeper,28.0
27479abc-5f6c-5062-8359-4bbe4a8374b9,1982,Brazil,Forward,25.0
f46fa133-1bf6-557d-ac79-666033b9ab92,1986,Brazil,Defender,27.0
d58001b4-bbd3-53a1-8508-4c9d425dd11d,1954,Brazil,Forward,23.0
efdafaea-bb49-5c97-a4ee-ebb3f084de1d,1958,Sweden,Defender,28.0
22e5369b-719c-5ef6-8f10-c8901a755352,2002,Turkey,Defender,29.0
3ead756f-8e08-5e6b-ace0-f260cdcd1316,2002,Turkey,Defender,26.0
5e4eda27-ed97-5fa9-aca8-6bba3cb09e6b,2002,Turkey,Goalkeeper,27.0
73c8fedb-2ad4-5d4d-97b8-da5024bd51d6,2018,Germany,Midfielder,30.0
73c8fedb-2ad4-5d4d-97b8-da5024bd51d6,2014,Germany,Midfielder,26.0
73c8fedb-2ad4-5d4d-97b8-da5024bd51d6,2010,Germany,Midfielder,22.0
3a4aced8-edec-5b0f-a14c-0fba07be9b15,1998,Norway,Forward,26.0
997c62c5-a3e9-5f3a-9a49-733fe9f8d6d3,2002,Turkey,Defender,29.0
b1b39908-0781-51d6-951b-b80747d029a7,2018,Croatia,Defender,22.0
e62d92dc-974d-5f4d-bbeb-d061d3daf6a8,1974,Poland,Midfielder,26.0
b2a60a4c-361b-5764-b77f-2461737ea9b0,2018,Croatia,Defender,32.0
b2a60a4c-361b-5764-b77f-2461737ea9b0,2014,Croatia,Defender,28.0
495e9e05-f5a2-5102-ac22-a669739edc55,1958,Czechoslovakia,Midfielder,23.0
1dbecfa5-8f23-5200-a9de-3b0bad748bd3,1954,Yugoslavia,Midfielder,31.0
1dbecfa5-8f23-5200-a9de-3b0bad748bd3,1950,Yugoslavia,Midfielder,27.0
2564a48d-c0d4-569a-83a1-4e68be6785b9,1950,Yugoslavia,Forward,25.0
c1cbac7d-b196-5bf1-86eb-cf23ba3d6a81,1934,Czechoslovakia,Midfielder,26.0
1d87cd63-b656-55bb-8ecc-4e0992caaed7,1970,Czechoslovakia,Forward,22.0
46f22f82-5c70-5c3e-8761-12a7092449ce,2010,Slovakia,Defender,27.0
963740c7-8cf7-5df3-8163-7ab6def97790,2006,Czech Republic,Goalkeeper,24.0
d6cbba17-aef4-514e-9cf4-5af35e130d94,2002,Slovenia,Midfielder,34.0
6fa3efbb-6f43-51bb-9b77-d1782bf3b3af,2002,Slovenia,Midfielder,24.0
33ee332c-b4d8-5f8e-a17f-03687bf03661,1938,Czechoslovakia,Defender,28.0
0a561843-82f4-5ccf-acb3-9f3ec31e376f,1950,Yugoslavia,Defender,32.0
0e9fbe3e-5c15-5725-9e7f-963ccb0a4f06,1934,Czechoslovakia,Defender,28.0
15ace7f4-8d24-58a0-9051-14952c23a461,2010,Slovakia,Defender,29.0
05fcb125-dc59-57a6-9b7f-7b51562730e0,1950,Yugoslavia,Midfielder,28.0
a80196be-7591-5bbd-b365-7b7759bd8e16,1930,Yugoslavia,Midfielder,19.0
aac5542f-6164-5762-b28e-0556be78fa52,1998,Yugoslavia,Defender,27.0
efe4e7e8-0673-5df8-ae9d-4d513c0fb5b6,2006,Serbia and Montenegro,Defender,27.0
98880bfa-f664-5542-9866-519da1b205fc,2006,Serbia and Montenegro,Midfielder,34.0
3738f421-c9fc-5bd0-89ec-8f15b6c4b5a9,1998,Yugoslavia,Defender,32.0
d92729f2-c08c-5680-9375-128d9d39f280,2010,Serbia,Goalkeeper,30.0
8fe9042b-ad6c-50e0-83aa-4cfbefc66af1,2022,Serbia,Forward,30.0
3adbfb21-a7e1-545c-8eb7-ab5db58fa2f1,1938,Poland,Forward,31.0
025126d7-bc23-50ae-9dba-f133e3aa034b,2014,Japan,Forward,32.0
025126d7-bc23-50ae-9dba-f133e3aa034b,2010,Japan,Forward,28.0
ada4b818-f205-5e9a-8169-be4e941a7cc8,1938,Czechoslovakia,Forward,23.0
269a676f-8fbe-50a8-80aa-934a4f30b384,2022,Poland,Forward,25.0
d8cbb167-a37d-56c9-abb3-5109754e7f4f,2002,Poland,Midfielder,30.0
c030af0a-6cbe-5bc4-a76d-ddba7a01bd69,2002,Turkey,Forward,26.0
08bdb79d-1aa9-537c-89c2-35a7cc0221d7,1954,Turkey,Goalkeeper,22.0
5d8b1d04-aab0-58f8-8ea8-3638cacedc8b,2002,Turkey,Forward,31.0
9fb0bc4e-f8ef-514d-9cca-1c1d29b57149,1990,Yugoslavia,Midfielder,25.0
491c4be7-0e97-5bab-a845-5d19655c8f17,1954,Czechoslovakia,Defender,23.0
491c4be7-0e97-5bab-a845-5d19655c8f17,1958,Czechoslovakia,Defender,27.0
70885e1d-5b5b-5908-aa06-8ff7b91bbbfa,1958,Yugoslavia,Midfielder,26.0
5a792962-764b-5273-862d-29dd79fd702f,2002,Croatia,Defender,30.0
04386f26-ff9f-54c6-b834-59aa917ace85,1986,Canada,Forward,25.0
8b5c2ec9-693a-5a10-b707-1812dd3d9218,1958,Yugoslavia,Midfielder,21.0
8b5c2ec9-693a-5a10-b707-1812dd3d9218,1962,Yugoslavia,Midfielder,25.0
3eec3f0f-ffa7-5f2b-ab2b-fb04330eed3d,2010,Slovenia,Goalkeeper,30.0
53abd99a-3fdc-5abe-822b-e56b2ac20072,2002,Croatia,Defender,23.0
53abd99a-3fdc-5abe-822b-e56b2ac20072,2006,Croatia,Defender,27.0
53abd99a-3fdc-5abe-822b-e56b2ac20072,1998,Croatia,Defender,19.0
b696a953-5ce4-52b8-972f-a1a59521f791,1982,Yugoslavia,Forward,26.0
c7672150-7121-5928-adea-1128cffca0a0,2010,Slovakia,Midfielder,28.0
30e9555b-e4e0-5f80-a49b-3e2517274fa0,1958,Yugoslavia,Defender,29.0
30e9555b-e4e0-5f80-a49b-3e2517274fa0,1962,Yugoslavia,Defender,33.0
46d752c9-a19e-5113-8fb4-bd67697edd8e,2002,Croatia,Defender,27.0
46d752c9-a19e-5113-8fb4-bd67697edd8e,2006,Croatia,Defender,31.0
46d752c9-a19e-5113-8fb4-bd67697edd8e,1998,Croatia,Defender,23.0
9754f689-bb92-5d6d-a4df-060ff4c697ca,1934,Czechoslovakia,Midfielder,25.0
719b2765-ca0d-5860-ad37-8b5f4ccc9230,2002,Croatia,Defender,24.0
719b2765-ca0d-5860-ad37-8b5f4ccc9230,2006,Croatia,Defender,28.0
c1b77801-0622-58de-93b6-23b00e1f2501,1938,Czechoslovakia,Forward,22.0
170e1184-360f-5eca-8d89-449f40d829f7,2010,Slovakia,Defender,26.0
3dcd25c9-7cba-5977-9c82-24cf2f66ead7,1982,Yugoslavia,Midfielder,32.0
4fba8423-41ed-54e7-9373-b968d98d2815,1962,Yugoslavia,Goalkeeper,25.0
119dff8a-8e74-5976-a852-3abebeddbc90,2006,Czech Republic,Forward,30.0
128e71a1-f0cb-5e18-81a4-57f99dd663d6,1982,Czechoslovakia,Midfielder,29.0
601f9eb5-a6b4-5de4-bab9-23723f84d558,1934,Czechoslovakia,Forward,22.0
1a34b16d-a785-511a-929d-ad7a76d40e78,1962,Czechoslovakia,Midfielder,22.0
4d329270-a6a3-5fbb-8a7e-3ad315c3954d,1998,Croatia,Defender,31.0
cc899594-7b29-5608-b139-c444973f769e,2010,Slovakia,Midfielder,34.0
3e48e77f-d637-5a57-a13e-0b28d358ce7e,2002,Croatia,Forward,34.0
3e48e77f-d637-5a57-a13e-0b28d358ce7e,1998,Croatia,Forward,30.0
46e60e95-b648-59c8-9600-d61ac9684e29,1990,Yugoslavia,Forward,22.0
d9190528-a882-528f-927d-4150b3889eda,2010,Slovenia,Defender,27.0
340b99bd-080e-51eb-93ef-96593b984db9,2014,Bosnia and Herzegovina,Defender,26.0
09c2d73e-c2b1-5483-8009-940b860884b6,1974,Yugoslavia,Midfielder,21.0
09c2d73e-c2b1-5483-8009-940b860884b6,1982,Yugoslavia,Midfielder,29.0
07d9aee3-ca5f-5a99-934d-c2ab72eb8ccd,2022,Croatia,Defender,22.0
b7f981c8-e696-526e-9049-58292f4d6ca2,2002,Poland,Forward,26.0
e6cd00a3-8e53-5453-a426-4df6662528a5,2002,Poland,Defender,26.0
e6cd00a3-8e53-5453-a426-4df6662528a5,2006,Poland,Defender,30.0
3f27740e-341d-5593-b57d-3803b09e1b23,1978,Poland,Defender,24.0
3f27740e-341d-5593-b57d-3803b09e1b23,1974,Poland,Defender,20.0
3f27740e-341d-5593-b57d-3803b09e1b23,1986,Poland,Defender,32.0
3f27740e-341d-5593-b57d-3803b09e1b23,1982,Poland,Defender,28.0
c5bd6ad5-ae96-56c0-a189-e505b562f216,2002,Poland,Forward,26.0
c5bd6ad5-ae96-56c0-a189-e505b562f216,2006,Poland,Forward,30.0
1c3afad7-3ca3-5151-af93-5eabdf8ebfb1,2022,Poland,Midfielder,25.0
02d96a17-b9fd-5d87-afcf-072faa4c4ba0,1934,Czechoslovakia,Defender,30.0
510b9d21-a3f7-5793-97ba-799e0f424a6d,2006,Serbia and Montenegro,Forward,26.0
f8dacde4-284f-5f32-8f13-5f4629b34b1f,2010,Serbia,Forward,30.0
3a217517-9767-5f8f-beee-95fd7af0983e,2018,Serbia,Midfielder,22.0
3a217517-9767-5f8f-beee-95fd7af0983e,2022,Serbia,Midfielder,26.0
7b67e4d2-7d76-5247-bdfd-2da7584af225,2002,Croatia,Defender,27.0
ed096179-6ad7-5b82-8eaa-d6fb85dd8094,1982,Yugoslavia,Forward,23.0
