year,team,position,avg_age_p_pos,avg_age
1930,Argentina,Defender,26.0,24.863636363636363
1930,Argentina,Forward,23.8,24.863636363636363
1930,Argentina,Goalkeeper,23.5,24.863636363636363
1930,Argentina,Midfielder,26.4,24.863636363636363
1930,Belgium,Defender,25.0,25.5
1930,Belgium,Forward,23.333333333333332,25.5
1930,Belgium,Goalkeeper,29.5,25.5
1930,Belgium,Midfielder,26.8,25.5
1930,Bolivia,Defender,22.0,25.0
1930,Bolivia,Forward,23.166666666666668,25.0
1930,Bolivia,Goalkeeper,30.0,25.0
1930,Bolivia,Midfielder,27.0,25.0
1930,Brazil,Defender,24.4,24.791666666666668
1930,Brazil,Forward,25.09090909090909,24.791666666666668
1930,Brazil,Goalkeeper,24.0,24.791666666666668
1930,Brazil,Midfielder,24.833333333333332,24.791666666666668
1930,Chile,Defender,28.75,26.36842105263158
1930,Chile,Forward,25.625,26.36842105263158
1930,Chile,Goalkeeper,27.5,26.36842105263158
1930,Chile,Midfielder,25.2,26.36842105263158
1930,France,Defender,24.25,24.125
1930,France,Forward,23.5,24.125
1930,France,Goalkeeper,26.0,24.125
1930,France,Midfielder,24.0,24.125
1930,Mexico,Defender,26.0,24.529411764705884
1930,Mexico,Forward,24.5,24.529411764705884
1930,Mexico,Goalkeeper,26.5,24.529411764705884
1930,Mexico,Midfielder,22.5,24.529411764705884
1930,Paraguay,Defender,25.0,24.5
1930,Paraguay,Forward,22.666666666666668,24.5
1930,Paraguay,Goalkeeper,29.0,24.5
1930,Paraguay,Midfielder,,24.5
1930,Peru,Defender,25.25,23.473684210526315
1930,Peru,Forward,23.125,23.473684210526315
1930,Peru,Goalkeeper,20.5,23.473684210526315
1930,Peru,Midfielder,23.8,23.473684210526315
1930,Romania,Defender,23.5,23.266666666666666
1930,Romania,Forward,22.333333333333332,23.266666666666666
1930,Romania,Goalkeeper,26.0,23.266666666666666
1930,Romania,Midfielder,23.0,23.266666666666666
1930,United States,Defender,26.666666666666668,26.5
1930,United States,Forward,25.0,26.5
1930,United States,Goalkeeper,32.0,26.5
1930,United States,Midfielder,27.4,26.5
1930,Uruguay,Defender,27.25,26.681818181818183
1930,Uruguay,Forward,27.0,26.681818181818183
1930,Uruguay,Goalkeeper,25.5,26.681818181818183
1930,Uruguay,Midfielder,26.166666666666668,26.681818181818183
1930,Yugoslavia,Defender,22.25,22.058823529411764
1930,Yugoslavia,Forward,22.857142857142858,22.058823529411764
1930,Yugoslavia,Goalkeeper,20.0,22.058823529411764
1930,Yugoslavia,Midfielder,21.5,22.058823529411764
1934,Argentina,Defender,25.0,23.916666666666668
1934,Argentina,Forward,21.75,23.916666666666668
1934,Argentina,Goalkeeper,21.5,23.916666666666668
1934,Argentina,Midfielder,26.75,23.916666666666668
1934,Austria,Defender,26.75,26.227272727272727
1934,Austria,Forward,26.272727272727273,26.227272727272727
1934,Austria,Goalkeeper,25.333333333333332,26.227272727272727
1934,Austria,Midfielder,26.25,26.227272727272727
1934,Belgium,Defender,26.0,25.0
1934,Belgium,Forward,24.88888888888889,25.0
1934,Belgium,Goalkeeper,25.0,25.0
1934,Belgium,Midfielder,24.75,25.0
1934,Brazil,Defender,25.333333333333332,24.105263157894736
1934,Brazil,Forward,22.75,24.105263157894736
1934,Brazil,Goalkeeper,22.0,24.105263157894736
1934,Brazil,Midfielder,26.0,24.105263157894736
1934,Czechoslovakia,Defender,27.5,25.772727272727273
1934,Czechoslovakia,Forward,25.77777777777778,25.772727272727273
1934,Czechoslovakia,Goalkeeper,25.0,25.772727272727273
1934,Czechoslovakia,Midfielder,25.0,25.772727272727273
1934,Egypt,Defender,28.0,24.384615384615383
1934,Egypt,Forward,25.0,24.384615384615383
1934,Egypt,Goalkeeper,20.0,24.384615384615383
1934,Egypt,Midfielder,23.8,24.384615384615383
1934,France,Defender,27.75,24.636363636363637
1934,France,Forward,23.625,24.636363636363637
1934,France,Goalkeeper,24.666666666666668,24.636363636363637
1934,France,Midfielder,24.0,24.636363636363637
1934,Germany,Defender,24.2,24.545454545454547
1934,Germany,Forward,23.77777777777778,24.545454545454547
1934,Germany,Goalkeeper,26.333333333333332,24.545454545454547
1934,Germany,Midfielder,25.2,24.545454545454547
1934,Hungary,Defender,25.6,25.045454545454547
1934,Hungary,Forward,26.333333333333332,25.045454545454547
1934,Hungary,Goalkeeper,23.5,25.045454545454547
1934,Hungary,Midfielder,23.166666666666668,25.045454545454547
1934,Italy,Defender,31.0,28.40909090909091
1934,Italy,Forward,26.5,28.40909090909091
1934,Italy,Goalkeeper,29.333333333333332,28.40909090909091
1934,Italy,Midfielder,28.714285714285715,28.40909090909091
1934,Netherlands,Defender,27.0,25.227272727272727
1934,Netherlands,Forward,23.272727272727273,25.227272727272727
1934,Netherlands,Goalkeeper,28.666666666666668,25.227272727272727
1934,Netherlands,Midfielder,26.4,25.227272727272727
1934,Romania,Defender,25.8,24.454545454545453
1934,Romania,Forward,23.555555555555557,24.454545454545453
1934,Romania,Goalkeeper,25.333333333333332,24.454545454545453
1934,Romania,Midfielder,24.2,24.454545454545453
1934,Spain,Defender,27.666666666666668,25.681818181818183
1934,Spain,Forward,24.375,25.681818181818183
1934,Spain,Goalkeeper,29.0,25.681818181818183
1934,Spain,Midfielder,25.444444444444443,25.681818181818183
1934,Sweden,Defender,26.333333333333332,27.19047619047619
1934,Sweden,Forward,27.09090909090909,27.19047619047619
1934,Sweden,Goalkeeper,28.0,27.19047619047619
1934,Sweden,Midfielder,27.5,27.19047619047619
1934,Switzerland,Defender,27.4,25.055555555555557
1934,Switzerland,Forward,25.142857142857142,25.055555555555557
1934,Switzerland,Goalkeeper,23.333333333333332,25.055555555555557
1934,Switzerland,Midfielder,22.666666666666668,25.055555555555557
1934,United States,Defender,24.25,28.0625
1934,United States,Forward,28.4,28.0625
1934,United States,Goalkeeper,31.0,28.0625
1934,United States,Midfielder,29.833333333333332,28.0625
1938,Belgium,Defender,24.8,25.727272727272727
1938,Belgium,Forward,24.555555555555557,25.727272727272727
1938,Belgium,Goalkeeper,28.0,25.727272727272727
1938,Belgium,Midfielder,27.4,25.727272727272727
1938,Brazil,Defender,27.5,25.954545454545453
1938,Brazil,Forward,25.7,25.954545454545453
1938,Brazil,Goalkeeper,27.0,25.954545454545453
1938,Brazil,Midfielder,25.0,25.954545454545453
1938,Cuba,Defender,22.5,24.0
1938,Cuba,Forward,23.75,24.0
1938,Cuba,Goalkeeper,26.0,24.0
1938,Cuba,Midfielder,24.0,24.0
1938,Czechoslovakia,Defender,27.5,26.0
1938,Czechoslovakia,Forward,24.818181818181817,26.0
1938,Czechoslovakia,Goalkeeper,31.5,26.0
1938,Czechoslovakia,Midfielder,25.2,26.0
1938,Dutch East Indies,Defender,,24.875
1938,Dutch East Indies,Forward,23.0,24.875
1938,Dutch East Indies,Goalkeeper,25.0,24.875
1938,Dutch East Indies,Midfielder,26.25,24.875
1938,France,Defender,27.4,26.454545454545453
1938,France,Forward,26.0,26.454545454545453
1938,France,Goalkeeper,25.333333333333332,26.454545454545453
1938,France,Midfielder,26.833333333333332,26.454545454545453
1938,Germany,Defender,26.8,26.454545454545453
1938,Germany,Forward,24.88888888888889,26.454545454545453
1938,Germany,Goalkeeper,28.666666666666668,26.454545454545453
1938,Germany,Midfielder,27.6,26.454545454545453
1938,Hungary,Defender,28.0,27.0
1938,Hungary,Forward,27.22222222222222,27.0
1938,Hungary,Goalkeeper,27.0,27.0
1938,Hungary,Midfielder,26.285714285714285,27.0
1938,Italy,Defender,27.0,26.5
1938,Italy,Forward,25.714285714285715,26.5
1938,Italy,Goalkeeper,29.0,26.5
1938,Italy,Midfielder,26.11111111111111,26.5
1938,Netherlands,Defender,25.5,25.318181818181817
1938,Netherlands,Forward,24.09090909090909,25.318181818181817
1938,Netherlands,Goalkeeper,27.0,25.318181818181817
1938,Netherlands,Midfielder,27.2,25.318181818181817
1938,Norway,Defender,26.833333333333332,26.045454545454547
1938,Norway,Forward,25.0,26.045454545454547
1938,Norway,Goalkeeper,27.666666666666668,26.045454545454547
1938,Norway,Midfielder,25.8,26.045454545454547
1938,Poland,Defender,27.5,24.681818181818183
1938,Poland,Forward,24.4,24.681818181818183
1938,Poland,Goalkeeper,20.5,24.681818181818183
1938,Poland,Midfielder,24.666666666666668,24.681818181818183
1938,Romania,Defender,27.75,25.954545454545453
1938,Romania,Forward,25.9,25.954545454545453
1938,Romania,Goalkeeper,24.666666666666668,25.954545454545453
1938,Romania,Midfielder,25.4,25.954545454545453
1938,Sweden,Defender,27.333333333333332,26.2
1938,Sweden,Forward,26.5,26.2
1938,Sweden,Goalkeeper,27.0,26.2
1938,Sweden,Midfielder,24.6,26.2
1938,Switzerland,Defender,29.333333333333332,26.25
1938,Switzerland,Forward,25.77777777777778,26.25
1938,Switzerland,Goalkeeper,23.666666666666668,26.25
1938,Switzerland,Midfielder,26.8,26.25
1950,Bolivia,Defender,29.333333333333332,26.136363636363637
1950,Bolivia,Forward,24.11111111111111,26.136363636363637
1950,Bolivia,Goalkeeper,27.0,26.136363636363637
1950,Bolivia,Midfielder,27.0,26.136363636363637
1950,Brazil,Defender,27.75,27.454545454545453
1950,Brazil,Forward,26.9,27.454545454545453
1950,Brazil,Goalkeeper,26.0,27.454545454545453
1950,Brazil,Midfielder,28.666666666666668,27.454545454545453
1950,Chile,Defender,25.166666666666668,25.136363636363637
1950,Chile,Forward,23.555555555555557,25.136363636363637
1950,Chile,Goalkeeper,28.0,25.136363636363637
1950,Chile,Midfielder,26.8,25.136363636363637
1950,England,Defender,28.857142857142858,28.761904761904763
1950,England,Forward,28.5,28.761904761904763
1950,England,Goalkeeper,29.5,28.761904761904763
1950,England,Midfielder,28.75,28.761904761904763
1950,Italy,Defender,26.6,27.045454545454547
1950,Italy,Forward,26.0,27.045454545454547
1950,Italy,Goalkeeper,29.0,27.045454545454547
1950,Italy,Midfielder,28.2,27.045454545454547
1950,Mexico,Defender,26.666666666666668,26.05
1950,Mexico,Forward,28.5,26.05
1950,Mexico,Goalkeeper,23.5,26.05
1950,Mexico,Midfielder,23.833333333333332,26.05
1950,Paraguay,Defender,29.5,25.23076923076923
1950,Paraguay,Forward,23.22222222222222,25.23076923076923
1950,Paraguay,Goalkeeper,,25.23076923076923
1950,Paraguay,Midfielder,30.0,25.23076923076923
1950,Spain,Defender,27.5,27.5
1950,Spain,Forward,28.285714285714285,27.5
1950,Spain,Goalkeeper,27.666666666666668,27.5
1950,Spain,Midfielder,26.5,27.5
1950,Sweden,Defender,27.75,27.136363636363637
1950,Sweden,Forward,26.333333333333332,27.136363636363637
1950,Sweden,Goalkeeper,27.0,27.136363636363637
1950,Sweden,Midfielder,28.0,27.136363636363637
1950,Switzerland,Defender,27.166666666666668,27.90909090909091
1950,Switzerland,Forward,27.7,27.90909090909091
1950,Switzerland,Goalkeeper,26.666666666666668,27.90909090909091
1950,Switzerland,Midfielder,31.333333333333332,27.90909090909091
1950,United States,Defender,26.5,27.72222222222222
1950,United States,Forward,29.0,27.72222222222222
1950,United States,Goalkeeper,26.5,27.72222222222222
1950,United States,Midfielder,26.333333333333332,27.72222222222222
1950,Uruguay,Defender,25.833333333333332,25.681818181818183
1950,Uruguay,Forward,24.2,25.681818181818183
1950,Uruguay,Goalkeeper,33.0,25.681818181818183
1950,Uruguay,Midfielder,25.5,25.681818181818183
1950,Yugoslavia,Defender,28.0,27.59090909090909
1950,Yugoslavia,Forward,26.0,27.59090909090909
1950,Yugoslavia,Goalkeeper,28.5,27.59090909090909
1950,Yugoslavia,Midfielder,28.571428571428573,27.59090909090909
1954,Austria,Defender,25.6,26.636363636363637
1954,Austria,Forward,27.285714285714285,26.636363636363637
1954,Austria,Goalkeeper,28.0,26.636363636363637
1954,Austria,Midfielder,26.142857142857142,26.636363636363637
1954,Belgium,Defender,26.4,26.772727272727273
1954,Belgium,Forward,27.142857142857142,26.772727272727273
1954,Belgium,Goalkeeper,25.666666666666668,26.772727272727273
1954,Belgium,Midfielder,27.142857142857142,26.772727272727273
1954,Brazil,Defender,26.5,26.0
1954,Brazil,Forward,25.25,26.0
1954,Brazil,Goalkeeper,25.0,26.0
1954,Brazil,Midfielder,27.2,26.0
1954,Czechoslovakia,Defender,25.4,26.181818181818183
1954,Czechoslovakia,Forward,26.3,26.181818181818183
1954,Czechoslovakia,Goalkeeper,26.333333333333332,26.181818181818183
1954,Czechoslovakia,Midfielder,26.75,26.181818181818183
1954,England,Defender,28.75,28.636363636363637
1954,England,Forward,28.1,28.636363636363637
1954,England,Goalkeeper,29.5,28.636363636363637
1954,England,Midfielder,29.166666666666668,28.636363636363637
1954,France,Defender,27.833333333333332,26.045454545454547
1954,France,Forward,24.625,26.045454545454547
1954,France,Goalkeeper,27.666666666666668,26.045454545454547
1954,France,Midfielder,25.2,26.045454545454547
1954,Hungary,Defender,27.166666666666668,26.636363636363637
1954,Hungary,Forward,25.666666666666668,26.636363636363637
1954,Hungary,Goalkeeper,26.666666666666668,26.636363636363637
1954,Hungary,Midfielder,28.0,26.636363636363637
1954,Italy,Defender,24.75,26.681818181818183
1954,Italy,Forward,26.0,26.681818181818183
1954,Italy,Goalkeeper,28.333333333333332,26.681818181818183
1954,Italy,Midfielder,28.166666666666668,26.681818181818183
1954,Mexico,Defender,27.428571428571427,26.181818181818183
1954,Mexico,Forward,24.6,26.181818181818183
1954,Mexico,Goalkeeper,28.5,26.181818181818183
1954,Mexico,Midfielder,27.0,26.181818181818183
1954,Scotland,Defender,26.2,26.772727272727273
1954,Scotland,Forward,27.333333333333332,26.772727272727273
1954,Scotland,Goalkeeper,25.0,26.772727272727273
1954,Scotland,Midfielder,26.666666666666668,26.772727272727273
1954,South Korea,Defender,32.6,30.0
1954,South Korea,Forward,28.875,30.0
1954,South Korea,Goalkeeper,28.5,30.0
1954,South Korea,Midfielder,29.8,30.0
1954,Switzerland,Defender,28.833333333333332,27.318181818181817
1954,Switzerland,Forward,25.833333333333332,27.318181818181817
1954,Switzerland,Goalkeeper,27.666666666666668,27.318181818181817
1954,Switzerland,Midfielder,27.142857142857142,27.318181818181817
1954,Turkey,Defender,23.5,23.772727272727273
1954,Turkey,Forward,24.625,23.772727272727273
1954,Turkey,Goalkeeper,20.666666666666668,23.772727272727273
1954,Turkey,Midfielder,25.333333333333332,23.772727272727273
1954,Uruguay,Defender,26.0,26.954545454545453
1954,Uruguay,Forward,25.7,26.954545454545453
1954,Uruguay,Goalkeeper,32.5,26.954545454545453
1954,Uruguay,Midfielder,27.833333333333332,26.954545454545453
1954,West Germany,Defender,27.333333333333332,28.045454545454547
1954,West Germany,Forward,27.285714285714285,28.045454545454547
1954,West Germany,Goalkeeper,29.0,28.045454545454547
1954,West Germany,Midfielder,29.166666666666668,28.045454545454547
1954,Yugoslavia,Defender,27.375,27.0
1954,Yugoslavia,Forward,26.142857142857142,27.0
1954,Yugoslavia,Goalkeeper,28.0,27.0
1954,Yugoslavia,Midfielder,27.2,27.0
1958,Argentina,Defender,28.25,28.181818181818183
1958,Argentina,Forward,27.1,28.181818181818183
1958,Argentina,Goalkeeper,33.0,28.181818181818183
1958,Argentina,Midfielder,28.5,28.181818181818183
1958,Austria,Defender,28.833333333333332,27.545454545454547
1958,Austria,Forward,25.77777777777778,27.545454545454547
1958,Austria,Goalkeeper,30.0,27.545454545454547
1958,Austria,Midfielder,27.75,27.545454545454547
1958,Brazil,Defender,27.714285714285715,25.954545454545453
1958,Brazil,Forward,23.5,25.954545454545453
1958,Brazil,Goalkeeper,29.5,25.954545454545453
1958,Brazil,Midfielder,26.0,25.954545454545453
1958,Czechoslovakia,Defender,25.666666666666668,25.545454545454547
1958,Czechoslovakia,Forward,24.75,25.545454545454547
1958,Czechoslovakia,Goalkeeper,28.0,25.545454545454547
1958,Czechoslovakia,Midfielder,25.2,25.545454545454547
1958,England,Defender,27.0,25.318181818181817
1958,England,Forward,25.428571428571427,25.318181818181817
1958,England,Goalkeeper,24.333333333333332,25.318181818181817
1958,England,Midfielder,24.428571428571427,25.318181818181817
1958,France,Defender,30.166666666666668,28.045454545454547
1958,France,Forward,25.0,28.045454545454547
1958,France,Goalkeeper,30.333333333333332,28.045454545454547
1958,France,Midfielder,27.857142857142858,28.045454545454547
1958,Hungary,Defender,27.5,27.227272727272727
1958,Hungary,Forward,26.88888888888889,27.227272727272727
1958,Hungary,Goalkeeper,28.5,27.227272727272727
1958,Hungary,Midfielder,27.0,27.227272727272727
1958,Mexico,Defender,26.857142857142858,26.904761904761905
1958,Mexico,Forward,26.571428571428573,26.904761904761905
1958,Mexico,Goalkeeper,29.0,26.904761904761905
1958,Mexico,Midfielder,26.0,26.904761904761905
1958,Northern Ireland,Defender,28.4,27.136363636363637
1958,Northern Ireland,Forward,26.636363636363637,27.136363636363637
1958,Northern Ireland,Goalkeeper,26.666666666666668,27.136363636363637
1958,Northern Ireland,Midfielder,27.333333333333332,27.136363636363637
1958,Paraguay,Defender,24.666666666666668,23.95
1958,Paraguay,Forward,22.9,23.95
1958,Paraguay,Goalkeeper,23.5,23.95
1958,Paraguay,Midfielder,27.5,23.95
1958,Scotland,Defender,29.0,25.727272727272727
1958,Scotland,Forward,21.7,25.727272727272727
1958,Scotland,Goalkeeper,27.5,25.727272727272727
1958,Scotland,Midfielder,30.333333333333332,25.727272727272727
1958,Soviet Union,Defender,27.166666666666668,26.681818181818183
1958,Soviet Union,Forward,26.1,26.681818181818183
1958,Soviet Union,Goalkeeper,25.333333333333332,26.681818181818183
1958,Soviet Union,Midfielder,29.0,26.681818181818183
1958,Sweden,Defender,29.6,29.5
1958,Sweden,Forward,29.285714285714285,29.5
1958,Sweden,Goalkeeper,31.333333333333332,29.5
1958,Sweden,Midfielder,28.857142857142858,29.5
1958,Wales,Defender,25.0,25.363636363636363
1958,Wales,Forward,25.625,25.363636363636363
1958,Wales,Goalkeeper,25.0,25.363636363636363
1958,Wales,Midfielder,25.5,25.363636363636363
1958,West Germany,Defender,26.833333333333332,27.40909090909091
1958,West Germany,Forward,28.0,27.40909090909091
1958,West Germany,Goalkeeper,29.333333333333332,27.40909090909091
1958,West Germany,Midfielder,26.571428571428573,27.40909090909091
1958,Yugoslavia,Defender,25.875,26.0
1958,Yugoslavia,Forward,25.285714285714285,26.0
1958,Yugoslavia,Goalkeeper,28.0,26.0
1958,Yugoslavia,Midfielder,26.0,26.0
1962,Argentina,Defender,25.5,25.954545454545453
1962,Argentina,Forward,24.875,25.954545454545453
1962,Argentina,Goalkeeper,30.0,25.954545454545453
1962,Argentina,Midfielder,27.0,25.954545454545453
1962,Brazil,Defender,29.5,28.136363636363637
1962,Brazil,Forward,25.125,28.136363636363637
1962,Brazil,Goalkeeper,33.5,28.136363636363637
1962,Brazil,Midfielder,28.75,28.136363636363637
1962,Bulgaria,Defender,25.6,25.318181818181817
1962,Bulgaria,Forward,26.285714285714285,25.318181818181817
1962,Bulgaria,Goalkeeper,26.333333333333332,25.318181818181817
1962,Bulgaria,Midfielder,23.714285714285715,25.318181818181817
1962,Chile,Defender,25.0,25.954545454545453
1962,Chile,Forward,25.25,25.954545454545453
1962,Chile,Goalkeeper,29.0,25.954545454545453
1962,Chile,Midfielder,26.142857142857142,25.954545454545453
1962,Colombia,Defender,26.714285714285715,26.227272727272727
1962,Colombia,Forward,24.88888888888889,26.227272727272727
1962,Colombia,Goalkeeper,32.0,26.227272727272727
1962,Colombia,Midfielder,25.5,26.227272727272727
1962,Czechoslovakia,Defender,28.142857142857142,26.272727272727273
1962,Czechoslovakia,Forward,25.22222222222222,26.272727272727273
1962,Czechoslovakia,Goalkeeper,25.666666666666668,26.272727272727273
1962,Czechoslovakia,Midfielder,25.666666666666668,26.272727272727273
1962,England,Defender,26.166666666666668,26.636363636363637
1962,England,Forward,25.666666666666668,26.636363636363637
1962,England,Goalkeeper,26.5,26.636363636363637
1962,England,Midfielder,27.75,26.636363636363637
1962,Hungary,Defender,25.142857142857142,25.59090909090909
1962,Hungary,Forward,25.875,25.59090909090909
1962,Hungary,Goalkeeper,29.333333333333332,25.59090909090909
1962,Hungary,Midfielder,23.0,25.59090909090909
1962,Italy,Defender,26.666666666666668,25.227272727272727
1962,Italy,Forward,25.285714285714285,25.227272727272727
1962,Italy,Goalkeeper,27.0,25.227272727272727
1962,Italy,Midfielder,22.833333333333332,25.227272727272727
1962,Mexico,Defender,27.2,26.714285714285715
1962,Mexico,Forward,25.6,26.714285714285715
1962,Mexico,Goalkeeper,29.666666666666668,26.714285714285715
1962,Mexico,Midfielder,26.0,26.714285714285715
1962,Soviet Union,Defender,25.666666666666668,25.818181818181817
1962,Soviet Union,Forward,25.833333333333332,25.818181818181817
1962,Soviet Union,Goalkeeper,28.333333333333332,25.818181818181817
1962,Soviet Union,Midfielder,24.857142857142858,25.818181818181817
1962,Spain,Defender,28.22222222222222,28.09090909090909
1962,Spain,Forward,30.333333333333332,28.09090909090909
1962,Spain,Goalkeeper,26.0,28.09090909090909
1962,Spain,Midfielder,26.0,28.09090909090909
1962,Switzerland,Defender,29.75,28.772727272727273
1962,Switzerland,Forward,27.666666666666668,28.772727272727273
1962,Switzerland,Goalkeeper,30.0,28.772727272727273
1962,Switzerland,Midfielder,27.8,28.772727272727273
1962,Uruguay,Defender,25.625,25.09090909090909
1962,Uruguay,Forward,25.8,25.09090909090909
1962,Uruguay,Goalkeeper,27.5,25.09090909090909
1962,Uruguay,Midfielder,23.285714285714285,25.09090909090909
1962,West Germany,Defender,25.571428571428573,26.0
1962,West Germany,Forward,27.0,26.0
1962,West Germany,Goalkeeper,26.0,26.0
1962,West Germany,Midfielder,25.5,26.0
1962,Yugoslavia,Defender,26.285714285714285,25.818181818181817
1962,Yugoslavia,Forward,25.2,25.818181818181817
1962,Yugoslavia,Goalkeeper,27.333333333333332,25.818181818181817
1962,Yugoslavia,Midfielder,25.142857142857142,25.818181818181817
1966,Argentina,Defender,26.2,26.681818181818183
1966,Argentina,Forward,25.285714285714285,26.681818181818183
1966,Argentina,Goalkeeper,28.0,26.681818181818183
1966,Argentina,Midfielder,27.857142857142858,26.681818181818183
1966,Brazil,Defender,28.5,26.681818181818183
1966,Brazil,Forward,24.5,26.681818181818183
1966,Brazil,Goalkeeper,32.5,26.681818181818183
1966,Brazil,Midfielder,24.5,26.681818181818183
1966,Bulgaria,Defender,25.285714285714285,26.772727272727273
1966,Bulgaria,Forward,28.6,26.772727272727273
1966,Bulgaria,Goalkeeper,28.0,26.772727272727273
1966,Bulgaria,Midfielder,26.428571428571427,26.772727272727273
1966,Chile,Defender,26.0,25.954545454545453
1966,Chile,Forward,24.0,25.954545454545453
1966,Chile,Goalkeeper,27.5,25.954545454545453
1966,Chile,Midfielder,26.75,25.954545454545453
1966,England,Defender,27.625,27.227272727272727
1966,England,Forward,26.5,27.227272727272727
1966,England,Goalkeeper,28.333333333333332,27.227272727272727
1966,England,Midfielder,26.714285714285715,27.227272727272727
1966,France,Defender,27.0,26.227272727272727
1966,France,Forward,25.666666666666668,26.227272727272727
1966,France,Goalkeeper,25.0,26.227272727272727
1966,France,Midfielder,26.4,26.227272727272727
1966,Hungary,Defender,27.857142857142858,26.5
1966,Hungary,Forward,25.428571428571427,26.5
1966,Hungary,Goalkeeper,25.666666666666668,26.5
1966,Hungary,Midfielder,26.6,26.5
1966,Italy,Defender,25.375,25.863636363636363
1966,Italy,Forward,25.0,25.863636363636363
1966,Italy,Goalkeeper,27.333333333333332,25.863636363636363
1966,Italy,Midfielder,26.125,25.863636363636363
1966,Mexico,Defender,26.5,25.636363636363637
1966,Mexico,Forward,23.833333333333332,25.636363636363637
1966,Mexico,Goalkeeper,28.333333333333332,25.636363636363637
1966,Mexico,Midfielder,25.285714285714285,25.636363636363637
1966,North Korea,Defender,23.714285714285715,22.863636363636363
1966,North Korea,Forward,22.833333333333332,22.863636363636363
1966,North Korea,Goalkeeper,22.5,22.863636363636363
1966,North Korea,Midfielder,22.142857142857142,22.863636363636363
1966,Portugal,Defender,28.666666666666668,27.5
1966,Portugal,Forward,25.6,27.5
1966,Portugal,Goalkeeper,32.333333333333336,27.5
1966,Portugal,Midfielder,26.0,27.5
1966,Soviet Union,Defender,26.22222222222222,26.227272727272727
1966,Soviet Union,Forward,22.5,26.227272727272727
1966,Soviet Union,Goalkeeper,30.333333333333332,26.227272727272727
1966,Soviet Union,Midfielder,26.666666666666668,26.227272727272727
1966,Spain,Defender,26.428571428571427,26.818181818181817
1966,Spain,Forward,29.0,26.818181818181817
1966,Spain,Goalkeeper,23.666666666666668,26.818181818181817
1966,Spain,Midfielder,27.0,26.818181818181817
1966,Switzerland,Defender,30.714285714285715,27.318181818181817
1966,Switzerland,Forward,23.8,27.318181818181817
1966,Switzerland,Goalkeeper,27.666666666666668,27.318181818181817
1966,Switzerland,Midfielder,26.285714285714285,27.318181818181817
1966,Uruguay,Defender,26.7,26.5
1966,Uruguay,Forward,26.25,26.5
1966,Uruguay,Goalkeeper,29.0,26.5
1966,Uruguay,Midfielder,24.8,26.5
1966,West Germany,Defender,24.555555555555557,25.59090909090909
1966,West Germany,Forward,26.142857142857142,25.59090909090909
1966,West Germany,Goalkeeper,26.666666666666668,25.59090909090909
1966,West Germany,Midfielder,26.333333333333332,25.59090909090909
1970,Belgium,Defender,25.4,26.272727272727273
1970,Belgium,Forward,26.333333333333332,26.272727272727273
1970,Belgium,Goalkeeper,27.0,26.272727272727273
1970,Belgium,Midfielder,26.5,26.272727272727273
1970,Brazil,Defender,25.125,25.045454545454547
1970,Brazil,Forward,25.25,25.045454545454547
1970,Brazil,Goalkeeper,26.0,25.045454545454547
1970,Brazil,Midfielder,24.428571428571427,25.045454545454547
1970,Bulgaria,Defender,27.625,26.40909090909091
1970,Bulgaria,Forward,25.333333333333332,26.40909090909091
1970,Bulgaria,Goalkeeper,24.333333333333332,26.40909090909091
1970,Bulgaria,Midfielder,27.0,26.40909090909091
1970,Czechoslovakia,Defender,26.285714285714285,25.59090909090909
1970,Czechoslovakia,Forward,25.5,25.59090909090909
1970,Czechoslovakia,Goalkeeper,26.666666666666668,25.59090909090909
1970,Czechoslovakia,Midfielder,24.333333333333332,25.59090909090909
1970,El Salvador,Defender,27.166666666666668,25.59090909090909
1970,El Salvador,Forward,24.833333333333332,25.59090909090909
1970,El Salvador,Goalkeeper,27.666666666666668,25.59090909090909
1970,El Salvador,Midfielder,24.0,25.59090909090909
1970,England,Defender,28.75,27.772727272727273
1970,England,Forward,26.0,27.772727272727273
1970,England,Goalkeeper,30.0,27.772727272727273
1970,England,Midfielder,26.833333333333332,27.772727272727273
1970,Israel,Defender,23.5,24.818181818181817
1970,Israel,Forward,24.666666666666668,24.818181818181817
1970,Israel,Goalkeeper,27.666666666666668,24.818181818181817
1970,Israel,Midfielder,24.857142857142858,24.818181818181817
1970,Italy,Defender,28.125,27.363636363636363
1970,Italy,Forward,26.0,27.363636363636363
1970,Italy,Goalkeeper,30.0,27.363636363636363
1970,Italy,Midfielder,26.166666666666668,27.363636363636363
1970,Mexico,Defender,26.571428571428573,27.0
1970,Mexico,Forward,26.4,27.0
1970,Mexico,Goalkeeper,27.0,27.0
1970,Mexico,Midfielder,27.857142857142858,27.0
1970,Morocco,Defender,25.833333333333332,25.210526315789473
1970,Morocco,Forward,24.0,25.210526315789473
1970,Morocco,Goalkeeper,27.333333333333332,25.210526315789473
1970,Morocco,Midfielder,24.333333333333332,25.210526315789473
1970,Peru,Defender,28.666666666666668,26.454545454545453
1970,Peru,Forward,24.0,26.454545454545453
1970,Peru,Goalkeeper,27.333333333333332,26.454545454545453
1970,Peru,Midfielder,26.0,26.454545454545453
1970,Romania,Defender,26.75,25.5
1970,Romania,Forward,24.4,25.5
1970,Romania,Goalkeeper,26.333333333333332,25.5
1970,Romania,Midfielder,24.333333333333332,25.5
1970,Soviet Union,Defender,26.714285714285715,27.045454545454547
1970,Soviet Union,Forward,25.666666666666668,27.045454545454547
1970,Soviet Union,Goalkeeper,31.0,27.045454545454547
1970,Soviet Union,Midfielder,26.833333333333332,27.045454545454547
1970,Sweden,Defender,27.142857142857142,26.681818181818183
1970,Sweden,Forward,26.0,26.681818181818183
1970,Sweden,Goalkeeper,27.0,26.681818181818183
1970,Sweden,Midfielder,26.4,26.681818181818183
1970,Uruguay,Defender,26.875,25.954545454545453
1970,Uruguay,Forward,24.2,25.954545454545453
1970,Uruguay,Goalkeeper,24.0,25.954545454545453
1970,Uruguay,Midfielder,27.166666666666668,25.954545454545453
1970,West Germany,Defender,27.333333333333332,27.863636363636363
1970,West Germany,Forward,28.428571428571427,27.863636363636363
1970,West Germany,Goalkeeper,28.0,27.863636363636363
1970,West Germany,Midfielder,28.0,27.863636363636363
1974,Argentina,Defender,27.0,26.772727272727273
1974,Argentina,Forward,26.0,26.772727272727273
1974,Argentina,Goalkeeper,28.0,26.772727272727273
1974,Argentina,Midfielder,26.571428571428573,26.772727272727273
1974,Australia,Defender,28.0,27.5
1974,Australia,Forward,26.0,27.5
1974,Australia,Goalkeeper,25.333333333333332,27.5
1974,Australia,Midfielder,28.625,27.5
1974,Brazil,Defender,24.857142857142858,26.09090909090909
1974,Brazil,Forward,26.0,26.09090909090909
1974,Brazil,Goalkeeper,26.0,26.09090909090909
1974,Brazil,Midfielder,27.25,26.09090909090909
1974,Bulgaria,Defender,27.833333333333332,26.09090909090909
1974,Bulgaria,Forward,25.285714285714285,26.09090909090909
1974,Bulgaria,Goalkeeper,25.666666666666668,26.09090909090909
1974,Bulgaria,Midfielder,25.5,26.09090909090909
1974,Chile,Defender,27.25,27.772727272727273
1974,Chile,Forward,27.4,27.772727272727273
1974,Chile,Goalkeeper,30.333333333333332,27.772727272727273
1974,Chile,Midfielder,27.5,27.772727272727273
1974,East Germany,Defender,25.0,26.5
1974,East Germany,Forward,27.0,26.5
1974,East Germany,Goalkeeper,29.666666666666668,26.5
1974,East Germany,Midfielder,26.0,26.5
1974,Haiti,Defender,25.25,26.227272727272727
1974,Haiti,Forward,27.0,26.227272727272727
1974,Haiti,Goalkeeper,26.0,26.227272727272727
1974,Haiti,Midfielder,27.0,26.227272727272727
1974,Italy,Defender,28.75,28.863636363636363
1974,Italy,Forward,27.6,28.863636363636363
1974,Italy,Goalkeeper,32.0,28.863636363636363
1974,Italy,Midfielder,28.5,28.863636363636363
1974,Netherlands,Defender,27.875,27.227272727272727
1974,Netherlands,Forward,27.0,27.227272727272727
1974,Netherlands,Goalkeeper,30.0,27.227272727272727
1974,Netherlands,Midfielder,25.625,27.227272727272727
1974,Poland,Defender,23.666666666666668,24.772727272727273
1974,Poland,Forward,25.0,24.772727272727273
1974,Poland,Goalkeeper,24.333333333333332,24.772727272727273
1974,Poland,Midfielder,25.833333333333332,24.772727272727273
1974,Scotland,Defender,24.25,26.318181818181817
1974,Scotland,Forward,27.6,26.318181818181817
1974,Scotland,Goalkeeper,24.666666666666668,26.318181818181817
1974,Scotland,Midfielder,28.833333333333332,26.318181818181817
1974,Sweden,Defender,28.5,27.954545454545453
1974,Sweden,Forward,25.0,27.954545454545453
1974,Sweden,Goalkeeper,28.666666666666668,27.954545454545453
1974,Sweden,Midfielder,28.0,27.954545454545453
1974,Uruguay,Defender,28.625,26.818181818181817
1974,Uruguay,Forward,23.4,26.818181818181817
1974,Uruguay,Goalkeeper,27.0,26.818181818181817
1974,Uruguay,Midfielder,27.166666666666668,26.818181818181817
1974,West Germany,Defender,26.714285714285715,27.318181818181817
1974,West Germany,Forward,27.6,27.318181818181817
1974,West Germany,Goalkeeper,28.0,27.318181818181817
1974,West Germany,Midfielder,27.428571428571427,27.318181818181817
1974,Yugoslavia,Defender,26.6,25.772727272727273
1974,Yugoslavia,Forward,27.6,25.772727272727273
1974,Yugoslavia,Goalkeeper,26.333333333333332,25.772727272727273
1974,Yugoslavia,Midfielder,24.11111111111111,25.772727272727273
1974,Zaire,Defender,25.0,26.045454545454547
1974,Zaire,Forward,25.2,26.045454545454547
1974,Zaire,Goalkeeper,26.333333333333332,26.045454545454547
1974,Zaire,Midfielder,27.25,26.045454545454547
1978,Argentina,Defender,27.0,26.272727272727273
1978,Argentina,Forward,25.25,26.272727272727273
1978,Argentina,Goalkeeper,27.333333333333332,26.272727272727273
1978,Argentina,Midfielder,25.88888888888889,26.272727272727273
1978,Austria,Defender,26.857142857142858,26.727272727272727
1978,Austria,Forward,26.2,26.727272727272727
1978,Austria,Goalkeeper,26.333333333333332,26.727272727272727
1978,Austria,Midfielder,27.142857142857142,26.727272727272727
1978,Brazil,Defender,25.875,25.5
1978,Brazil,Forward,23.6,25.5
1978,Brazil,Goalkeeper,26.0,25.5
1978,Brazil,Midfielder,26.333333333333332,25.5
1978,France,Defender,25.571428571428573,26.454545454545453
1978,France,Forward,25.75,26.454545454545453
1978,France,Goalkeeper,28.0,26.454545454545453
1978,France,Midfielder,27.0,26.454545454545453
1978,Hungary,Defender,27.142857142857142,27.045454545454547
1978,Hungary,Forward,27.166666666666668,27.045454545454547
1978,Hungary,Goalkeeper,27.333333333333332,27.045454545454547
1978,Hungary,Midfielder,26.666666666666668,27.045454545454547
1978,Iran,Defender,26.0,25.636363636363637
1978,Iran,Forward,23.571428571428573,25.636363636363637
1978,Iran,Goalkeeper,27.333333333333332,25.636363636363637
1978,Iran,Midfielder,26.833333333333332,25.636363636363637
1978,Italy,Defender,25.0,26.545454545454547
1978,Italy,Forward,26.0,26.545454545454547
1978,Italy,Goalkeeper,30.333333333333332,26.545454545454547
1978,Italy,Midfielder,26.75,26.545454545454547
1978,Mexico,Defender,26.0,24.454545454545453
1978,Mexico,Forward,22.333333333333332,24.454545454545453
1978,Mexico,Goalkeeper,24.5,24.454545454545453
1978,Mexico,Midfielder,24.5,24.454545454545453
1978,Netherlands,Defender,26.555555555555557,28.40909090909091
1978,Netherlands,Forward,28.5,28.40909090909091
1978,Netherlands,Goalkeeper,35.0,28.40909090909091
1978,Netherlands,Midfielder,27.833333333333332,28.40909090909091
1978,Peru,Defender,27.5,27.09090909090909
1978,Peru,Forward,26.8,27.09090909090909
1978,Peru,Goalkeeper,30.0,27.09090909090909
1978,Peru,Midfielder,25.875,27.09090909090909
1978,Poland,Defender,25.875,26.318181818181817
1978,Poland,Forward,26.0,26.318181818181817
1978,Poland,Goalkeeper,27.666666666666668,26.318181818181817
1978,Poland,Midfielder,26.5,26.318181818181817
1978,Scotland,Defender,27.285714285714285,28.0
1978,Scotland,Forward,27.166666666666668,28.0
1978,Scotland,Goalkeeper,27.666666666666668,28.0
1978,Scotland,Midfielder,29.833333333333332,28.0
1978,Spain,Defender,27.375,27.363636363636363
1978,Spain,Forward,27.166666666666668,27.363636363636363
1978,Spain,Goalkeeper,27.0,27.363636363636363
1978,Spain,Midfielder,27.8,27.363636363636363
1978,Sweden,Defender,27.428571428571427,27.40909090909091
1978,Sweden,Forward,26.0,27.40909090909091
1978,Sweden,Goalkeeper,28.333333333333332,27.40909090909091
1978,Sweden,Midfielder,28.0,27.40909090909091
1978,Tunisia,Defender,24.333333333333332,25.818181818181817
1978,Tunisia,Forward,26.125,25.818181818181817
1978,Tunisia,Goalkeeper,28.0,25.818181818181817
1978,Tunisia,Midfielder,25.8,25.818181818181817
1978,West Germany,Defender,28.6,27.454545454545453
1978,West Germany,Forward,25.571428571428573,27.454545454545453
1978,West Germany,Goalkeeper,29.333333333333332,27.454545454545453
1978,West Germany,Midfielder,27.714285714285715,27.454545454545453
1982,Algeria,Defender,27.166666666666668,26.818181818181817
1982,Algeria,Forward,26.833333333333332,26.818181818181817
1982,Algeria,Goalkeeper,26.333333333333332,26.818181818181817
1982,Algeria,Midfielder,26.714285714285715,26.818181818181817
1982,Argentina,Defender,28.714285714285715,27.363636363636363
1982,Argentina,Forward,26.166666666666668,27.363636363636363
1982,Argentina,Goalkeeper,29.666666666666668,27.363636363636363
1982,Argentina,Midfielder,25.833333333333332,27.363636363636363
1982,Austria,Defender,25.625,27.045454545454547
1982,Austria,Forward,27.0,27.045454545454547
1982,Austria,Goalkeeper,29.0,27.045454545454547
1982,Austria,Midfielder,28.0,27.045454545454547
1982,Belgium,Defender,28.142857142857142,27.772727272727273
1982,Belgium,Forward,24.25,27.772727272727273
1982,Belgium,Goalkeeper,29.0,27.772727272727273
1982,Belgium,Midfielder,28.75,27.772727272727273
1982,Brazil,Defender,25.375,27.0
1982,Brazil,Forward,27.333333333333332,27.0
1982,Brazil,Goalkeeper,28.333333333333332,27.0
1982,Brazil,Midfielder,28.0,27.0
1982,Cameroon,Defender,28.285714285714285,27.363636363636363
1982,Cameroon,Forward,25.0,27.363636363636363
1982,Cameroon,Goalkeeper,28.333333333333332,27.363636363636363
1982,Cameroon,Midfielder,27.714285714285715,27.363636363636363
1982,Chile,Defender,29.25,28.136363636363637
1982,Chile,Forward,26.8,28.136363636363637
1982,Chile,Goalkeeper,28.0,28.136363636363637
1982,Chile,Midfielder,27.833333333333332,28.136363636363637
1982,Czechoslovakia,Defender,28.428571428571427,28.181818181818183
1982,Czechoslovakia,Forward,27.666666666666668,28.181818181818183
1982,Czechoslovakia,Goalkeeper,27.333333333333332,28.181818181818183
1982,Czechoslovakia,Midfielder,28.833333333333332,28.181818181818183
1982,El Salvador,Defender,28.142857142857142,26.55
1982,El Salvador,Forward,25.2,26.55
1982,El Salvador,Goalkeeper,22.666666666666668,26.55
1982,El Salvador,Midfielder,28.0,26.55
1982,England,Defender,27.285714285714285,28.681818181818183
1982,England,Forward,29.2,28.681818181818183
1982,England,Goalkeeper,33.666666666666664,28.681818181818183
1982,England,Midfielder,27.571428571428573,28.681818181818183
1982,France,Defender,26.857142857142858,27.0
1982,France,Forward,25.5,27.0
1982,France,Goalkeeper,29.0,27.0
1982,France,Midfielder,27.125,27.0
1982,Honduras,Defender,29.571428571428573,27.545454545454547
1982,Honduras,Forward,25.8,27.545454545454547
1982,Honduras,Goalkeeper,31.0,27.545454545454547
1982,Honduras,Midfielder,25.285714285714285,27.545454545454547
1982,Hungary,Defender,28.0,28.09090909090909
1982,Hungary,Forward,27.142857142857142,28.09090909090909
1982,Hungary,Goalkeeper,28.666666666666668,28.09090909090909
1982,Hungary,Midfielder,30.0,28.09090909090909
1982,Italy,Defender,24.571428571428573,27.318181818181817
1982,Italy,Forward,26.6,27.318181818181817
1982,Italy,Goalkeeper,31.666666666666668,27.318181818181817
1982,Italy,Midfielder,28.714285714285715,27.318181818181817
1982,Kuwait,Defender,24.125,25.0
1982,Kuwait,Forward,24.714285714285715,25.0
1982,Kuwait,Goalkeeper,28.0,25.0
1982,Kuwait,Midfielder,25.0,25.0
1982,New Zealand,Defender,29.0,26.545454545454547
1982,New Zealand,Forward,23.5,26.545454545454547
1982,New Zealand,Goalkeeper,25.333333333333332,26.545454545454547
1982,New Zealand,Midfielder,25.444444444444443,26.545454545454547
1982,Northern Ireland,Defender,28.5,27.636363636363637
1982,Northern Ireland,Forward,26.4,27.636363636363637
1982,Northern Ireland,Goalkeeper,31.0,27.636363636363637
1982,Northern Ireland,Midfielder,26.5,27.636363636363637
1982,Peru,Defender,27.6,28.045454545454547
1982,Peru,Forward,28.0,28.045454545454547
1982,Peru,Goalkeeper,30.0,28.045454545454547
1982,Peru,Midfielder,27.7,28.045454545454547
1982,Poland,Defender,25.666666666666668,26.0
1982,Poland,Forward,27.6,26.0
1982,Poland,Goalkeeper,27.666666666666668,26.0
1982,Poland,Midfielder,24.0,26.0
1982,Scotland,Defender,26.875,27.40909090909091
1982,Scotland,Forward,27.428571428571427,27.40909090909091
1982,Scotland,Goalkeeper,28.333333333333332,27.40909090909091
1982,Scotland,Midfielder,27.75,27.40909090909091
1982,Soviet Union,Defender,25.0,25.59090909090909
1982,Soviet Union,Forward,25.25,25.59090909090909
1982,Soviet Union,Goalkeeper,26.333333333333332,25.59090909090909
1982,Soviet Union,Midfielder,26.333333333333332,25.59090909090909
1982,Spain,Defender,24.857142857142858,26.954545454545453
1982,Spain,Forward,27.833333333333332,26.954545454545453
1982,Spain,Goalkeeper,31.0,26.954545454545453
1982,Spain,Midfielder,26.5,26.954545454545453
1982,West Germany,Defender,26.625,26.59090909090909
1982,West Germany,Forward,28.2,26.59090909090909
1982,West Germany,Goalkeeper,28.0,26.59090909090909
1982,West Germany,Midfielder,24.5,26.59090909090909
1982,Yugoslavia,Defender,25.857142857142858,26.454545454545453
1982,Yugoslavia,Forward,24.8,26.454545454545453
1982,Yugoslavia,Goalkeeper,28.0,26.454545454545453
1982,Yugoslavia,Midfielder,27.571428571428573,26.454545454545453
1986,Algeria,Defender,29.0,28.272727272727273
1986,Algeria,Forward,29.166666666666668,28.272727272727273
1986,Algeria,Goalkeeper,27.0,28.272727272727273
1986,Algeria,Midfielder,27.166666666666668,28.272727272727273
1986,Argentina,Defender,27.714285714285715,27.045454545454547
1986,Argentina,Forward,28.333333333333332,27.045454545454547
1986,Argentina,Goalkeeper,26.333333333333332,27.045454545454547
1986,Argentina,Midfielder,26.333333333333332,27.045454545454547
1986,Belgium,Defender,28.428571428571427,27.5
1986,Belgium,Forward,27.25,27.5
1986,Belgium,Goalkeeper,29.0,27.5
1986,Belgium,Midfielder,26.25,27.5
1986,Brazil,Defender,27.125,27.136363636363637
1986,Brazil,Forward,23.25,27.136363636363637
1986,Brazil,Goalkeeper,32.0,27.136363636363637
1986,Brazil,Midfielder,27.285714285714285,27.136363636363637
1986,Bulgaria,Defender,26.6,26.318181818181817
1986,Bulgaria,Forward,27.0,26.318181818181817
1986,Bulgaria,Goalkeeper,24.0,26.318181818181817
1986,Bulgaria,Midfielder,26.125,26.318181818181817
1986,Canada,Defender,27.142857142857142,26.09090909090909
1986,Canada,Forward,27.2,26.09090909090909
1986,Canada,Goalkeeper,24.666666666666668,26.09090909090909
1986,Canada,Midfielder,24.857142857142858,26.09090909090909
1986,Denmark,Defender,28.5,28.045454545454547
1986,Denmark,Forward,29.0,28.045454545454547
1986,Denmark,Goalkeeper,29.333333333333332,28.045454545454547
1986,Denmark,Midfielder,26.625,28.045454545454547
1986,England,Defender,26.857142857142858,27.045454545454547
1986,England,Forward,25.25,27.045454545454547
1986,England,Goalkeeper,30.666666666666668,27.045454545454547
1986,England,Midfielder,26.75,27.045454545454547
1986,France,Defender,27.285714285714285,27.90909090909091
1986,France,Forward,24.75,27.90909090909091
1986,France,Goalkeeper,31.333333333333332,27.90909090909091
1986,France,Midfielder,28.75,27.90909090909091
1986,Hungary,Defender,27.666666666666668,27.181818181818183
1986,Hungary,Forward,25.25,27.181818181818183
1986,Hungary,Goalkeeper,29.333333333333332,27.181818181818183
1986,Hungary,Midfielder,26.666666666666668,27.181818181818183
1986,Iraq,Defender,26.285714285714285,26.545454545454547
1986,Iraq,Forward,26.0,26.545454545454547
1986,Iraq,Goalkeeper,29.666666666666668,26.545454545454547
1986,Iraq,Midfielder,25.857142857142858,26.545454545454547
1986,Italy,Defender,27.571428571428573,27.636363636363637
1986,Italy,Forward,26.4,27.636363636363637
1986,Italy,Goalkeeper,28.333333333333332,27.636363636363637
1986,Italy,Midfielder,28.285714285714285,27.636363636363637
1986,Mexico,Defender,27.166666666666668,26.636363636363637
1986,Mexico,Forward,24.8,26.636363636363637
1986,Mexico,Goalkeeper,27.333333333333332,26.636363636363637
1986,Mexico,Midfielder,27.125,26.636363636363637
1986,Morocco,Defender,27.166666666666668,26.636363636363637
1986,Morocco,Forward,26.5,26.636363636363637
1986,Morocco,Goalkeeper,27.333333333333332,26.636363636363637
1986,Morocco,Midfielder,26.11111111111111,26.636363636363637
1986,Northern Ireland,Defender,27.666666666666668,27.181818181818183
1986,Northern Ireland,Forward,27.166666666666668,27.181818181818183
1986,Northern Ireland,Goalkeeper,32.333333333333336,27.181818181818183
1986,Northern Ireland,Midfielder,24.571428571428573,27.181818181818183
1986,Paraguay,Defender,26.833333333333332,26.90909090909091
1986,Paraguay,Forward,26.857142857142858,26.90909090909091
1986,Paraguay,Goalkeeper,28.666666666666668,26.90909090909091
1986,Paraguay,Midfielder,26.166666666666668,26.90909090909091
1986,Poland,Defender,27.714285714285715,26.90909090909091
1986,Poland,Forward,26.0,26.90909090909091
1986,Poland,Goalkeeper,27.666666666666668,26.90909090909091
1986,Poland,Midfielder,26.5,26.90909090909091
1986,Portugal,Defender,26.444444444444443,28.045454545454547
1986,Portugal,Forward,25.333333333333332,28.045454545454547
1986,Portugal,Goalkeeper,36.333333333333336,28.045454545454547
1986,Portugal,Midfielder,27.714285714285715,28.045454545454547
1986,Scotland,Defender,27.25,27.727272727272727
1986,Scotland,Forward,28.0,27.727272727272727
1986,Scotland,Goalkeeper,28.333333333333332,27.727272727272727
1986,Scotland,Midfielder,27.8,27.727272727272727
1986,South Korea,Defender,25.857142857142858,26.181818181818183
1986,South Korea,Forward,25.666666666666668,26.181818181818183
1986,South Korea,Goalkeeper,27.0,26.181818181818183
1986,South Korea,Midfielder,26.714285714285715,26.181818181818183
1986,Soviet Union,Defender,27.571428571428573,26.40909090909091
1986,Soviet Union,Forward,26.666666666666668,26.40909090909091
1986,Soviet Union,Goalkeeper,27.333333333333332,26.40909090909091
1986,Soviet Union,Midfielder,25.11111111111111,26.40909090909091
1986,Spain,Defender,28.285714285714285,26.863636363636363
1986,Spain,Forward,24.5,26.863636363636363
1986,Spain,Goalkeeper,27.333333333333332,26.863636363636363
1986,Spain,Midfielder,26.625,26.863636363636363
1986,Uruguay,Defender,27.0,26.727272727272727
1986,Uruguay,Forward,26.2,26.727272727272727
1986,Uruguay,Goalkeeper,28.333333333333332,26.727272727272727
1986,Uruguay,Midfielder,26.142857142857142,26.727272727272727
1986,West Germany,Defender,28.875,28.40909090909091
1986,West Germany,Forward,30.0,28.40909090909091
1986,West Germany,Goalkeeper,30.0,28.40909090909091
1986,West Germany,Midfielder,26.285714285714285,28.40909090909091
1990,Argentina,Defender,27.555555555555557,27.636363636363637
1990,Argentina,Forward,25.75,27.636363636363637
1990,Argentina,Goalkeeper,28.333333333333332,27.636363636363637
1990,Argentina,Midfielder,28.666666666666668,27.636363636363637
1990,Austria,Defender,24.428571428571427,25.363636363636363
1990,Austria,Forward,26.5,25.363636363636363
1990,Austria,Goalkeeper,29.0,25.363636363636363
1990,Austria,Midfielder,24.25,25.363636363636363
1990,Belgium,Defender,28.555555555555557,27.272727272727273
1990,Belgium,Forward,26.333333333333332,27.272727272727273
1990,Belgium,Goalkeeper,28.333333333333332,27.272727272727273
1990,Belgium,Midfielder,25.571428571428573,27.272727272727273
1990,Brazil,Defender,26.75,26.772727272727273
1990,Brazil,Forward,26.4,26.772727272727273
1990,Brazil,Goalkeeper,27.666666666666668,26.772727272727273
1990,Brazil,Midfielder,26.666666666666668,26.772727272727273
1990,Cameroon,Defender,26.5,27.272727272727273
1990,Cameroon,Forward,30.25,27.272727272727273
1990,Cameroon,Goalkeeper,32.0,27.272727272727273
1990,Cameroon,Midfielder,24.428571428571427,27.272727272727273
1990,Colombia,Defender,25.77777777777778,26.454545454545453
1990,Colombia,Forward,27.5,26.454545454545453
1990,Colombia,Goalkeeper,23.5,26.454545454545453
1990,Colombia,Midfielder,27.571428571428573,26.454545454545453
1990,Costa Rica,Defender,26.0,26.727272727272727
1990,Costa Rica,Forward,27.5,26.727272727272727
1990,Costa Rica,Goalkeeper,27.666666666666668,26.727272727272727
1990,Costa Rica,Midfielder,26.88888888888889,26.727272727272727
1990,Czechoslovakia,Defender,29.333333333333332,27.636363636363637
1990,Czechoslovakia,Forward,27.4,27.636363636363637
1990,Czechoslovakia,Goalkeeper,29.666666666666668,27.636363636363637
1990,Czechoslovakia,Midfielder,25.75,27.636363636363637
1990,Egypt,Defender,25.333333333333332,27.318181818181817
1990,Egypt,Forward,25.0,27.318181818181817
1990,Egypt,Goalkeeper,30.333333333333332,27.318181818181817
1990,Egypt,Midfielder,28.666666666666668,27.318181818181817
1990,England,Defender,27.142857142857142,28.227272727272727
1990,England,Forward,28.0,28.227272727272727
1990,England,Goalkeeper,33.0,28.227272727272727
1990,England,Midfielder,27.555555555555557,28.227272727272727
1990,Italy,Defender,27.0,27.0
1990,Italy,Forward,26.666666666666668,27.0
1990,Italy,Goalkeeper,29.0,27.0
1990,Italy,Midfielder,26.333333333333332,27.0
1990,Netherlands,Defender,28.5,27.363636363636363
1990,Netherlands,Forward,25.5,27.363636363636363
1990,Netherlands,Goalkeeper,31.0,27.363636363636363
1990,Netherlands,Midfielder,26.428571428571427,27.363636363636363
1990,Republic of Ireland,Defender,29.714285714285715,29.0
1990,Republic of Ireland,Forward,28.857142857142858,29.0
1990,Republic of Ireland,Goalkeeper,32.0,29.0
1990,Republic of Ireland,Midfielder,27.333333333333332,29.0
1990,Romania,Defender,27.833333333333332,26.09090909090909
1990,Romania,Forward,25.2,26.09090909090909
1990,Romania,Goalkeeper,29.333333333333332,26.09090909090909
1990,Romania,Midfielder,24.125,26.09090909090909
1990,Scotland,Defender,28.625,27.681818181818183
1990,Scotland,Forward,26.4,27.681818181818183
1990,Scotland,Goalkeeper,28.333333333333332,27.681818181818183
1990,Scotland,Midfielder,27.166666666666668,27.681818181818183
1990,South Korea,Defender,27.75,27.318181818181817
1990,South Korea,Forward,27.8,27.318181818181817
1990,South Korea,Goalkeeper,28.666666666666668,27.318181818181817
1990,South Korea,Midfielder,25.666666666666668,27.318181818181817
1990,Soviet Union,Defender,29.0,28.227272727272727
1990,Soviet Union,Forward,25.666666666666668,28.227272727272727
1990,Soviet Union,Goalkeeper,31.333333333333332,28.227272727272727
1990,Soviet Union,Midfielder,27.444444444444443,28.227272727272727
1990,Spain,Defender,25.875,26.272727272727273
1990,Spain,Forward,26.25,26.272727272727273
1990,Spain,Goalkeeper,28.333333333333332,26.272727272727273
1990,Spain,Midfielder,25.857142857142858,26.272727272727273
1990,Sweden,Defender,26.833333333333332,25.59090909090909
1990,Sweden,Forward,25.0,25.59090909090909
1990,Sweden,Goalkeeper,27.666666666666668,25.59090909090909
1990,Sweden,Midfielder,24.333333333333332,25.59090909090909
1990,United Arab Emirates,Defender,24.625,25.5
1990,United Arab Emirates,Forward,24.6,25.5
1990,United Arab Emirates,Goalkeeper,28.666666666666668,25.5
1990,United Arab Emirates,Midfielder,25.833333333333332,25.5
1990,United States,Defender,25.22222222222222,24.136363636363637
1990,United States,Forward,23.8,24.136363636363637
1990,United States,Goalkeeper,23.0,24.136363636363637
1990,United States,Midfielder,23.2,24.136363636363637
1990,Uruguay,Defender,27.833333333333332,27.181818181818183
1990,Uruguay,Forward,25.2,27.181818181818183
1990,Uruguay,Goalkeeper,31.666666666666668,27.181818181818183
1990,Uruguay,Midfielder,26.25,27.181818181818183
1990,West Germany,Defender,28.75,27.772727272727273
1990,West Germany,Forward,28.25,27.772727272727273
1990,West Germany,Goalkeeper,26.0,27.772727272727273
1990,West Germany,Midfielder,27.142857142857142,27.772727272727273
1990,Yugoslavia,Defender,27.571428571428573,26.363636363636363
1990,Yugoslavia,Forward,24.75,26.363636363636363
1990,Yugoslavia,Goalkeeper,27.333333333333332,26.363636363636363
1990,Yugoslavia,Midfielder,25.75,26.363636363636363
1994,Argentina,Defender,28.285714285714285,27.863636363636363
1994,Argentina,Forward,27.0,27.863636363636363
1994,Argentina,Goalkeeper,31.0,27.863636363636363
1994,Argentina,Midfielder,26.75,27.863636363636363
1994,Belgium,Defender,29.11111111111111,29.363636363636363
1994,Belgium,Forward,30.0,29.363636363636363
1994,Belgium,Goalkeeper,32.0,29.363636363636363
1994,Belgium,Midfielder,28.0,29.363636363636363
1994,Bolivia,Defender,25.142857142857142,27.59090909090909
1994,Bolivia,Forward,26.666666666666668,27.59090909090909
1994,Bolivia,Goalkeeper,31.0,27.59090909090909
1994,Bolivia,Midfielder,28.666666666666668,27.59090909090909
1994,Brazil,Defender,28.375,27.772727272727273
1994,Brazil,Forward,25.8,27.772727272727273
1994,Brazil,Goalkeeper,30.666666666666668,27.772727272727273
1994,Brazil,Midfielder,27.166666666666668,27.772727272727273
1994,Bulgaria,Defender,27.5,28.227272727272727
1994,Bulgaria,Forward,28.285714285714285,28.227272727272727
1994,Bulgaria,Goalkeeper,32.0,28.227272727272727
1994,Bulgaria,Midfielder,27.714285714285715,28.227272727272727
1994,Cameroon,Defender,25.571428571428573,27.59090909090909
1994,Cameroon,Forward,27.4,27.59090909090909
1994,Cameroon,Goalkeeper,36.0,27.59090909090909
1994,Cameroon,Midfielder,26.142857142857142,27.59090909090909
1994,Colombia,Defender,28.857142857142858,27.5
1994,Colombia,Forward,25.6,27.5
1994,Colombia,Goalkeeper,25.666666666666668,27.5
1994,Colombia,Midfielder,28.285714285714285,27.5
1994,Germany,Defender,30.714285714285715,29.09090909090909
1994,Germany,Forward,30.8,29.09090909090909
1994,Germany,Goalkeeper,28.0,29.09090909090909
1994,Germany,Midfielder,26.714285714285715,29.09090909090909
1994,Greece,Defender,29.285714285714285,28.954545454545453
1994,Greece,Forward,24.25,28.954545454545453
1994,Greece,Goalkeeper,28.666666666666668,28.954545454545453
1994,Greece,Midfielder,31.125,28.954545454545453
1994,Italy,Defender,29.125,27.863636363636363
1994,Italy,Forward,27.8,27.863636363636363
1994,Italy,Goalkeeper,27.0,27.863636363636363
1994,Italy,Midfielder,26.666666666666668,27.863636363636363
1994,Mexico,Defender,27.2,28.227272727272727
1994,Mexico,Forward,28.833333333333332,28.227272727272727
1994,Mexico,Goalkeeper,29.0,28.227272727272727
1994,Mexico,Midfielder,28.125,28.227272727272727
1994,Morocco,Defender,25.285714285714285,26.59090909090909
1994,Morocco,Forward,28.2,26.59090909090909
1994,Morocco,Goalkeeper,29.333333333333332,26.59090909090909
1994,Morocco,Midfielder,25.571428571428573,26.59090909090909
1994,Netherlands,Defender,28.428571428571427,27.454545454545453
1994,Netherlands,Forward,25.6,27.454545454545453
1994,Netherlands,Goalkeeper,27.666666666666668,27.454545454545453
1994,Netherlands,Midfielder,27.714285714285715,27.454545454545453
1994,Nigeria,Defender,28.125,26.227272727272727
1994,Nigeria,Forward,25.6,26.227272727272727
1994,Nigeria,Goalkeeper,28.666666666666668,26.227272727272727
1994,Nigeria,Midfielder,23.0,26.227272727272727
1994,Norway,Defender,26.444444444444443,27.09090909090909
1994,Norway,Forward,27.75,27.09090909090909
1994,Norway,Goalkeeper,32.0,27.09090909090909
1994,Norway,Midfielder,25.166666666666668,27.09090909090909
1994,Republic of Ireland,Defender,28.125,29.181818181818183
1994,Republic of Ireland,Forward,31.6,29.181818181818183
1994,Republic of Ireland,Goalkeeper,30.0,29.181818181818183
1994,Republic of Ireland,Midfielder,28.428571428571427,29.181818181818183
1994,Romania,Defender,25.714285714285715,25.227272727272727
1994,Romania,Forward,24.4,25.227272727272727
1994,Romania,Goalkeeper,25.666666666666668,25.227272727272727
1994,Romania,Midfielder,25.142857142857142,25.227272727272727
1994,Russia,Defender,27.428571428571427,26.40909090909091
1994,Russia,Forward,23.5,26.40909090909091
1994,Russia,Goalkeeper,28.5,26.40909090909091
1994,Russia,Midfielder,26.444444444444443,26.40909090909091
1994,Saudi Arabia,Defender,25.0,24.454545454545453
1994,Saudi Arabia,Forward,24.8,24.454545454545453
1994,Saudi Arabia,Goalkeeper,21.666666666666668,24.454545454545453
1994,Saudi Arabia,Midfielder,24.833333333333332,24.454545454545453
1994,South Korea,Defender,28.0,26.954545454545453
1994,South Korea,Forward,26.0,26.954545454545453
1994,South Korea,Goalkeeper,27.333333333333332,26.954545454545453
1994,South Korea,Midfielder,26.125,26.954545454545453
1994,Spain,Defender,26.0,26.727272727272727
1994,Spain,Forward,28.5,26.727272727272727
1994,Spain,Goalkeeper,28.666666666666668,26.727272727272727
1994,Spain,Midfielder,25.666666666666668,26.727272727272727
1994,Sweden,Defender,25.375,25.772727272727273
1994,Sweden,Forward,25.25,25.772727272727273
1994,Sweden,Goalkeeper,28.333333333333332,25.772727272727273
1994,Sweden,Midfielder,25.428571428571427,25.772727272727273
1994,Switzerland,Defender,29.428571428571427,28.363636363636363
1994,Switzerland,Forward,26.25,28.363636363636363
1994,Switzerland,Goalkeeper,30.0,28.363636363636363
1994,Switzerland,Midfielder,27.875,28.363636363636363
1994,United States,Defender,28.285714285714285,26.772727272727273
1994,United States,Forward,26.5,26.772727272727273
1994,United States,Goalkeeper,24.333333333333332,26.772727272727273
1994,United States,Midfielder,26.5,26.772727272727273
1998,Argentina,Defender,26.857142857142858,26.454545454545453
1998,Argentina,Forward,26.6,26.454545454545453
1998,Argentina,Goalkeeper,27.333333333333332,26.454545454545453
1998,Argentina,Midfielder,25.571428571428573,26.454545454545453
1998,Austria,Defender,30.6,29.818181818181817
1998,Austria,Forward,29.0,29.818181818181817
1998,Austria,Goalkeeper,35.666666666666664,29.818181818181817
1998,Austria,Midfielder,28.0,29.818181818181817
1998,Belgium,Defender,29.666666666666668,29.90909090909091
1998,Belgium,Forward,26.0,29.90909090909091
1998,Belgium,Goalkeeper,35.333333333333336,29.90909090909091
1998,Belgium,Midfielder,31.0,29.90909090909091
1998,Brazil,Defender,29.428571428571427,27.863636363636363
1998,Brazil,Forward,27.666666666666668,27.863636363636363
1998,Brazil,Goalkeeper,28.333333333333332,27.863636363636363
1998,Brazil,Midfielder,26.555555555555557,27.863636363636363
1998,Bulgaria,Defender,27.0,28.181818181818183
1998,Bulgaria,Forward,27.6,28.181818181818183
1998,Bulgaria,Goalkeeper,31.5,28.181818181818183
1998,Bulgaria,Midfielder,28.555555555555557,28.181818181818183
1998,Cameroon,Defender,21.857142857142858,23.681818181818183
1998,Cameroon,Forward,25.0,23.681818181818183
1998,Cameroon,Goalkeeper,30.0,23.681818181818183
1998,Cameroon,Midfielder,21.333333333333332,23.681818181818183
1998,Chile,Defender,26.25,27.181818181818183
1998,Chile,Forward,26.0,27.181818181818183
1998,Chile,Goalkeeper,29.666666666666668,27.181818181818183
1998,Chile,Midfielder,27.857142857142858,27.181818181818183
1998,Colombia,Defender,27.5,28.136363636363637
1998,Colombia,Forward,27.833333333333332,28.136363636363637
1998,Colombia,Goalkeeper,27.333333333333332,28.136363636363637
1998,Colombia,Midfielder,29.285714285714285,28.136363636363637
1998,Croatia,Defender,26.857142857142858,28.09090909090909
1998,Croatia,Forward,27.75,28.09090909090909
1998,Croatia,Goalkeeper,30.333333333333332,28.09090909090909
1998,Croatia,Midfielder,28.5,28.09090909090909
1998,Denmark,Defender,29.625,29.40909090909091
1998,Denmark,Forward,27.25,29.40909090909091
1998,Denmark,Goalkeeper,34.333333333333336,29.40909090909091
1998,Denmark,Midfielder,28.285714285714285,29.40909090909091
1998,England,Defender,27.0,28.181818181818183
1998,England,Forward,27.75,28.181818181818183
1998,England,Goalkeeper,32.666666666666664,28.181818181818183
1998,England,Midfielder,27.75,28.181818181818183
1998,France,Defender,28.833333333333332,27.454545454545453
1998,France,Forward,24.0,27.454545454545453
1998,France,Goalkeeper,31.333333333333332,27.454545454545453
1998,France,Midfielder,26.77777777777778,27.454545454545453
1998,Germany,Defender,30.3,30.272727272727273
1998,Germany,Forward,32.25,30.272727272727273
1998,Germany,Goalkeeper,31.333333333333332,30.272727272727273
1998,Germany,Midfielder,28.0,30.272727272727273
1998,Iran,Defender,29.625,27.318181818181817
1998,Iran,Forward,26.25,27.318181818181817
1998,Iran,Goalkeeper,27.0,27.318181818181817
1998,Iran,Midfielder,25.428571428571427,27.318181818181817
1998,Italy,Defender,28.571428571428573,27.636363636363637
1998,Italy,Forward,26.6,27.636363636363637
1998,Italy,Goalkeeper,26.333333333333332,27.636363636363637
1998,Italy,Midfielder,28.0,27.636363636363637
1998,Jamaica,Defender,26.857142857142858,26.59090909090909
1998,Jamaica,Forward,24.666666666666668,26.59090909090909
1998,Jamaica,Goalkeeper,25.666666666666668,26.59090909090909
1998,Jamaica,Midfielder,28.666666666666668,26.59090909090909
1998,Japan,Defender,27.125,26.0
1998,Japan,Forward,27.25,26.0
1998,Japan,Goalkeeper,25.666666666666668,26.0
1998,Japan,Midfielder,24.142857142857142,26.0
1998,Mexico,Defender,24.4,27.272727272727273
1998,Mexico,Forward,28.8,27.272727272727273
1998,Mexico,Goalkeeper,27.333333333333332,27.272727272727273
1998,Mexico,Midfielder,28.0,27.272727272727273
1998,Morocco,Defender,27.444444444444443,26.863636363636363
1998,Morocco,Forward,26.0,26.863636363636363
1998,Morocco,Goalkeeper,29.0,26.863636363636363
1998,Morocco,Midfielder,25.5,26.863636363636363
1998,Netherlands,Defender,26.142857142857142,27.045454545454547
1998,Netherlands,Forward,26.5,27.045454545454547
1998,Netherlands,Goalkeeper,31.0,27.045454545454547
1998,Netherlands,Midfielder,26.625,27.045454545454547
1998,Nigeria,Defender,27.0,26.727272727272727
1998,Nigeria,Forward,27.0,26.727272727272727
1998,Nigeria,Goalkeeper,29.666666666666668,26.727272727272727
1998,Nigeria,Midfielder,25.0,26.727272727272727
1998,Norway,Defender,28.25,28.181818181818183
1998,Norway,Forward,27.6,28.181818181818183
1998,Norway,Goalkeeper,26.666666666666668,28.181818181818183
1998,Norway,Midfielder,29.333333333333332,28.181818181818183
1998,Paraguay,Defender,26.5,26.772727272727273
1998,Paraguay,Forward,27.0,26.772727272727273
1998,Paraguay,Goalkeeper,28.333333333333332,26.772727272727273
1998,Paraguay,Midfielder,26.166666666666668,26.772727272727273
1998,Romania,Defender,29.333333333333332,28.5
1998,Romania,Forward,28.6,28.5
1998,Romania,Goalkeeper,31.666666666666668,28.5
1998,Romania,Midfielder,26.625,28.5
1998,Saudi Arabia,Defender,24.428571428571427,25.772727272727273
1998,Saudi Arabia,Forward,25.666666666666668,25.772727272727273
1998,Saudi Arabia,Goalkeeper,25.0,25.772727272727273
1998,Saudi Arabia,Midfielder,27.11111111111111,25.772727272727273
1998,Scotland,Defender,30.75,29.954545454545453
1998,Scotland,Forward,29.6,29.954545454545453
1998,Scotland,Goalkeeper,32.666666666666664,29.954545454545453
1998,Scotland,Midfielder,27.833333333333332,29.954545454545453
1998,South Africa,Defender,26.0,26.304347826086957
1998,South Africa,Forward,26.4,26.304347826086957
1998,South Africa,Goalkeeper,26.25,26.304347826086957
1998,South Africa,Midfielder,26.5,26.304347826086957
1998,South Korea,Defender,26.666666666666668,26.227272727272727
1998,South Korea,Forward,26.0,26.227272727272727
1998,South Korea,Goalkeeper,26.0,26.227272727272727
1998,South Korea,Midfielder,25.833333333333332,26.227272727272727
1998,Spain,Defender,28.11111111111111,27.227272727272727
1998,Spain,Forward,25.0,27.227272727272727
1998,Spain,Goalkeeper,31.333333333333332,27.227272727272727
1998,Spain,Midfielder,25.4,27.227272727272727
1998,Tunisia,Defender,26.0,26.363636363636363
1998,Tunisia,Forward,25.25,26.363636363636363
1998,Tunisia,Goalkeeper,31.666666666666668,26.363636363636363
1998,Tunisia,Midfielder,25.142857142857142,26.363636363636363
1998,United States,Defender,28.0,28.90909090909091
1998,United States,Forward,29.0,28.90909090909091
1998,United States,Goalkeeper,28.333333333333332,28.90909090909091
1998,United States,Midfielder,29.875,28.90909090909091
1998,Yugoslavia,Defender,29.0,28.227272727272727
1998,Yugoslavia,Forward,25.0,28.227272727272727
1998,Yugoslavia,Goalkeeper,28.0,28.227272727272727
1998,Yugoslavia,Midfielder,29.11111111111111,28.227272727272727
2002,Argentina,Defender,28.0,28.782608695652176
2002,Argentina,Forward,30.75,28.782608695652176
2002,Argentina,Goalkeeper,31.0,28.782608695652176
2002,Argentina,Midfielder,27.77777777777778,28.782608695652176
2002,Belgium,Defender,29.857142857142858,29.52173913043478
2002,Belgium,Forward,28.5,29.52173913043478
2002,Belgium,Goalkeeper,30.0,29.52173913043478
2002,Belgium,Midfielder,29.555555555555557,29.52173913043478
2002,Brazil,Defender,26.875,26.73913043478261
2002,Brazil,Forward,28.0,26.73913043478261
2002,Brazil,Goalkeeper,29.0,26.73913043478261
2002,Brazil,Midfielder,25.444444444444443,26.73913043478261
2002,Cameroon,Defender,25.5,25.391304347826086
2002,Cameroon,Forward,25.8,25.391304347826086
2002,Cameroon,Goalkeeper,28.666666666666668,25.391304347826086
2002,Cameroon,Midfielder,23.571428571428573,25.391304347826086
2002,China,Defender,25.625,26.652173913043477
2002,China,Forward,27.75,26.652173913043477
2002,China,Goalkeeper,29.666666666666668,26.652173913043477
2002,China,Midfielder,26.0,26.652173913043477
2002,Costa Rica,Defender,26.666666666666668,27.695652173913043
2002,Costa Rica,Forward,25.333333333333332,27.695652173913043
2002,Costa Rica,Goalkeeper,31.0,27.695652173913043
2002,Costa Rica,Midfielder,30.4,27.695652173913043
2002,Croatia,Defender,27.375,28.130434782608695
2002,Croatia,Forward,28.333333333333332,28.130434782608695
2002,Croatia,Goalkeeper,26.0,28.130434782608695
2002,Croatia,Midfielder,30.0,28.130434782608695
2002,Denmark,Defender,29.857142857142858,28.08695652173913
2002,Denmark,Forward,25.5,28.08695652173913
2002,Denmark,Goalkeeper,29.0,28.08695652173913
2002,Denmark,Midfielder,27.555555555555557,28.08695652173913
2002,Ecuador,Defender,27.0,27.956521739130434
2002,Ecuador,Forward,26.8,27.956521739130434
2002,Ecuador,Goalkeeper,28.333333333333332,27.956521739130434
2002,Ecuador,Midfielder,29.375,27.956521739130434
2002,England,Defender,26.5,27.304347826086957
2002,England,Forward,26.4,27.304347826086957
2002,England,Goalkeeper,35.666666666666664,27.304347826086957
2002,England,Midfielder,25.285714285714285,27.304347826086957
2002,France,Defender,29.25,28.956521739130434
2002,France,Forward,25.8,28.956521739130434
2002,France,Goalkeeper,30.333333333333332,28.956521739130434
2002,France,Midfielder,30.285714285714285,28.956521739130434
2002,Germany,Defender,27.333333333333332,28.26086956521739
2002,Germany,Forward,27.8,28.26086956521739
2002,Germany,Goalkeeper,31.333333333333332,28.26086956521739
2002,Germany,Midfielder,28.11111111111111,28.26086956521739
2002,Italy,Defender,28.25,28.17391304347826
2002,Italy,Forward,28.166666666666668,28.17391304347826
2002,Italy,Goalkeeper,26.666666666666668,28.17391304347826
2002,Italy,Midfielder,28.833333333333332,28.17391304347826
2002,Japan,Defender,26.571428571428573,25.869565217391305
2002,Japan,Forward,28.0,25.869565217391305
2002,Japan,Goalkeeper,25.333333333333332,25.869565217391305
2002,Japan,Midfielder,24.555555555555557,25.869565217391305
2002,Mexico,Defender,27.0,29.043478260869566
2002,Mexico,Forward,30.25,29.043478260869566
2002,Mexico,Goalkeeper,31.333333333333332,29.043478260869566
2002,Mexico,Midfielder,29.1,29.043478260869566
2002,Nigeria,Defender,24.375,24.043478260869566
2002,Nigeria,Forward,23.0,24.043478260869566
2002,Nigeria,Goalkeeper,24.333333333333332,24.043478260869566
2002,Nigeria,Midfielder,24.125,24.043478260869566
2002,Paraguay,Defender,27.88888888888889,28.217391304347824
2002,Paraguay,Forward,25.75,28.217391304347824
2002,Paraguay,Goalkeeper,31.333333333333332,28.217391304347824
2002,Paraguay,Midfielder,28.714285714285715,28.217391304347824
2002,Poland,Defender,28.88888888888889,28.73913043478261
2002,Poland,Forward,26.8,28.73913043478261
2002,Poland,Goalkeeper,31.0,28.73913043478261
2002,Poland,Midfielder,29.0,28.73913043478261
2002,Portugal,Defender,27.625,28.391304347826086
2002,Portugal,Forward,28.666666666666668,28.391304347826086
2002,Portugal,Goalkeeper,28.666666666666668,28.391304347826086
2002,Portugal,Midfielder,28.88888888888889,28.391304347826086
2002,Republic of Ireland,Defender,27.25,27.52173913043478
2002,Republic of Ireland,Forward,26.5,27.52173913043478
2002,Republic of Ireland,Goalkeeper,30.666666666666668,27.52173913043478
2002,Republic of Ireland,Midfielder,27.125,27.52173913043478
2002,Russia,Defender,30.285714285714285,27.956521739130434
2002,Russia,Forward,22.0,27.956521739130434
2002,Russia,Goalkeeper,32.0,27.956521739130434
2002,Russia,Midfielder,27.444444444444443,27.956521739130434
2002,Saudi Arabia,Defender,26.11111111111111,26.434782608695652
2002,Saudi Arabia,Forward,28.0,26.434782608695652
2002,Saudi Arabia,Goalkeeper,27.333333333333332,26.434782608695652
2002,Saudi Arabia,Midfielder,25.571428571428573,26.434782608695652
2002,Senegal,Defender,25.857142857142858,25.347826086956523
2002,Senegal,Forward,24.8,25.347826086956523
2002,Senegal,Goalkeeper,27.0,25.347826086956523
2002,Senegal,Midfielder,24.625,25.347826086956523
2002,Slovenia,Defender,28.0,28.695652173913043
2002,Slovenia,Forward,27.6,28.695652173913043
2002,Slovenia,Goalkeeper,30.333333333333332,28.695652173913043
2002,Slovenia,Midfielder,29.571428571428573,28.695652173913043
2002,South Africa,Defender,26.571428571428573,26.82608695652174
2002,South Africa,Forward,26.0,26.82608695652174
2002,South Africa,Goalkeeper,31.0,26.82608695652174
2002,South Africa,Midfielder,26.0,26.82608695652174
2002,South Korea,Defender,27.666666666666668,27.130434782608695
2002,South Korea,Forward,25.666666666666668,27.130434782608695
2002,South Korea,Goalkeeper,30.666666666666668,27.130434782608695
2002,South Korea,Midfielder,25.8,27.130434782608695
2002,Spain,Defender,29.5,27.130434782608695
2002,Spain,Forward,25.25,27.130434782608695
2002,Spain,Goalkeeper,27.333333333333332,27.130434782608695
2002,Spain,Midfielder,26.4,27.130434782608695
2002,Sweden,Defender,28.25,27.304347826086957
2002,Sweden,Forward,27.25,27.304347826086957
2002,Sweden,Goalkeeper,26.666666666666668,27.304347826086957
2002,Sweden,Midfielder,26.625,27.304347826086957
2002,Tunisia,Defender,27.555555555555557,27.434782608695652
2002,Tunisia,Forward,26.4,27.434782608695652
2002,Tunisia,Goalkeeper,29.666666666666668,27.434782608695652
2002,Tunisia,Midfielder,27.0,27.434782608695652
2002,Turkey,Defender,28.666666666666668,28.26086956521739
2002,Turkey,Forward,27.4,28.26086956521739
2002,Turkey,Goalkeeper,28.0,28.26086956521739
2002,Turkey,Midfielder,28.555555555555557,28.26086956521739
2002,United States,Defender,28.7,28.82608695652174
2002,United States,Forward,28.0,28.82608695652174
2002,United States,Goalkeeper,32.333333333333336,28.82608695652174
2002,United States,Midfielder,27.833333333333332,28.82608695652174
2002,Uruguay,Defender,26.5,25.82608695652174
2002,Uruguay,Forward,25.714285714285715,25.82608695652174
2002,Uruguay,Goalkeeper,24.0,25.82608695652174
2002,Uruguay,Midfielder,26.142857142857142,25.82608695652174
2006,Angola,Defender,27.25,26.73913043478261
2006,Angola,Forward,25.833333333333332,26.73913043478261
2006,Angola,Goalkeeper,27.333333333333332,26.73913043478261
2006,Angola,Midfielder,26.666666666666668,26.73913043478261
2006,Argentina,Defender,27.11111111111111,26.565217391304348
2006,Argentina,Forward,25.5,26.565217391304348
2006,Argentina,Goalkeeper,27.666666666666668,26.565217391304348
2006,Argentina,Midfielder,26.2,26.565217391304348
2006,Australia,Defender,28.333333333333332,28.652173913043477
2006,Australia,Forward,28.2,28.652173913043477
2006,Australia,Goalkeeper,33.0,28.652173913043477
2006,Australia,Midfielder,27.333333333333332,28.652173913043477
2006,Brazil,Defender,29.25,28.695652173913043
2006,Brazil,Forward,24.75,28.695652173913043
2006,Brazil,Goalkeeper,31.0,28.695652173913043
2006,Brazil,Midfielder,29.25,28.695652173913043
2006,Costa Rica,Defender,27.125,28.08695652173913
2006,Costa Rica,Forward,28.0,28.08695652173913
2006,Costa Rica,Goalkeeper,33.0,28.08695652173913
2006,Costa Rica,Midfielder,27.142857142857142,28.08695652173913
2006,Croatia,Defender,28.875,27.91304347826087
2006,Croatia,Forward,28.0,27.91304347826087
2006,Croatia,Goalkeeper,29.333333333333332,27.91304347826087
2006,Croatia,Midfielder,26.142857142857142,27.91304347826087
2006,Czech Republic,Defender,27.571428571428573,28.869565217391305
2006,Czech Republic,Forward,30.0,28.869565217391305
2006,Czech Republic,Goalkeeper,29.666666666666668,28.869565217391305
2006,Czech Republic,Midfielder,29.0,28.869565217391305
2006,Ecuador,Defender,29.125,27.0
2006,Ecuador,Forward,26.2,27.0
2006,Ecuador,Goalkeeper,26.0,27.0
2006,Ecuador,Midfielder,25.571428571428573,27.0
2006,England,Defender,28.142857142857142,25.869565217391305
2006,England,Forward,22.5,25.869565217391305
2006,England,Goalkeeper,28.0,25.869565217391305
2006,England,Midfielder,24.88888888888889,25.869565217391305
2006,France,Defender,28.375,29.217391304347824
2006,France,Forward,29.0,29.217391304347824
2006,France,Goalkeeper,32.0,29.217391304347824
2006,France,Midfielder,29.142857142857142,29.217391304347824
2006,Germany,Defender,24.875,26.956521739130434
2006,Germany,Forward,28.0,26.956521739130434
2006,Germany,Goalkeeper,33.666666666666664,26.956521739130434
2006,Germany,Midfielder,26.0,26.956521739130434
2006,Ghana,Defender,25.9,25.347826086956523
2006,Ghana,Forward,26.2,25.347826086956523
2006,Ghana,Goalkeeper,26.0,25.347826086956523
2006,Ghana,Midfielder,23.0,25.347826086956523
2006,Iran,Defender,28.166666666666668,27.17391304347826
2006,Iran,Forward,28.833333333333332,27.17391304347826
2006,Iran,Goalkeeper,26.666666666666668,27.17391304347826
2006,Iran,Midfielder,25.375,27.17391304347826
2006,Italy,Defender,29.25,28.782608695652176
2006,Italy,Forward,29.166666666666668,28.782608695652176
2006,Italy,Goalkeeper,29.333333333333332,28.782608695652176
2006,Italy,Midfielder,27.5,28.782608695652176
2006,Ivory Coast,Defender,26.333333333333332,25.956521739130434
2006,Ivory Coast,Forward,26.0,25.956521739130434
2006,Ivory Coast,Goalkeeper,29.333333333333332,25.956521739130434
2006,Ivory Coast,Midfielder,23.666666666666668,25.956521739130434
2006,Japan,Defender,27.0,27.73913043478261
2006,Japan,Forward,26.8,27.73913043478261
2006,Japan,Goalkeeper,31.333333333333332,27.73913043478261
2006,Japan,Midfielder,27.714285714285715,27.73913043478261
2006,Mexico,Defender,27.375,27.91304347826087
2006,Mexico,Forward,29.0,27.91304347826087
2006,Mexico,Goalkeeper,26.333333333333332,27.91304347826087
2006,Mexico,Midfielder,28.5,27.91304347826087
2006,Netherlands,Defender,27.375,27.130434782608695
2006,Netherlands,Forward,25.4,27.130434782608695
2006,Netherlands,Goalkeeper,31.666666666666668,27.130434782608695
2006,Netherlands,Midfielder,26.142857142857142,27.130434782608695
2006,Paraguay,Defender,29.0,27.17391304347826
2006,Paraguay,Forward,24.6,27.17391304347826
2006,Paraguay,Goalkeeper,31.0,27.17391304347826
2006,Paraguay,Midfielder,25.285714285714285,27.17391304347826
2006,Poland,Defender,29.0,27.17391304347826
2006,Poland,Forward,26.0,27.17391304347826
2006,Poland,Goalkeeper,23.666666666666668,27.17391304347826
2006,Poland,Midfielder,27.625,27.17391304347826
2006,Portugal,Defender,27.571428571428573,28.434782608695652
2006,Portugal,Forward,27.4,28.434782608695652
2006,Portugal,Goalkeeper,31.666666666666668,28.434782608695652
2006,Portugal,Midfielder,28.625,28.434782608695652
2006,Saudi Arabia,Defender,26.88888888888889,26.956521739130434
2006,Saudi Arabia,Forward,26.25,26.956521739130434
2006,Saudi Arabia,Goalkeeper,28.333333333333332,26.956521739130434
2006,Saudi Arabia,Midfielder,26.857142857142858,26.956521739130434
2006,Serbia and Montenegro,Defender,28.0,28.47826086956522
2006,Serbia and Montenegro,Forward,28.5,28.47826086956522
2006,Serbia and Montenegro,Goalkeeper,29.0,28.47826086956522
2006,Serbia and Montenegro,Midfielder,28.75,28.47826086956522
2006,South Korea,Defender,27.375,26.434782608695652
2006,South Korea,Forward,25.666666666666668,26.434782608695652
2006,South Korea,Goalkeeper,27.666666666666668,26.434782608695652
2006,South Korea,Midfielder,25.333333333333332,26.434782608695652
2006,Spain,Defender,26.875,26.26086956521739
2006,Spain,Forward,25.333333333333332,26.26086956521739
2006,Spain,Goalkeeper,28.666666666666668,26.26086956521739
2006,Spain,Midfielder,25.22222222222222,26.26086956521739
2006,Sweden,Defender,27.571428571428573,28.17391304347826
2006,Sweden,Forward,28.4,28.17391304347826
2006,Sweden,Goalkeeper,26.666666666666668,28.17391304347826
2006,Sweden,Midfielder,29.125,28.17391304347826
2006,Switzerland,Defender,25.5,25.52173913043478
2006,Switzerland,Forward,26.75,25.52173913043478
2006,Switzerland,Goalkeeper,28.0,25.52173913043478
2006,Switzerland,Midfielder,24.0,25.52173913043478
2006,Togo,Defender,25.857142857142858,25.956521739130434
2006,Togo,Forward,25.6,25.956521739130434
2006,Togo,Goalkeeper,26.333333333333332,25.956521739130434
2006,Togo,Midfielder,26.125,25.956521739130434
2006,Trinidad and Tobago,Defender,31.428571428571427,29.695652173913043
2006,Trinidad and Tobago,Forward,27.5,29.695652173913043
2006,Trinidad and Tobago,Goalkeeper,33.666666666666664,29.695652173913043
2006,Trinidad and Tobago,Midfielder,28.142857142857142,29.695652173913043
2006,Tunisia,Defender,26.625,27.434782608695652
2006,Tunisia,Forward,24.4,27.434782608695652
2006,Tunisia,Goalkeeper,31.666666666666668,27.434782608695652
2006,Tunisia,Midfielder,28.714285714285715,27.434782608695652
2006,Ukraine,Defender,25.571428571428573,26.391304347826086
2006,Ukraine,Forward,27.166666666666668,26.391304347826086
2006,Ukraine,Goalkeeper,24.333333333333332,26.391304347826086
2006,Ukraine,Midfielder,27.428571428571427,26.391304347826086
2006,United States,Defender,28.22222222222222,28.608695652173914
2006,United States,Forward,28.25,28.608695652173914
2006,United States,Goalkeeper,32.666666666666664,28.608695652173914
2006,United States,Midfielder,27.571428571428573,28.608695652173914
2010,Algeria,Defender,26.5,26.73913043478261
2010,Algeria,Forward,28.0,26.73913043478261
2010,Algeria,Goalkeeper,27.666666666666668,26.73913043478261
2010,Algeria,Midfielder,26.0,26.73913043478261
2010,Argentina,Defender,28.875,27.565217391304348
2010,Argentina,Forward,27.0,27.565217391304348
2010,Argentina,Goalkeeper,27.333333333333332,27.565217391304348
2010,Argentina,Midfielder,26.5,27.565217391304348
2010,Australia,Defender,30.375,29.130434782608695
2010,Australia,Forward,27.25,29.130434782608695
2010,Australia,Goalkeeper,30.666666666666668,29.130434782608695
2010,Australia,Midfielder,28.25,29.130434782608695
2010,Brazil,Defender,29.375,29.17391304347826
2010,Brazil,Forward,28.25,29.17391304347826
2010,Brazil,Goalkeeper,30.333333333333332,29.17391304347826
2010,Brazil,Midfielder,29.0,29.17391304347826
2010,Cameroon,Defender,25.875,25.565217391304348
2010,Cameroon,Forward,25.2,25.565217391304348
2010,Cameroon,Goalkeeper,29.0,25.565217391304348
2010,Cameroon,Midfielder,24.0,25.565217391304348
2010,Chile,Defender,27.4,26.434782608695652
2010,Chile,Forward,26.75,26.434782608695652
2010,Chile,Goalkeeper,27.0,26.434782608695652
2010,Chile,Midfielder,25.727272727272727,26.434782608695652
2010,Denmark,Defender,27.0,28.347826086956523
2010,Denmark,Forward,28.333333333333332,28.347826086956523
2010,Denmark,Goalkeeper,31.666666666666668,28.347826086956523
2010,Denmark,Midfielder,28.3,28.347826086956523
2010,England,Defender,29.375,29.0
2010,England,Forward,28.5,29.0
2010,England,Goalkeeper,31.0,29.0
2010,England,Midfielder,28.125,29.0
2010,France,Defender,29.25,28.17391304347826
2010,France,Forward,29.8,28.17391304347826
2010,France,Goalkeeper,26.0,28.17391304347826
2010,France,Midfielder,26.714285714285715,28.17391304347826
2010,Germany,Defender,24.75,25.347826086956523
2010,Germany,Forward,28.0,25.347826086956523
2010,Germany,Goalkeeper,29.666666666666668,25.347826086956523
2010,Germany,Midfielder,23.0,25.347826086956523
2010,Ghana,Defender,25.125,24.91304347826087
2010,Ghana,Forward,25.0,24.91304347826087
2010,Ghana,Goalkeeper,25.0,24.91304347826087
2010,Ghana,Midfielder,24.625,24.91304347826087
2010,Greece,Defender,27.4,28.043478260869566
2010,Greece,Forward,28.2,28.043478260869566
2010,Greece,Goalkeeper,30.0,28.043478260869566
2010,Greece,Midfielder,28.0,28.043478260869566
2010,Honduras,Defender,27.0,28.391304347826086
2010,Honduras,Forward,30.0,28.391304347826086
2010,Honduras,Goalkeeper,30.0,28.391304347826086
2010,Honduras,Midfielder,28.142857142857142,28.391304347826086
2010,Italy,Defender,27.857142857142858,28.73913043478261
2010,Italy,Forward,29.0,28.73913043478261
2010,Italy,Goalkeeper,30.666666666666668,28.73913043478261
2010,Italy,Midfielder,28.625,28.73913043478261
2010,Ivory Coast,Defender,27.555555555555557,27.17391304347826
2010,Ivory Coast,Forward,26.6,27.17391304347826
2010,Ivory Coast,Goalkeeper,28.666666666666668,27.17391304347826
2010,Ivory Coast,Midfielder,26.333333333333332,27.17391304347826
2010,Japan,Defender,27.285714285714285,28.17391304347826
2010,Japan,Forward,26.5,28.17391304347826
2010,Japan,Goalkeeper,32.0,28.17391304347826
2010,Japan,Midfielder,28.857142857142858,28.17391304347826
2010,Mexico,Defender,26.555555555555557,27.52173913043478
2010,Mexico,Forward,29.0,27.52173913043478
2010,Mexico,Goalkeeper,31.0,27.52173913043478
2010,Mexico,Midfielder,26.0,27.52173913043478
2010,Netherlands,Defender,29.428571428571427,28.130434782608695
2010,Netherlands,Forward,26.2,28.130434782608695
2010,Netherlands,Goalkeeper,31.666666666666668,28.130434782608695
2010,Netherlands,Midfielder,26.875,28.130434782608695
2010,New Zealand,Defender,27.571428571428573,27.91304347826087
2010,New Zealand,Forward,26.25,27.91304347826087
2010,New Zealand,Goalkeeper,32.0,27.91304347826087
2010,New Zealand,Midfielder,27.555555555555557,27.91304347826087
2010,Nigeria,Defender,26.571428571428573,26.391304347826086
2010,Nigeria,Forward,26.75,26.391304347826086
2010,Nigeria,Goalkeeper,27.0,26.391304347826086
2010,Nigeria,Midfielder,25.2,26.391304347826086
2010,North Korea,Defender,25.625,25.347826086956523
2010,North Korea,Forward,25.0,25.347826086956523
2010,North Korea,Goalkeeper,25.666666666666668,25.347826086956523
2010,North Korea,Midfielder,25.125,25.347826086956523
2010,Paraguay,Defender,31.125,28.869565217391305
2010,Paraguay,Forward,25.666666666666668,28.869565217391305
2010,Paraguay,Goalkeeper,32.0,28.869565217391305
2010,Paraguay,Midfielder,27.5,28.869565217391305
2010,Portugal,Defender,28.125,28.217391304347824
2010,Portugal,Forward,28.0,28.217391304347824
2010,Portugal,Goalkeeper,27.666666666666668,28.217391304347824
2010,Portugal,Midfielder,28.555555555555557,28.217391304347824
2010,Serbia,Defender,25.428571428571427,26.52173913043478
2010,Serbia,Forward,28.75,26.52173913043478
2010,Serbia,Goalkeeper,29.0,26.52173913043478
2010,Serbia,Midfielder,25.555555555555557,26.52173913043478
2010,Slovakia,Defender,27.428571428571427,26.652173913043477
2010,Slovakia,Forward,27.0,26.652173913043477
2010,Slovakia,Goalkeeper,26.333333333333332,26.652173913043477
2010,Slovakia,Midfielder,26.0,26.652173913043477
2010,Slovenia,Defender,27.5,27.17391304347826
2010,Slovenia,Forward,25.5,27.17391304347826
2010,Slovenia,Goalkeeper,29.333333333333332,27.17391304347826
2010,Slovenia,Midfielder,27.333333333333332,27.17391304347826
2010,South Africa,Defender,27.25,27.434782608695652
2010,South Africa,Forward,27.666666666666668,27.434782608695652
2010,South Africa,Goalkeeper,27.333333333333332,27.434782608695652
2010,South Africa,Midfielder,27.555555555555557,27.434782608695652
2010,South Korea,Defender,28.142857142857142,27.47826086956522
2010,South Korea,Forward,27.6,27.47826086956522
2010,South Korea,Goalkeeper,29.666666666666668,27.47826086956522
2010,South Korea,Midfielder,26.0,27.47826086956522
2010,Spain,Defender,27.714285714285715,26.304347826086957
2010,Spain,Forward,25.75,26.304347826086957
2010,Spain,Goalkeeper,28.333333333333332,26.304347826086957
2010,Spain,Midfielder,24.77777777777778,26.304347826086957
2010,Switzerland,Defender,27.571428571428573,27.130434782608695
2010,Switzerland,Forward,28.75,27.130434782608695
2010,Switzerland,Goalkeeper,27.0,27.130434782608695
2010,Switzerland,Midfielder,26.11111111111111,27.130434782608695
2010,United States,Defender,28.375,27.26086956521739
2010,United States,Forward,25.75,27.26086956521739
2010,United States,Goalkeeper,31.666666666666668,27.26086956521739
2010,United States,Midfielder,25.25,27.26086956521739
2010,Uruguay,Defender,27.428571428571427,27.08695652173913
2010,Uruguay,Forward,27.2,27.08695652173913
2010,Uruguay,Goalkeeper,27.666666666666668,27.08695652173913
2010,Uruguay,Midfielder,26.5,27.08695652173913
2014,Algeria,Defender,27.0,26.565217391304348
2014,Algeria,Forward,25.666666666666668,26.565217391304348
2014,Algeria,Goalkeeper,28.666666666666668,26.565217391304348
2014,Algeria,Midfielder,25.77777777777778,26.565217391304348
2014,Argentina,Defender,29.25,28.82608695652174
2014,Argentina,Forward,28.2,28.82608695652174
2014,Argentina,Goalkeeper,30.333333333333332,28.82608695652174
2014,Argentina,Midfielder,28.142857142857142,28.82608695652174
2014,Australia,Defender,26.0,26.391304347826086
2014,Australia,Forward,22.0,26.391304347826086
2014,Australia,Goalkeeper,27.0,26.391304347826086
2014,Australia,Midfielder,27.272727272727273,26.391304347826086
2014,Belgium,Defender,28.75,25.91304347826087
2014,Belgium,Forward,22.333333333333332,25.91304347826087
2014,Belgium,Goalkeeper,25.666666666666668,25.91304347826087
2014,Belgium,Midfielder,24.666666666666668,25.91304347826087
2014,Bosnia and Herzegovina,Defender,26.25,27.043478260869566
2014,Bosnia and Herzegovina,Forward,27.333333333333332,27.043478260869566
2014,Bosnia and Herzegovina,Goalkeeper,29.333333333333332,27.043478260869566
2014,Bosnia and Herzegovina,Midfielder,26.88888888888889,27.043478260869566
2014,Brazil,Defender,29.875,28.391304347826086
2014,Brazil,Forward,26.0,28.391304347826086
2014,Brazil,Goalkeeper,32.333333333333336,28.391304347826086
2014,Brazil,Midfielder,26.714285714285715,28.391304347826086
2014,Cameroon,Defender,27.125,26.565217391304348
2014,Cameroon,Forward,26.0,26.565217391304348
2014,Cameroon,Goalkeeper,26.0,26.565217391304348
2014,Cameroon,Midfielder,26.666666666666668,26.565217391304348
2014,Chile,Defender,27.4,28.043478260869566
2014,Chile,Forward,28.75,28.043478260869566
2014,Chile,Goalkeeper,30.0,28.043478260869566
2014,Chile,Midfielder,27.545454545454547,28.043478260869566
2014,Colombia,Defender,27.857142857142858,27.434782608695652
2014,Colombia,Forward,27.4,27.434782608695652
2014,Colombia,Goalkeeper,31.333333333333332,27.434782608695652
2014,Colombia,Midfielder,25.625,27.434782608695652
2014,Costa Rica,Defender,27.77777777777778,27.47826086956522
2014,Costa Rica,Forward,25.666666666666668,27.47826086956522
2014,Costa Rica,Goalkeeper,29.333333333333332,27.47826086956522
2014,Costa Rica,Midfielder,27.125,27.47826086956522
2014,Croatia,Defender,27.714285714285715,27.347826086956523
2014,Croatia,Forward,28.8,27.347826086956523
2014,Croatia,Goalkeeper,28.666666666666668,27.347826086956523
2014,Croatia,Midfielder,25.625,27.347826086956523
2014,Ecuador,Defender,30.333333333333332,27.782608695652176
2014,Ecuador,Forward,25.666666666666668,27.782608695652176
2014,Ecuador,Goalkeeper,27.333333333333332,27.782608695652176
2014,Ecuador,Midfielder,27.09090909090909,27.782608695652176
2014,England,Defender,26.714285714285715,26.652173913043477
2014,England,Forward,27.5,26.652173913043477
2014,England,Goalkeeper,28.0,26.652173913043477
2014,England,Midfielder,25.77777777777778,26.652173913043477
2014,France,Defender,26.375,26.82608695652174
2014,France,Forward,26.25,26.82608695652174
2014,France,Goalkeeper,30.333333333333332,26.82608695652174
2014,France,Midfielder,26.25,26.82608695652174
2014,Germany,Defender,25.444444444444443,26.217391304347824
2014,Germany,Forward,30.0,26.217391304347824
2014,Germany,Goalkeeper,29.0,26.217391304347824
2014,Germany,Midfielder,25.22222222222222,26.217391304347824
2014,Ghana,Defender,25.0,25.652173913043477
2014,Ghana,Forward,25.0,25.652173913043477
2014,Ghana,Goalkeeper,27.0,25.652173913043477
2014,Ghana,Midfielder,25.818181818181817,25.652173913043477
2014,Greece,Defender,28.714285714285715,28.52173913043478
2014,Greece,Forward,30.5,28.52173913043478
2014,Greece,Goalkeeper,25.666666666666668,28.52173913043478
2014,Greece,Midfielder,28.444444444444443,28.52173913043478
2014,Honduras,Defender,29.375,28.695652173913043
2014,Honduras,Forward,29.75,28.695652173913043
2014,Honduras,Goalkeeper,30.333333333333332,28.695652173913043
2014,Honduras,Midfielder,26.875,28.695652173913043
2014,Iran,Defender,29.5,28.47826086956522
2014,Iran,Forward,25.5,28.47826086956522
2014,Iran,Goalkeeper,28.666666666666668,28.47826086956522
2014,Iran,Midfielder,27.875,28.47826086956522
2014,Italy,Defender,27.571428571428573,27.91304347826087
2014,Italy,Forward,26.0,27.91304347826087
2014,Italy,Goalkeeper,28.333333333333332,27.91304347826087
2014,Italy,Midfielder,29.25,27.91304347826087
2014,Ivory Coast,Defender,28.375,28.0
2014,Ivory Coast,Forward,28.0,28.0
2014,Ivory Coast,Goalkeeper,27.333333333333332,28.0
2014,Ivory Coast,Midfielder,27.75,28.0
2014,Japan,Defender,27.0,27.217391304347824
2014,Japan,Forward,26.4,27.217391304347824
2014,Japan,Goalkeeper,28.0,27.217391304347824
2014,Japan,Midfielder,27.714285714285715,27.217391304347824
2014,Mexico,Defender,28.11111111111111,27.17391304347826
2014,Mexico,Forward,25.5,27.17391304347826
2014,Mexico,Goalkeeper,31.333333333333332,27.17391304347826
2014,Mexico,Midfielder,25.142857142857142,27.17391304347826
2014,Netherlands,Defender,24.375,26.434782608695652
2014,Netherlands,Forward,28.6,26.434782608695652
2014,Netherlands,Goalkeeper,27.333333333333332,26.434782608695652
2014,Netherlands,Midfielder,26.857142857142858,26.434782608695652
2014,Nigeria,Defender,25.285714285714285,26.0
2014,Nigeria,Forward,27.0,26.0
2014,Nigeria,Goalkeeper,30.666666666666668,26.0
2014,Nigeria,Midfielder,23.857142857142858,26.0
2014,Portugal,Defender,29.0,28.47826086956522
2014,Portugal,Forward,29.5,28.47826086956522
2014,Portugal,Goalkeeper,30.0,28.47826086956522
2014,Portugal,Midfielder,27.11111111111111,28.47826086956522
2014,Russia,Defender,28.666666666666668,27.434782608695652
2014,Russia,Forward,25.75,27.434782608695652
2014,Russia,Goalkeeper,28.666666666666668,27.434782608695652
2014,Russia,Midfielder,26.285714285714285,27.434782608695652
2014,South Korea,Defender,26.875,26.130434782608695
2014,South Korea,Forward,26.75,26.130434782608695
2014,South Korea,Goalkeeper,26.0,26.130434782608695
2014,South Korea,Midfielder,25.125,26.130434782608695
2014,Spain,Defender,27.166666666666668,28.26086956521739
2014,Spain,Forward,29.0,28.26086956521739
2014,Spain,Goalkeeper,29.666666666666668,28.26086956521739
2014,Spain,Midfielder,28.2,28.26086956521739
2014,Switzerland,Defender,26.625,26.08695652173913
2014,Switzerland,Forward,23.0,26.08695652173913
2014,Switzerland,Goalkeeper,27.0,26.08695652173913
2014,Switzerland,Midfielder,26.75,26.08695652173913
2014,United States,Defender,25.875,27.869565217391305
2014,United States,Forward,26.666666666666668,27.869565217391305
2014,United States,Goalkeeper,33.333333333333336,27.869565217391305
2014,United States,Midfielder,28.22222222222222,27.869565217391305
2014,Uruguay,Defender,27.428571428571427,28.565217391304348
2014,Uruguay,Forward,28.2,28.565217391304348
2014,Uruguay,Goalkeeper,30.333333333333332,28.565217391304348
2014,Uruguay,Midfielder,29.125,28.565217391304348
2018,Argentina,Defender,29.666666666666668,29.52173913043478
2018,Argentina,Forward,29.25,29.52173913043478
2018,Argentina,Goalkeeper,33.666666666666664,29.52173913043478
2018,Argentina,Midfielder,27.714285714285715,29.52173913043478
2018,Australia,Defender,28.0,28.217391304347824
2018,Australia,Forward,25.714285714285715,28.217391304347824
2018,Australia,Goalkeeper,31.666666666666668,28.217391304347824
2018,Australia,Midfielder,29.666666666666668,28.217391304347824
2018,Belgium,Defender,29.0,27.565217391304348
2018,Belgium,Forward,27.0,27.565217391304348
2018,Belgium,Goalkeeper,27.333333333333332,27.565217391304348
2018,Belgium,Midfielder,26.8,27.565217391304348
2018,Brazil,Defender,30.5,28.608695652173914
2018,Brazil,Forward,26.4,28.608695652173914
2018,Brazil,Goalkeeper,27.333333333333332,28.608695652173914
2018,Brazil,Midfielder,28.571428571428573,28.608695652173914
2018,Colombia,Defender,27.857142857142858,28.347826086956523
2018,Colombia,Forward,28.4,28.347826086956523
2018,Colombia,Goalkeeper,30.666666666666668,28.347826086956523
2018,Colombia,Midfielder,27.875,28.347826086956523
2018,Costa Rica,Defender,28.444444444444443,29.73913043478261
2018,Costa Rica,Forward,28.0,29.73913043478261
2018,Costa Rica,Goalkeeper,32.0,29.73913043478261
2018,Costa Rica,Midfielder,31.0,29.73913043478261
2018,Croatia,Defender,27.625,27.82608695652174
2018,Croatia,Forward,27.4,27.82608695652174
2018,Croatia,Goalkeeper,28.333333333333332,27.82608695652174
2018,Croatia,Midfielder,28.142857142857142,27.82608695652174
2018,Denmark,Defender,27.5,27.08695652173913
2018,Denmark,Forward,24.428571428571427,27.08695652173913
2018,Denmark,Goalkeeper,29.0,27.08695652173913
2018,Denmark,Midfielder,29.0,27.08695652173913
2018,Egypt,Defender,29.125,28.956521739130434
2018,Egypt,Forward,26.166666666666668,28.956521739130434
2018,Egypt,Goalkeeper,36.666666666666664,28.956521739130434
2018,Egypt,Midfielder,27.666666666666668,28.956521739130434
2018,England,Defender,27.09090909090909,26.08695652173913
2018,England,Forward,26.25,26.08695652173913
2018,England,Goalkeeper,25.0,26.08695652173913
2018,England,Midfielder,24.4,26.08695652173913
2018,France,Defender,25.0,26.08695652173913
2018,France,Forward,24.714285714285715,26.08695652173913
2018,France,Goalkeeper,30.0,26.08695652173913
2018,France,Midfielder,27.4,26.08695652173913
2018,Germany,Defender,26.125,27.08695652173913
2018,Germany,Forward,28.0,27.08695652173913
2018,Germany,Goalkeeper,28.666666666666668,27.08695652173913
2018,Germany,Midfielder,27.11111111111111,27.08695652173913
2018,Iceland,Defender,30.142857142857142,28.52173913043478
2018,Iceland,Forward,27.333333333333332,28.52173913043478
2018,Iceland,Goalkeeper,26.666666666666668,28.52173913043478
2018,Iceland,Midfielder,28.3,28.52173913043478
2018,Iran,Defender,27.0,27.26086956521739
2018,Iran,Forward,27.0,27.26086956521739
2018,Iran,Goalkeeper,26.666666666666668,27.26086956521739
2018,Iran,Midfielder,27.875,27.26086956521739
2018,Japan,Defender,27.875,28.52173913043478
2018,Japan,Forward,28.666666666666668,28.52173913043478
2018,Japan,Goalkeeper,30.0,28.52173913043478
2018,Japan,Midfielder,28.555555555555557,28.52173913043478
2018,Mexico,Defender,28.5,29.17391304347826
2018,Mexico,Forward,28.6,29.17391304347826
2018,Mexico,Goalkeeper,35.333333333333336,29.17391304347826
2018,Mexico,Midfielder,27.714285714285715,29.17391304347826
2018,Morocco,Defender,27.333333333333332,27.17391304347826
2018,Morocco,Forward,27.0,27.17391304347826
2018,Morocco,Goalkeeper,26.0,27.17391304347826
2018,Morocco,Midfielder,27.5,27.17391304347826
2018,Nigeria,Defender,25.625,26.043478260869566
2018,Nigeria,Forward,25.0,26.043478260869566
2018,Nigeria,Goalkeeper,27.333333333333332,26.043478260869566
2018,Nigeria,Midfielder,26.714285714285715,26.043478260869566
2018,Panama,Defender,28.75,28.82608695652174
2018,Panama,Forward,29.8,28.82608695652174
2018,Panama,Goalkeeper,32.666666666666664,28.82608695652174
2018,Panama,Midfielder,26.571428571428573,28.82608695652174
2018,Peru,Defender,27.625,27.47826086956522
2018,Peru,Forward,29.4,27.47826086956522
2018,Peru,Goalkeeper,29.0,27.47826086956522
2018,Peru,Midfielder,25.285714285714285,27.47826086956522
2018,Poland,Defender,29.285714285714285,28.26086956521739
2018,Poland,Forward,25.5,28.26086956521739
2018,Poland,Goalkeeper,30.666666666666668,28.26086956521739
2018,Poland,Midfielder,27.88888888888889,28.26086956521739
2018,Portugal,Defender,29.0,28.434782608695652
2018,Portugal,Forward,27.2,28.434782608695652
2018,Portugal,Goalkeeper,31.333333333333332,28.434782608695652
2018,Portugal,Midfielder,27.428571428571427,28.434782608695652
2018,Russia,Defender,31.0,28.91304347826087
2018,Russia,Forward,29.0,28.91304347826087
2018,Russia,Goalkeeper,31.333333333333332,28.91304347826087
2018,Russia,Midfielder,26.5,28.91304347826087
2018,Saudi Arabia,Defender,29.285714285714285,28.782608695652176
2018,Saudi Arabia,Forward,29.0,28.782608695652176
2018,Saudi Arabia,Goalkeeper,30.666666666666668,28.782608695652176
2018,Saudi Arabia,Midfielder,27.8,28.782608695652176
2018,Senegal,Defender,26.285714285714285,27.08695652173913
2018,Senegal,Forward,26.25,27.08695652173913
2018,Senegal,Goalkeeper,28.0,27.08695652173913
2018,Senegal,Midfielder,29.0,27.08695652173913
2018,Serbia,Defender,28.75,26.782608695652176
2018,Serbia,Forward,23.75,26.782608695652176
2018,Serbia,Goalkeeper,28.0,26.782608695652176
2018,Serbia,Midfielder,25.875,26.782608695652176
2018,South Korea,Defender,28.8,27.782608695652176
2018,South Korea,Forward,30.0,27.782608695652176
2018,South Korea,Goalkeeper,28.666666666666668,27.782608695652176
2018,South Korea,Midfielder,26.11111111111111,27.782608695652176
2018,Spain,Defender,28.75,28.434782608695652
2018,Spain,Forward,28.75,28.434782608695652
2018,Spain,Goalkeeper,29.333333333333332,28.434782608695652
2018,Spain,Midfielder,27.625,28.434782608695652
2018,Sweden,Defender,27.375,28.17391304347826
2018,Sweden,Forward,29.0,28.17391304347826
2018,Sweden,Goalkeeper,28.333333333333332,28.17391304347826
2018,Sweden,Midfielder,28.5,28.17391304347826
2018,Switzerland,Defender,27.25,27.26086956521739
2018,Switzerland,Forward,25.5,27.26086956521739
2018,Switzerland,Goalkeeper,27.333333333333332,27.26086956521739
2018,Switzerland,Midfielder,28.125,27.26086956521739
2018,Tunisia,Defender,27.0,26.47826086956522
2018,Tunisia,Forward,25.714285714285715,26.47826086956522
2018,Tunisia,Goalkeeper,28.666666666666668,26.47826086956522
2018,Tunisia,Midfielder,25.4,26.47826086956522
2018,Uruguay,Defender,28.142857142857142,28.08695652173913
2018,Uruguay,Forward,28.8,28.08695652173913
2018,Uruguay,Goalkeeper,32.0,28.08695652173913
2018,Uruguay,Midfielder,26.125,28.08695652173913
2022,Argentina,Defender,27.444444444444443,27.807692307692307
2022,Argentina,Forward,27.6,27.807692307692307
2022,Argentina,Goalkeeper,32.0,27.807692307692307
2022,Argentina,Midfielder,26.88888888888889,27.807692307692307
2022,Australia,Defender,26.0,27.23076923076923
2022,Australia,Forward,26.875,27.23076923076923
2022,Australia,Goalkeeper,33.333333333333336,27.23076923076923
2022,Australia,Midfielder,26.5,27.23076923076923
2022,Belgium,Defender,27.285714285714285,27.884615384615383
2022,Belgium,Forward,26.285714285714285,27.884615384615383
2022,Belgium,Goalkeeper,31.333333333333332,27.884615384615383
2022,Belgium,Midfielder,28.444444444444443,27.884615384615383
2022,Brazil,Defender,30.75,28.0
2022,Brazil,Forward,24.11111111111111,28.0
2022,Brazil,Goalkeeper,31.333333333333332,28.0
2022,Brazil,Midfielder,28.5,28.0
2022,Cameroon,Defender,25.875,26.384615384615383
2022,Cameroon,Forward,28.571428571428573,26.384615384615383
2022,Cameroon,Goalkeeper,24.666666666666668,26.384615384615383
2022,Cameroon,Midfielder,25.625,26.384615384615383
2022,Canada,Defender,27.0,27.076923076923077
2022,Canada,Forward,24.666666666666668,27.076923076923077
2022,Canada,Goalkeeper,28.333333333333332,27.076923076923077
2022,Canada,Midfielder,28.2,27.076923076923077
2022,Costa Rica,Defender,29.375,27.23076923076923
2022,Costa Rica,Forward,28.666666666666668,27.23076923076923
2022,Costa Rica,Goalkeeper,30.666666666666668,27.23076923076923
2022,Costa Rica,Midfielder,24.583333333333332,27.23076923076923
2022,Croatia,Defender,26.11111111111111,27.423076923076923
2022,Croatia,Forward,29.8,27.423076923076923
2022,Croatia,Goalkeeper,26.666666666666668,27.423076923076923
2022,Croatia,Midfielder,27.666666666666668,27.423076923076923
2022,Denmark,Defender,27.555555555555557,27.23076923076923
2022,Denmark,Forward,27.2,27.23076923076923
2022,Denmark,Goalkeeper,29.666666666666668,27.23076923076923
2022,Denmark,Midfielder,26.11111111111111,27.23076923076923
2022,Ecuador,Defender,24.22222222222222,25.615384615384617
2022,Ecuador,Forward,26.0,25.615384615384617
2022,Ecuador,Goalkeeper,30.666666666666668,25.615384615384617
2022,Ecuador,Midfielder,25.2,25.615384615384617
2022,England,Defender,28.22222222222222,26.53846153846154
2022,England,Forward,26.4,26.53846153846154
2022,England,Goalkeeper,27.333333333333332,26.53846153846154
2022,England,Midfielder,24.666666666666668,26.53846153846154
2022,France,Defender,24.666666666666668,26.692307692307693
2022,France,Forward,28.25,26.692307692307693
2022,France,Goalkeeper,34.0,26.692307692307693
2022,France,Midfielder,24.0,26.692307692307693
2022,Germany,Defender,26.0,26.846153846153847
2022,Germany,Forward,23.4,26.846153846153847
2022,Germany,Goalkeeper,32.666666666666664,26.846153846153847
2022,Germany,Midfielder,27.875,26.846153846153847
2022,Ghana,Defender,26.22222222222222,24.923076923076923
2022,Ghana,Forward,27.0,24.923076923076923
2022,Ghana,Goalkeeper,23.0,24.923076923076923
2022,Ghana,Midfielder,23.818181818181817,24.923076923076923
2022,Iran,Defender,28.9,28.92
2022,Iran,Forward,29.666666666666668,28.92
2022,Iran,Goalkeeper,29.0,28.92
2022,Iran,Midfielder,28.625,28.92
2022,Japan,Defender,29.22222222222222,27.807692307692307
2022,Japan,Forward,25.0,27.807692307692307
2022,Japan,Goalkeeper,34.0,27.807692307692307
2022,Japan,Midfielder,25.8,27.807692307692307
2022,Mexico,Defender,27.1,28.576923076923077
2022,Mexico,Forward,27.375,28.576923076923077
2022,Mexico,Goalkeeper,37.333333333333336,28.576923076923077
2022,Mexico,Midfielder,28.2,28.576923076923077
2022,Morocco,Defender,27.0,26.307692307692307
2022,Morocco,Forward,25.6,26.307692307692307
2022,Morocco,Goalkeeper,30.0,26.307692307692307
2022,Morocco,Midfielder,25.0,26.307692307692307
2022,Netherlands,Defender,26.11111111111111,26.692307692307693
2022,Netherlands,Forward,27.0,26.692307692307693
2022,Netherlands,Goalkeeper,30.333333333333332,26.692307692307693
2022,Netherlands,Midfielder,25.571428571428573,26.692307692307693
2022,Poland,Defender,27.625,27.03846153846154
2022,Poland,Forward,28.5,27.03846153846154
2022,Poland,Goalkeeper,28.666666666666668,27.03846153846154
2022,Poland,Midfielder,25.636363636363637,27.03846153846154
2022,Portugal,Defender,26.75,26.884615384615383
2022,Portugal,Forward,26.5,26.884615384615383
2022,Portugal,Goalkeeper,28.666666666666668,26.884615384615383
2022,Portugal,Midfielder,26.666666666666668,26.884615384615383
2022,Qatar,Defender,27.625,27.115384615384617
2022,Qatar,Forward,26.8,27.115384615384617
2022,Qatar,Goalkeeper,27.333333333333332,27.115384615384617
2022,Qatar,Midfielder,26.8,27.115384615384617
2022,Saudi Arabia,Defender,27.625,27.423076923076923
2022,Saudi Arabia,Forward,24.75,27.423076923076923
2022,Saudi Arabia,Goalkeeper,26.0,27.423076923076923
2022,Saudi Arabia,Midfielder,28.636363636363637,27.423076923076923
2022,Senegal,Defender,26.2,26.03846153846154
2022,Senegal,Forward,24.166666666666668,26.03846153846154
2022,Senegal,Goalkeeper,29.0,26.03846153846154
2022,Senegal,Midfielder,26.142857142857142,26.03846153846154
2022,Serbia,Defender,26.142857142857142,26.923076923076923
2022,Serbia,Forward,26.2,26.923076923076923
2022,Serbia,Goalkeeper,27.333333333333332,26.923076923076923
2022,Serbia,Midfielder,27.636363636363637,26.923076923076923
2022,South Korea,Defender,28.88888888888889,27.807692307692307
2022,South Korea,Forward,27.0,27.807692307692307
2022,South Korea,Goalkeeper,29.333333333333332,27.807692307692307
2022,South Korea,Midfielder,26.75,27.807692307692307
2022,Spain,Defender,26.375,25.384615384615383
2022,Spain,Forward,23.714285714285715,25.384615384615383
2022,Spain,Goalkeeper,25.666666666666668,25.384615384615383
2022,Spain,Midfielder,25.75,25.384615384615383
2022,Switzerland,Defender,28.0,27.115384615384617
2022,Switzerland,Forward,25.25,27.115384615384617
2022,Switzerland,Goalkeeper,27.75,27.115384615384617
2022,Switzerland,Midfielder,26.9,27.115384615384617
2022,Tunisia,Defender,28.25,28.076923076923077
2022,Tunisia,Forward,29.142857142857142,28.076923076923077
2022,Tunisia,Goalkeeper,30.0,28.076923076923077
2022,Tunisia,Midfielder,25.714285714285715,28.076923076923077
2022,United States,Defender,26.77777777777778,25.307692307692307
2022,United States,Forward,23.0,25.307692307692307
2022,United States,Goalkeeper,29.333333333333332,25.307692307692307
2022,United States,Midfielder,24.166666666666668,25.307692307692307
2022,Uruguay,Defender,28.555555555555557,27.846153846153847
2022,Uruguay,Forward,27.0,27.846153846153847
2022,Uruguay,Goalkeeper,33.666666666666664,27.846153846153847
2022,Uruguay,Midfielder,25.5,27.846153846153847
2022,Wales,Defender,25.77777777777778,26.53846153846154
2022,Wales,Forward,26.6,26.53846153846154
2022,Wales,Goalkeeper,31.333333333333332,26.53846153846154
2022,Wales,Midfielder,25.666666666666668,26.53846153846154
